WIDTH = 1;
DEPTH = 32768;
ADDRESS_RADIX = UNS;
DATA_RADIX    = UNS;

-- 32[CACode] x 1024 [chip](the 1024 chip for alignment) -> 1 [bits] x 32768 [word]
-- data[0]    = CACode_0, chip_0
-- data[1]    = CACode_0, chip_1
-- data[1023] = 0
-- data[1024] = CACode_1, chip_0

CONTENT BEGIN
    0 : 1;
    1 : 1;
    2 : 0;
    3 : 0;
    4 : 1;
    5 : 0;
    6 : 0;
    7 : 0;
    8 : 0;
    9 : 0;
   10 : 1;
   11 : 1;
   12 : 1;
   13 : 0;
   14 : 0;
   15 : 1;
   16 : 0;
   17 : 1;
   18 : 0;
   19 : 0;
   20 : 1;
   21 : 0;
   22 : 0;
   23 : 1;
   24 : 1;
   25 : 1;
   26 : 1;
   27 : 0;
   28 : 0;
   29 : 1;
   30 : 0;
   31 : 1;
   32 : 0;
   33 : 0;
   34 : 0;
   35 : 1;
   36 : 0;
   37 : 0;
   38 : 1;
   39 : 1;
   40 : 1;
   41 : 1;
   42 : 1;
   43 : 0;
   44 : 1;
   45 : 0;
   46 : 1;
   47 : 0;
   48 : 1;
   49 : 1;
   50 : 0;
   51 : 1;
   52 : 0;
   53 : 0;
   54 : 0;
   55 : 1;
   56 : 0;
   57 : 0;
   58 : 0;
   59 : 1;
   60 : 0;
   61 : 1;
   62 : 0;
   63 : 1;
   64 : 0;
   65 : 1;
   66 : 0;
   67 : 1;
   68 : 1;
   69 : 0;
   70 : 0;
   71 : 1;
   72 : 0;
   73 : 0;
   74 : 0;
   75 : 1;
   76 : 1;
   77 : 1;
   78 : 1;
   79 : 0;
   80 : 1;
   81 : 0;
   82 : 0;
   83 : 1;
   84 : 1;
   85 : 1;
   86 : 1;
   87 : 1;
   88 : 1;
   89 : 0;
   90 : 1;
   91 : 1;
   92 : 0;
   93 : 1;
   94 : 1;
   95 : 1;
   96 : 0;
   97 : 0;
   98 : 1;
   99 : 1;
  100 : 0;
  101 : 1;
  102 : 1;
  103 : 1;
  104 : 1;
  105 : 1;
  106 : 0;
  107 : 0;
  108 : 1;
  109 : 0;
  110 : 1;
  111 : 0;
  112 : 1;
  113 : 0;
  114 : 1;
  115 : 0;
  116 : 0;
  117 : 0;
  118 : 0;
  119 : 1;
  120 : 0;
  121 : 0;
  122 : 0;
  123 : 0;
  124 : 0;
  125 : 0;
  126 : 0;
  127 : 0;
  128 : 1;
  129 : 1;
  130 : 1;
  131 : 0;
  132 : 1;
  133 : 0;
  134 : 1;
  135 : 0;
  136 : 0;
  137 : 1;
  138 : 0;
  139 : 0;
  140 : 0;
  141 : 1;
  142 : 0;
  143 : 0;
  144 : 1;
  145 : 1;
  146 : 0;
  147 : 1;
  148 : 1;
  149 : 1;
  150 : 1;
  151 : 0;
  152 : 0;
  153 : 0;
  154 : 0;
  155 : 0;
  156 : 1;
  157 : 1;
  158 : 1;
  159 : 1;
  160 : 0;
  161 : 1;
  162 : 0;
  163 : 1;
  164 : 1;
  165 : 1;
  166 : 0;
  167 : 0;
  168 : 1;
  169 : 1;
  170 : 0;
  171 : 0;
  172 : 1;
  173 : 1;
  174 : 1;
  175 : 1;
  176 : 0;
  177 : 1;
  178 : 1;
  179 : 0;
  180 : 0;
  181 : 0;
  182 : 0;
  183 : 0;
  184 : 0;
  185 : 0;
  186 : 1;
  187 : 0;
  188 : 1;
  189 : 1;
  190 : 1;
  191 : 1;
  192 : 0;
  193 : 0;
  194 : 1;
  195 : 1;
  196 : 1;
  197 : 1;
  198 : 1;
  199 : 0;
  200 : 1;
  201 : 0;
  202 : 1;
  203 : 0;
  204 : 0;
  205 : 1;
  206 : 1;
  207 : 0;
  208 : 0;
  209 : 0;
  210 : 1;
  211 : 0;
  212 : 1;
  213 : 1;
  214 : 0;
  215 : 1;
  216 : 1;
  217 : 1;
  218 : 0;
  219 : 0;
  220 : 0;
  221 : 1;
  222 : 1;
  223 : 0;
  224 : 1;
  225 : 1;
  226 : 1;
  227 : 1;
  228 : 0;
  229 : 1;
  230 : 0;
  231 : 1;
  232 : 0;
  233 : 0;
  234 : 0;
  235 : 1;
  236 : 0;
  237 : 1;
  238 : 0;
  239 : 1;
  240 : 1;
  241 : 0;
  242 : 0;
  243 : 0;
  244 : 0;
  245 : 0;
  246 : 1;
  247 : 0;
  248 : 0;
  249 : 0;
  250 : 0;
  251 : 0;
  252 : 0;
  253 : 0;
  254 : 0;
  255 : 1;
  256 : 0;
  257 : 0;
  258 : 0;
  259 : 0;
  260 : 0;
  261 : 0;
  262 : 1;
  263 : 1;
  264 : 0;
  265 : 0;
  266 : 0;
  267 : 1;
  268 : 1;
  269 : 1;
  270 : 0;
  271 : 1;
  272 : 1;
  273 : 0;
  274 : 0;
  275 : 0;
  276 : 0;
  277 : 0;
  278 : 0;
  279 : 1;
  280 : 1;
  281 : 1;
  282 : 0;
  283 : 0;
  284 : 0;
  285 : 1;
  286 : 1;
  287 : 0;
  288 : 1;
  289 : 1;
  290 : 1;
  291 : 1;
  292 : 1;
  293 : 1;
  294 : 1;
  295 : 1;
  296 : 1;
  297 : 0;
  298 : 1;
  299 : 0;
  300 : 0;
  301 : 1;
  302 : 1;
  303 : 1;
  304 : 0;
  305 : 1;
  306 : 0;
  307 : 0;
  308 : 1;
  309 : 0;
  310 : 1;
  311 : 1;
  312 : 0;
  313 : 1;
  314 : 1;
  315 : 0;
  316 : 0;
  317 : 0;
  318 : 0;
  319 : 1;
  320 : 0;
  321 : 1;
  322 : 0;
  323 : 1;
  324 : 0;
  325 : 1;
  326 : 1;
  327 : 0;
  328 : 0;
  329 : 0;
  330 : 1;
  331 : 0;
  332 : 0;
  333 : 1;
  334 : 1;
  335 : 1;
  336 : 0;
  337 : 0;
  338 : 1;
  339 : 0;
  340 : 1;
  341 : 1;
  342 : 0;
  343 : 1;
  344 : 1;
  345 : 1;
  346 : 0;
  347 : 1;
  348 : 1;
  349 : 0;
  350 : 0;
  351 : 0;
  352 : 1;
  353 : 1;
  354 : 1;
  355 : 0;
  356 : 1;
  357 : 1;
  358 : 1;
  359 : 0;
  360 : 1;
  361 : 1;
  362 : 1;
  363 : 1;
  364 : 0;
  365 : 0;
  366 : 0;
  367 : 0;
  368 : 1;
  369 : 1;
  370 : 0;
  371 : 1;
  372 : 1;
  373 : 0;
  374 : 0;
  375 : 0;
  376 : 0;
  377 : 1;
  378 : 1;
  379 : 0;
  380 : 0;
  381 : 1;
  382 : 0;
  383 : 0;
  384 : 1;
  385 : 0;
  386 : 0;
  387 : 1;
  388 : 0;
  389 : 0;
  390 : 0;
  391 : 0;
  392 : 0;
  393 : 1;
  394 : 1;
  395 : 0;
  396 : 1;
  397 : 1;
  398 : 0;
  399 : 1;
  400 : 0;
  401 : 0;
  402 : 1;
  403 : 0;
  404 : 1;
  405 : 1;
  406 : 0;
  407 : 1;
  408 : 1;
  409 : 1;
  410 : 1;
  411 : 0;
  412 : 0;
  413 : 0;
  414 : 1;
  415 : 0;
  416 : 1;
  417 : 1;
  418 : 1;
  419 : 0;
  420 : 0;
  421 : 0;
  422 : 0;
  423 : 0;
  424 : 0;
  425 : 1;
  426 : 0;
  427 : 1;
  428 : 0;
  429 : 0;
  430 : 1;
  431 : 0;
  432 : 0;
  433 : 1;
  434 : 1;
  435 : 1;
  436 : 1;
  437 : 1;
  438 : 1;
  439 : 0;
  440 : 0;
  441 : 0;
  442 : 0;
  443 : 0;
  444 : 1;
  445 : 0;
  446 : 1;
  447 : 0;
  448 : 1;
  449 : 0;
  450 : 1;
  451 : 1;
  452 : 1;
  453 : 0;
  454 : 0;
  455 : 1;
  456 : 1;
  457 : 1;
  458 : 1;
  459 : 1;
  460 : 0;
  461 : 1;
  462 : 0;
  463 : 1;
  464 : 1;
  465 : 1;
  466 : 1;
  467 : 1;
  468 : 0;
  469 : 0;
  470 : 1;
  471 : 1;
  472 : 0;
  473 : 0;
  474 : 1;
  475 : 1;
  476 : 0;
  477 : 0;
  478 : 0;
  479 : 1;
  480 : 1;
  481 : 1;
  482 : 0;
  483 : 0;
  484 : 0;
  485 : 1;
  486 : 1;
  487 : 0;
  488 : 1;
  489 : 1;
  490 : 0;
  491 : 1;
  492 : 0;
  493 : 1;
  494 : 0;
  495 : 1;
  496 : 0;
  497 : 1;
  498 : 1;
  499 : 0;
  500 : 1;
  501 : 1;
  502 : 0;
  503 : 0;
  504 : 0;
  505 : 1;
  506 : 1;
  507 : 0;
  508 : 1;
  509 : 1;
  510 : 1;
  511 : 0;
  512 : 1;
  513 : 1;
  514 : 1;
  515 : 0;
  516 : 0;
  517 : 0;
  518 : 0;
  519 : 0;
  520 : 0;
  521 : 0;
  522 : 0;
  523 : 0;
  524 : 0;
  525 : 0;
  526 : 1;
  527 : 0;
  528 : 1;
  529 : 1;
  530 : 0;
  531 : 0;
  532 : 1;
  533 : 1;
  534 : 0;
  535 : 1;
  536 : 1;
  537 : 0;
  538 : 0;
  539 : 1;
  540 : 1;
  541 : 1;
  542 : 0;
  543 : 1;
  544 : 1;
  545 : 0;
  546 : 1;
  547 : 0;
  548 : 0;
  549 : 0;
  550 : 0;
  551 : 0;
  552 : 1;
  553 : 0;
  554 : 1;
  555 : 0;
  556 : 1;
  557 : 0;
  558 : 1;
  559 : 1;
  560 : 1;
  561 : 0;
  562 : 1;
  563 : 0;
  564 : 1;
  565 : 1;
  566 : 1;
  567 : 0;
  568 : 1;
  569 : 0;
  570 : 0;
  571 : 1;
  572 : 0;
  573 : 1;
  574 : 0;
  575 : 0;
  576 : 0;
  577 : 1;
  578 : 1;
  579 : 1;
  580 : 0;
  581 : 0;
  582 : 1;
  583 : 1;
  584 : 1;
  585 : 0;
  586 : 0;
  587 : 0;
  588 : 1;
  589 : 0;
  590 : 0;
  591 : 1;
  592 : 0;
  593 : 1;
  594 : 0;
  595 : 0;
  596 : 0;
  597 : 1;
  598 : 0;
  599 : 1;
  600 : 0;
  601 : 0;
  602 : 1;
  603 : 0;
  604 : 1;
  605 : 1;
  606 : 0;
  607 : 1;
  608 : 0;
  609 : 0;
  610 : 0;
  611 : 0;
  612 : 1;
  613 : 0;
  614 : 1;
  615 : 0;
  616 : 1;
  617 : 1;
  618 : 0;
  619 : 1;
  620 : 1;
  621 : 0;
  622 : 1;
  623 : 0;
  624 : 1;
  625 : 1;
  626 : 0;
  627 : 1;
  628 : 1;
  629 : 0;
  630 : 0;
  631 : 0;
  632 : 1;
  633 : 1;
  634 : 1;
  635 : 0;
  636 : 0;
  637 : 1;
  638 : 1;
  639 : 1;
  640 : 1;
  641 : 0;
  642 : 1;
  643 : 1;
  644 : 0;
  645 : 0;
  646 : 1;
  647 : 0;
  648 : 0;
  649 : 0;
  650 : 0;
  651 : 1;
  652 : 1;
  653 : 1;
  654 : 1;
  655 : 1;
  656 : 1;
  657 : 0;
  658 : 0;
  659 : 1;
  660 : 0;
  661 : 1;
  662 : 1;
  663 : 0;
  664 : 1;
  665 : 0;
  666 : 0;
  667 : 0;
  668 : 1;
  669 : 0;
  670 : 0;
  671 : 0;
  672 : 0;
  673 : 1;
  674 : 1;
  675 : 1;
  676 : 1;
  677 : 1;
  678 : 0;
  679 : 1;
  680 : 0;
  681 : 1;
  682 : 0;
  683 : 1;
  684 : 1;
  685 : 1;
  686 : 0;
  687 : 0;
  688 : 1;
  689 : 1;
  690 : 0;
  691 : 0;
  692 : 1;
  693 : 0;
  694 : 0;
  695 : 1;
  696 : 0;
  697 : 0;
  698 : 1;
  699 : 0;
  700 : 0;
  701 : 1;
  702 : 0;
  703 : 1;
  704 : 1;
  705 : 1;
  706 : 1;
  707 : 1;
  708 : 1;
  709 : 1;
  710 : 1;
  711 : 1;
  712 : 1;
  713 : 0;
  714 : 0;
  715 : 0;
  716 : 0;
  717 : 1;
  718 : 1;
  719 : 1;
  720 : 1;
  721 : 1;
  722 : 0;
  723 : 1;
  724 : 1;
  725 : 1;
  726 : 1;
  727 : 0;
  728 : 0;
  729 : 0;
  730 : 1;
  731 : 1;
  732 : 0;
  733 : 1;
  734 : 1;
  735 : 1;
  736 : 0;
  737 : 0;
  738 : 1;
  739 : 0;
  740 : 1;
  741 : 1;
  742 : 0;
  743 : 0;
  744 : 0;
  745 : 0;
  746 : 1;
  747 : 1;
  748 : 1;
  749 : 0;
  750 : 0;
  751 : 1;
  752 : 0;
  753 : 1;
  754 : 0;
  755 : 1;
  756 : 0;
  757 : 0;
  758 : 0;
  759 : 0;
  760 : 1;
  761 : 0;
  762 : 1;
  763 : 0;
  764 : 0;
  765 : 1;
  766 : 0;
  767 : 1;
  768 : 0;
  769 : 1;
  770 : 1;
  771 : 1;
  772 : 1;
  773 : 1;
  774 : 1;
  775 : 0;
  776 : 0;
  777 : 0;
  778 : 1;
  779 : 1;
  780 : 1;
  781 : 1;
  782 : 0;
  783 : 1;
  784 : 1;
  785 : 0;
  786 : 1;
  787 : 0;
  788 : 0;
  789 : 1;
  790 : 1;
  791 : 1;
  792 : 0;
  793 : 1;
  794 : 1;
  795 : 0;
  796 : 0;
  797 : 1;
  798 : 1;
  799 : 1;
  800 : 1;
  801 : 1;
  802 : 1;
  803 : 0;
  804 : 1;
  805 : 1;
  806 : 1;
  807 : 1;
  808 : 1;
  809 : 0;
  810 : 1;
  811 : 0;
  812 : 0;
  813 : 0;
  814 : 1;
  815 : 1;
  816 : 0;
  817 : 0;
  818 : 0;
  819 : 1;
  820 : 1;
  821 : 1;
  822 : 1;
  823 : 1;
  824 : 0;
  825 : 0;
  826 : 0;
  827 : 0;
  828 : 0;
  829 : 0;
  830 : 0;
  831 : 1;
  832 : 0;
  833 : 0;
  834 : 1;
  835 : 0;
  836 : 1;
  837 : 0;
  838 : 0;
  839 : 0;
  840 : 1;
  841 : 0;
  842 : 1;
  843 : 1;
  844 : 0;
  845 : 1;
  846 : 0;
  847 : 0;
  848 : 0;
  849 : 1;
  850 : 0;
  851 : 0;
  852 : 0;
  853 : 1;
  854 : 0;
  855 : 0;
  856 : 1;
  857 : 1;
  858 : 0;
  859 : 1;
  860 : 1;
  861 : 0;
  862 : 0;
  863 : 0;
  864 : 0;
  865 : 0;
  866 : 0;
  867 : 1;
  868 : 1;
  869 : 1;
  870 : 0;
  871 : 1;
  872 : 1;
  873 : 0;
  874 : 1;
  875 : 0;
  876 : 0;
  877 : 0;
  878 : 1;
  879 : 1;
  880 : 0;
  881 : 1;
  882 : 0;
  883 : 0;
  884 : 0;
  885 : 1;
  886 : 0;
  887 : 0;
  888 : 1;
  889 : 0;
  890 : 0;
  891 : 0;
  892 : 1;
  893 : 1;
  894 : 1;
  895 : 0;
  896 : 0;
  897 : 0;
  898 : 1;
  899 : 0;
  900 : 1;
  901 : 1;
  902 : 0;
  903 : 0;
  904 : 1;
  905 : 1;
  906 : 0;
  907 : 0;
  908 : 1;
  909 : 0;
  910 : 0;
  911 : 1;
  912 : 1;
  913 : 1;
  914 : 1;
  915 : 0;
  916 : 0;
  917 : 1;
  918 : 1;
  919 : 0;
  920 : 1;
  921 : 1;
  922 : 1;
  923 : 1;
  924 : 1;
  925 : 1;
  926 : 0;
  927 : 0;
  928 : 1;
  929 : 1;
  930 : 0;
  931 : 0;
  932 : 1;
  933 : 0;
  934 : 1;
  935 : 0;
  936 : 0;
  937 : 1;
  938 : 1;
  939 : 0;
  940 : 1;
  941 : 0;
  942 : 0;
  943 : 1;
  944 : 1;
  945 : 0;
  946 : 1;
  947 : 0;
  948 : 1;
  949 : 1;
  950 : 1;
  951 : 1;
  952 : 0;
  953 : 0;
  954 : 1;
  955 : 1;
  956 : 0;
  957 : 1;
  958 : 1;
  959 : 0;
  960 : 1;
  961 : 0;
  962 : 1;
  963 : 0;
  964 : 0;
  965 : 1;
  966 : 1;
  967 : 1;
  968 : 0;
  969 : 1;
  970 : 1;
  971 : 1;
  972 : 1;
  973 : 0;
  974 : 0;
  975 : 0;
  976 : 1;
  977 : 1;
  978 : 0;
  979 : 1;
  980 : 0;
  981 : 1;
  982 : 0;
  983 : 0;
  984 : 0;
  985 : 1;
  986 : 0;
  987 : 0;
  988 : 0;
  989 : 0;
  990 : 1;
  991 : 0;
  992 : 0;
  993 : 0;
  994 : 1;
  995 : 0;
  996 : 0;
  997 : 1;
  998 : 0;
  999 : 0;
 1000 : 1;
 1001 : 1;
 1002 : 1;
 1003 : 0;
 1004 : 0;
 1005 : 0;
 1006 : 0;
 1007 : 1;
 1008 : 1;
 1009 : 1;
 1010 : 0;
 1011 : 0;
 1012 : 1;
 1013 : 0;
 1014 : 1;
 1015 : 0;
 1016 : 0;
 1017 : 0;
 1018 : 1;
 1019 : 0;
 1020 : 0;
 1021 : 0;
 1022 : 0;
 1023 : 0;
 1024 : 1;
 1025 : 1;
 1026 : 1;
 1027 : 0;
 1028 : 0;
 1029 : 1;
 1030 : 0;
 1031 : 0;
 1032 : 0;
 1033 : 0;
 1034 : 1;
 1035 : 1;
 1036 : 1;
 1037 : 0;
 1038 : 0;
 1039 : 0;
 1040 : 0;
 1041 : 0;
 1042 : 1;
 1043 : 1;
 1044 : 1;
 1045 : 1;
 1046 : 1;
 1047 : 0;
 1048 : 1;
 1049 : 0;
 1050 : 0;
 1051 : 1;
 1052 : 1;
 1053 : 0;
 1054 : 0;
 1055 : 1;
 1056 : 0;
 1057 : 1;
 1058 : 1;
 1059 : 0;
 1060 : 1;
 1061 : 1;
 1062 : 1;
 1063 : 1;
 1064 : 1;
 1065 : 1;
 1066 : 0;
 1067 : 0;
 1068 : 1;
 1069 : 0;
 1070 : 1;
 1071 : 1;
 1072 : 0;
 1073 : 0;
 1074 : 1;
 1075 : 0;
 1076 : 1;
 1077 : 1;
 1078 : 1;
 1079 : 1;
 1080 : 1;
 1081 : 1;
 1082 : 1;
 1083 : 1;
 1084 : 0;
 1085 : 1;
 1086 : 0;
 1087 : 0;
 1088 : 1;
 1089 : 0;
 1090 : 1;
 1091 : 1;
 1092 : 0;
 1093 : 0;
 1094 : 0;
 1095 : 0;
 1096 : 1;
 1097 : 0;
 1098 : 0;
 1099 : 0;
 1100 : 1;
 1101 : 0;
 1102 : 0;
 1103 : 0;
 1104 : 1;
 1105 : 0;
 1106 : 1;
 1107 : 1;
 1108 : 0;
 1109 : 0;
 1110 : 0;
 1111 : 1;
 1112 : 1;
 1113 : 1;
 1114 : 1;
 1115 : 0;
 1116 : 0;
 1117 : 0;
 1118 : 1;
 1119 : 1;
 1120 : 0;
 1121 : 0;
 1122 : 0;
 1123 : 0;
 1124 : 0;
 1125 : 1;
 1126 : 1;
 1127 : 0;
 1128 : 0;
 1129 : 1;
 1130 : 1;
 1131 : 1;
 1132 : 0;
 1133 : 0;
 1134 : 0;
 1135 : 0;
 1136 : 1;
 1137 : 0;
 1138 : 0;
 1139 : 0;
 1140 : 1;
 1141 : 1;
 1142 : 1;
 1143 : 0;
 1144 : 0;
 1145 : 0;
 1146 : 1;
 1147 : 0;
 1148 : 0;
 1149 : 0;
 1150 : 1;
 1151 : 1;
 1152 : 1;
 1153 : 0;
 1154 : 1;
 1155 : 0;
 1156 : 0;
 1157 : 1;
 1158 : 1;
 1159 : 1;
 1160 : 1;
 1161 : 0;
 1162 : 0;
 1163 : 0;
 1164 : 0;
 1165 : 0;
 1166 : 1;
 1167 : 0;
 1168 : 1;
 1169 : 1;
 1170 : 0;
 1171 : 1;
 1172 : 0;
 1173 : 0;
 1174 : 0;
 1175 : 0;
 1176 : 1;
 1177 : 1;
 1178 : 0;
 1179 : 1;
 1180 : 0;
 1181 : 0;
 1182 : 1;
 1183 : 0;
 1184 : 1;
 1185 : 1;
 1186 : 1;
 1187 : 1;
 1188 : 0;
 1189 : 0;
 1190 : 0;
 1191 : 0;
 1192 : 1;
 1193 : 1;
 1194 : 1;
 1195 : 0;
 1196 : 0;
 1197 : 0;
 1198 : 0;
 1199 : 0;
 1200 : 1;
 1201 : 1;
 1202 : 1;
 1203 : 1;
 1204 : 1;
 1205 : 0;
 1206 : 0;
 1207 : 0;
 1208 : 1;
 1209 : 1;
 1210 : 0;
 1211 : 1;
 1212 : 1;
 1213 : 1;
 1214 : 0;
 1215 : 0;
 1216 : 1;
 1217 : 1;
 1218 : 0;
 1219 : 0;
 1220 : 0;
 1221 : 1;
 1222 : 1;
 1223 : 0;
 1224 : 1;
 1225 : 0;
 1226 : 1;
 1227 : 1;
 1228 : 1;
 1229 : 0;
 1230 : 0;
 1231 : 0;
 1232 : 0;
 1233 : 0;
 1234 : 0;
 1235 : 0;
 1236 : 1;
 1237 : 1;
 1238 : 1;
 1239 : 1;
 1240 : 0;
 1241 : 0;
 1242 : 0;
 1243 : 1;
 1244 : 1;
 1245 : 0;
 1246 : 1;
 1247 : 0;
 1248 : 0;
 1249 : 0;
 1250 : 1;
 1251 : 0;
 1252 : 1;
 1253 : 1;
 1254 : 1;
 1255 : 0;
 1256 : 0;
 1257 : 1;
 1258 : 0;
 1259 : 0;
 1260 : 0;
 1261 : 1;
 1262 : 1;
 1263 : 0;
 1264 : 0;
 1265 : 1;
 1266 : 1;
 1267 : 0;
 1268 : 0;
 1269 : 1;
 1270 : 1;
 1271 : 0;
 1272 : 1;
 1273 : 1;
 1274 : 0;
 1275 : 1;
 1276 : 0;
 1277 : 0;
 1278 : 1;
 1279 : 1;
 1280 : 0;
 1281 : 0;
 1282 : 0;
 1283 : 0;
 1284 : 0;
 1285 : 1;
 1286 : 0;
 1287 : 1;
 1288 : 1;
 1289 : 1;
 1290 : 1;
 1291 : 0;
 1292 : 0;
 1293 : 0;
 1294 : 1;
 1295 : 0;
 1296 : 0;
 1297 : 1;
 1298 : 0;
 1299 : 0;
 1300 : 1;
 1301 : 0;
 1302 : 1;
 1303 : 0;
 1304 : 1;
 1305 : 0;
 1306 : 0;
 1307 : 0;
 1308 : 1;
 1309 : 1;
 1310 : 0;
 1311 : 0;
 1312 : 0;
 1313 : 0;
 1314 : 0;
 1315 : 0;
 1316 : 1;
 1317 : 0;
 1318 : 1;
 1319 : 0;
 1320 : 1;
 1321 : 0;
 1322 : 1;
 1323 : 0;
 1324 : 0;
 1325 : 0;
 1326 : 0;
 1327 : 0;
 1328 : 1;
 1329 : 0;
 1330 : 0;
 1331 : 1;
 1332 : 1;
 1333 : 1;
 1334 : 1;
 1335 : 0;
 1336 : 0;
 1337 : 0;
 1338 : 0;
 1339 : 0;
 1340 : 1;
 1341 : 0;
 1342 : 0;
 1343 : 1;
 1344 : 0;
 1345 : 1;
 1346 : 1;
 1347 : 1;
 1348 : 1;
 1349 : 1;
 1350 : 1;
 1351 : 1;
 1352 : 1;
 1353 : 1;
 1354 : 1;
 1355 : 1;
 1356 : 1;
 1357 : 0;
 1358 : 1;
 1359 : 1;
 1360 : 1;
 1361 : 0;
 1362 : 1;
 1363 : 0;
 1364 : 1;
 1365 : 0;
 1366 : 1;
 1367 : 1;
 1368 : 0;
 1369 : 1;
 1370 : 0;
 1371 : 1;
 1372 : 0;
 1373 : 1;
 1374 : 0;
 1375 : 0;
 1376 : 0;
 1377 : 0;
 1378 : 0;
 1379 : 1;
 1380 : 0;
 1381 : 1;
 1382 : 0;
 1383 : 1;
 1384 : 0;
 1385 : 0;
 1386 : 1;
 1387 : 0;
 1388 : 1;
 1389 : 0;
 1390 : 1;
 1391 : 0;
 1392 : 1;
 1393 : 0;
 1394 : 1;
 1395 : 0;
 1396 : 0;
 1397 : 0;
 1398 : 0;
 1399 : 1;
 1400 : 0;
 1401 : 0;
 1402 : 1;
 1403 : 0;
 1404 : 0;
 1405 : 0;
 1406 : 1;
 1407 : 1;
 1408 : 0;
 1409 : 0;
 1410 : 1;
 1411 : 0;
 1412 : 0;
 1413 : 0;
 1414 : 0;
 1415 : 1;
 1416 : 0;
 1417 : 1;
 1418 : 0;
 1419 : 0;
 1420 : 0;
 1421 : 0;
 1422 : 1;
 1423 : 0;
 1424 : 0;
 1425 : 1;
 1426 : 0;
 1427 : 1;
 1428 : 0;
 1429 : 0;
 1430 : 1;
 1431 : 1;
 1432 : 0;
 1433 : 1;
 1434 : 1;
 1435 : 1;
 1436 : 0;
 1437 : 0;
 1438 : 0;
 1439 : 0;
 1440 : 0;
 1441 : 0;
 1442 : 1;
 1443 : 1;
 1444 : 1;
 1445 : 0;
 1446 : 0;
 1447 : 1;
 1448 : 0;
 1449 : 1;
 1450 : 0;
 1451 : 1;
 1452 : 0;
 1453 : 1;
 1454 : 0;
 1455 : 0;
 1456 : 1;
 1457 : 1;
 1458 : 0;
 1459 : 1;
 1460 : 1;
 1461 : 1;
 1462 : 0;
 1463 : 0;
 1464 : 0;
 1465 : 0;
 1466 : 0;
 1467 : 1;
 1468 : 1;
 1469 : 1;
 1470 : 1;
 1471 : 0;
 1472 : 1;
 1473 : 1;
 1474 : 1;
 1475 : 0;
 1476 : 1;
 1477 : 1;
 1478 : 0;
 1479 : 0;
 1480 : 0;
 1481 : 0;
 1482 : 0;
 1483 : 0;
 1484 : 1;
 1485 : 0;
 1486 : 0;
 1487 : 0;
 1488 : 1;
 1489 : 0;
 1490 : 0;
 1491 : 0;
 1492 : 1;
 1493 : 0;
 1494 : 1;
 1495 : 1;
 1496 : 0;
 1497 : 1;
 1498 : 0;
 1499 : 1;
 1500 : 1;
 1501 : 1;
 1502 : 0;
 1503 : 0;
 1504 : 1;
 1505 : 1;
 1506 : 0;
 1507 : 1;
 1508 : 0;
 1509 : 1;
 1510 : 0;
 1511 : 0;
 1512 : 1;
 1513 : 0;
 1514 : 0;
 1515 : 1;
 1516 : 1;
 1517 : 0;
 1518 : 0;
 1519 : 1;
 1520 : 0;
 1521 : 0;
 1522 : 1;
 1523 : 1;
 1524 : 1;
 1525 : 0;
 1526 : 1;
 1527 : 1;
 1528 : 0;
 1529 : 1;
 1530 : 1;
 1531 : 1;
 1532 : 1;
 1533 : 1;
 1534 : 0;
 1535 : 1;
 1536 : 0;
 1537 : 1;
 1538 : 1;
 1539 : 0;
 1540 : 0;
 1541 : 0;
 1542 : 0;
 1543 : 0;
 1544 : 1;
 1545 : 0;
 1546 : 0;
 1547 : 1;
 1548 : 0;
 1549 : 1;
 1550 : 1;
 1551 : 1;
 1552 : 1;
 1553 : 0;
 1554 : 0;
 1555 : 1;
 1556 : 1;
 1557 : 1;
 1558 : 0;
 1559 : 0;
 1560 : 0;
 1561 : 0;
 1562 : 1;
 1563 : 0;
 1564 : 1;
 1565 : 1;
 1566 : 0;
 1567 : 0;
 1568 : 0;
 1569 : 0;
 1570 : 1;
 1571 : 1;
 1572 : 0;
 1573 : 1;
 1574 : 0;
 1575 : 0;
 1576 : 0;
 1577 : 1;
 1578 : 1;
 1579 : 0;
 1580 : 1;
 1581 : 0;
 1582 : 1;
 1583 : 1;
 1584 : 0;
 1585 : 0;
 1586 : 0;
 1587 : 0;
 1588 : 0;
 1589 : 0;
 1590 : 1;
 1591 : 0;
 1592 : 0;
 1593 : 1;
 1594 : 0;
 1595 : 1;
 1596 : 1;
 1597 : 1;
 1598 : 0;
 1599 : 1;
 1600 : 1;
 1601 : 0;
 1602 : 0;
 1603 : 0;
 1604 : 1;
 1605 : 0;
 1606 : 1;
 1607 : 0;
 1608 : 0;
 1609 : 1;
 1610 : 0;
 1611 : 1;
 1612 : 1;
 1613 : 0;
 1614 : 1;
 1615 : 1;
 1616 : 1;
 1617 : 0;
 1618 : 1;
 1619 : 0;
 1620 : 0;
 1621 : 1;
 1622 : 0;
 1623 : 1;
 1624 : 1;
 1625 : 0;
 1626 : 1;
 1627 : 1;
 1628 : 0;
 1629 : 0;
 1630 : 1;
 1631 : 1;
 1632 : 1;
 1633 : 1;
 1634 : 1;
 1635 : 0;
 1636 : 0;
 1637 : 0;
 1638 : 0;
 1639 : 0;
 1640 : 1;
 1641 : 0;
 1642 : 0;
 1643 : 0;
 1644 : 1;
 1645 : 0;
 1646 : 0;
 1647 : 0;
 1648 : 1;
 1649 : 0;
 1650 : 1;
 1651 : 0;
 1652 : 1;
 1653 : 1;
 1654 : 0;
 1655 : 1;
 1656 : 0;
 1657 : 0;
 1658 : 1;
 1659 : 0;
 1660 : 1;
 1661 : 0;
 1662 : 0;
 1663 : 0;
 1664 : 1;
 1665 : 1;
 1666 : 1;
 1667 : 0;
 1668 : 1;
 1669 : 0;
 1670 : 0;
 1671 : 1;
 1672 : 1;
 1673 : 1;
 1674 : 0;
 1675 : 1;
 1676 : 1;
 1677 : 0;
 1678 : 0;
 1679 : 1;
 1680 : 0;
 1681 : 0;
 1682 : 1;
 1683 : 0;
 1684 : 0;
 1685 : 0;
 1686 : 1;
 1687 : 1;
 1688 : 1;
 1689 : 1;
 1690 : 1;
 1691 : 0;
 1692 : 1;
 1693 : 0;
 1694 : 1;
 1695 : 1;
 1696 : 1;
 1697 : 1;
 1698 : 1;
 1699 : 0;
 1700 : 1;
 1701 : 1;
 1702 : 1;
 1703 : 1;
 1704 : 0;
 1705 : 1;
 1706 : 1;
 1707 : 0;
 1708 : 0;
 1709 : 0;
 1710 : 1;
 1711 : 1;
 1712 : 1;
 1713 : 0;
 1714 : 1;
 1715 : 0;
 1716 : 1;
 1717 : 1;
 1718 : 1;
 1719 : 0;
 1720 : 1;
 1721 : 0;
 1722 : 1;
 1723 : 0;
 1724 : 0;
 1725 : 1;
 1726 : 1;
 1727 : 0;
 1728 : 1;
 1729 : 1;
 1730 : 1;
 1731 : 1;
 1732 : 0;
 1733 : 0;
 1734 : 1;
 1735 : 1;
 1736 : 0;
 1737 : 1;
 1738 : 0;
 1739 : 1;
 1740 : 0;
 1741 : 0;
 1742 : 1;
 1743 : 0;
 1744 : 1;
 1745 : 1;
 1746 : 1;
 1747 : 0;
 1748 : 1;
 1749 : 0;
 1750 : 1;
 1751 : 1;
 1752 : 1;
 1753 : 1;
 1754 : 0;
 1755 : 0;
 1756 : 0;
 1757 : 0;
 1758 : 0;
 1759 : 1;
 1760 : 1;
 1761 : 1;
 1762 : 1;
 1763 : 0;
 1764 : 1;
 1765 : 1;
 1766 : 1;
 1767 : 1;
 1768 : 1;
 1769 : 0;
 1770 : 1;
 1771 : 1;
 1772 : 0;
 1773 : 1;
 1774 : 1;
 1775 : 1;
 1776 : 1;
 1777 : 0;
 1778 : 1;
 1779 : 0;
 1780 : 0;
 1781 : 0;
 1782 : 1;
 1783 : 1;
 1784 : 1;
 1785 : 1;
 1786 : 1;
 1787 : 0;
 1788 : 0;
 1789 : 1;
 1790 : 1;
 1791 : 0;
 1792 : 1;
 1793 : 1;
 1794 : 0;
 1795 : 1;
 1796 : 1;
 1797 : 1;
 1798 : 1;
 1799 : 0;
 1800 : 0;
 1801 : 0;
 1802 : 1;
 1803 : 0;
 1804 : 0;
 1805 : 0;
 1806 : 0;
 1807 : 1;
 1808 : 0;
 1809 : 1;
 1810 : 1;
 1811 : 0;
 1812 : 1;
 1813 : 0;
 1814 : 1;
 1815 : 1;
 1816 : 0;
 1817 : 1;
 1818 : 0;
 1819 : 0;
 1820 : 0;
 1821 : 0;
 1822 : 1;
 1823 : 1;
 1824 : 1;
 1825 : 1;
 1826 : 0;
 1827 : 0;
 1828 : 1;
 1829 : 1;
 1830 : 0;
 1831 : 0;
 1832 : 1;
 1833 : 0;
 1834 : 1;
 1835 : 1;
 1836 : 0;
 1837 : 0;
 1838 : 1;
 1839 : 1;
 1840 : 0;
 1841 : 0;
 1842 : 0;
 1843 : 0;
 1844 : 0;
 1845 : 1;
 1846 : 1;
 1847 : 0;
 1848 : 0;
 1849 : 0;
 1850 : 0;
 1851 : 1;
 1852 : 0;
 1853 : 0;
 1854 : 0;
 1855 : 0;
 1856 : 1;
 1857 : 1;
 1858 : 1;
 1859 : 1;
 1860 : 1;
 1861 : 1;
 1862 : 0;
 1863 : 1;
 1864 : 0;
 1865 : 1;
 1866 : 1;
 1867 : 0;
 1868 : 0;
 1869 : 1;
 1870 : 1;
 1871 : 1;
 1872 : 1;
 1873 : 1;
 1874 : 0;
 1875 : 1;
 1876 : 0;
 1877 : 0;
 1878 : 1;
 1879 : 1;
 1880 : 0;
 1881 : 0;
 1882 : 1;
 1883 : 1;
 1884 : 1;
 1885 : 0;
 1886 : 1;
 1887 : 0;
 1888 : 1;
 1889 : 0;
 1890 : 0;
 1891 : 0;
 1892 : 1;
 1893 : 0;
 1894 : 1;
 1895 : 1;
 1896 : 1;
 1897 : 1;
 1898 : 0;
 1899 : 1;
 1900 : 0;
 1901 : 0;
 1902 : 0;
 1903 : 0;
 1904 : 1;
 1905 : 1;
 1906 : 0;
 1907 : 0;
 1908 : 1;
 1909 : 1;
 1910 : 1;
 1911 : 1;
 1912 : 1;
 1913 : 0;
 1914 : 1;
 1915 : 0;
 1916 : 0;
 1917 : 0;
 1918 : 0;
 1919 : 0;
 1920 : 1;
 1921 : 0;
 1922 : 0;
 1923 : 1;
 1924 : 1;
 1925 : 1;
 1926 : 1;
 1927 : 0;
 1928 : 1;
 1929 : 0;
 1930 : 0;
 1931 : 1;
 1932 : 1;
 1933 : 0;
 1934 : 0;
 1935 : 1;
 1936 : 0;
 1937 : 1;
 1938 : 1;
 1939 : 1;
 1940 : 1;
 1941 : 1;
 1942 : 0;
 1943 : 1;
 1944 : 1;
 1945 : 1;
 1946 : 0;
 1947 : 0;
 1948 : 1;
 1949 : 0;
 1950 : 1;
 1951 : 1;
 1952 : 0;
 1953 : 1;
 1954 : 1;
 1955 : 0;
 1956 : 1;
 1957 : 0;
 1958 : 0;
 1959 : 1;
 1960 : 1;
 1961 : 1;
 1962 : 1;
 1963 : 0;
 1964 : 1;
 1965 : 1;
 1966 : 0;
 1967 : 0;
 1968 : 1;
 1969 : 1;
 1970 : 1;
 1971 : 0;
 1972 : 0;
 1973 : 1;
 1974 : 1;
 1975 : 1;
 1976 : 1;
 1977 : 0;
 1978 : 0;
 1979 : 1;
 1980 : 0;
 1981 : 1;
 1982 : 1;
 1983 : 0;
 1984 : 1;
 1985 : 1;
 1986 : 1;
 1987 : 0;
 1988 : 0;
 1989 : 1;
 1990 : 1;
 1991 : 0;
 1992 : 0;
 1993 : 1;
 1994 : 1;
 1995 : 0;
 1996 : 1;
 1997 : 0;
 1998 : 1;
 1999 : 1;
 2000 : 1;
 2001 : 1;
 2002 : 1;
 2003 : 0;
 2004 : 1;
 2005 : 1;
 2006 : 1;
 2007 : 1;
 2008 : 0;
 2009 : 1;
 2010 : 1;
 2011 : 0;
 2012 : 1;
 2013 : 0;
 2014 : 0;
 2015 : 1;
 2016 : 0;
 2017 : 1;
 2018 : 0;
 2019 : 0;
 2020 : 1;
 2021 : 0;
 2022 : 1;
 2023 : 1;
 2024 : 0;
 2025 : 1;
 2026 : 0;
 2027 : 0;
 2028 : 0;
 2029 : 0;
 2030 : 0;
 2031 : 0;
 2032 : 1;
 2033 : 0;
 2034 : 1;
 2035 : 0;
 2036 : 0;
 2037 : 0;
 2038 : 0;
 2039 : 1;
 2040 : 1;
 2041 : 0;
 2042 : 0;
 2043 : 1;
 2044 : 0;
 2045 : 0;
 2046 : 0;
 2047 : 0;
 2048 : 1;
 2049 : 1;
 2050 : 1;
 2051 : 1;
 2052 : 0;
 2053 : 0;
 2054 : 1;
 2055 : 0;
 2056 : 0;
 2057 : 0;
 2058 : 1;
 2059 : 1;
 2060 : 1;
 2061 : 0;
 2062 : 0;
 2063 : 0;
 2064 : 1;
 2065 : 0;
 2066 : 0;
 2067 : 0;
 2068 : 0;
 2069 : 1;
 2070 : 0;
 2071 : 1;
 2072 : 0;
 2073 : 0;
 2074 : 1;
 2075 : 0;
 2076 : 0;
 2077 : 1;
 2078 : 1;
 2079 : 1;
 2080 : 0;
 2081 : 1;
 2082 : 0;
 2083 : 1;
 2084 : 0;
 2085 : 0;
 2086 : 0;
 2087 : 1;
 2088 : 1;
 2089 : 1;
 2090 : 0;
 2091 : 1;
 2092 : 1;
 2093 : 0;
 2094 : 1;
 2095 : 1;
 2096 : 1;
 2097 : 1;
 2098 : 0;
 2099 : 1;
 2100 : 0;
 2101 : 0;
 2102 : 0;
 2103 : 0;
 2104 : 1;
 2105 : 0;
 2106 : 0;
 2107 : 0;
 2108 : 0;
 2109 : 1;
 2110 : 0;
 2111 : 0;
 2112 : 0;
 2113 : 1;
 2114 : 0;
 2115 : 0;
 2116 : 0;
 2117 : 1;
 2118 : 0;
 2119 : 0;
 2120 : 0;
 2121 : 1;
 2122 : 0;
 2123 : 0;
 2124 : 0;
 2125 : 0;
 2126 : 1;
 2127 : 1;
 2128 : 1;
 2129 : 0;
 2130 : 1;
 2131 : 0;
 2132 : 0;
 2133 : 1;
 2134 : 1;
 2135 : 0;
 2136 : 1;
 2137 : 1;
 2138 : 0;
 2139 : 0;
 2140 : 1;
 2141 : 0;
 2142 : 0;
 2143 : 1;
 2144 : 0;
 2145 : 0;
 2146 : 0;
 2147 : 1;
 2148 : 1;
 2149 : 1;
 2150 : 1;
 2151 : 0;
 2152 : 1;
 2153 : 0;
 2154 : 1;
 2155 : 0;
 2156 : 1;
 2157 : 1;
 2158 : 0;
 2159 : 1;
 2160 : 1;
 2161 : 0;
 2162 : 0;
 2163 : 1;
 2164 : 1;
 2165 : 0;
 2166 : 0;
 2167 : 1;
 2168 : 1;
 2169 : 0;
 2170 : 1;
 2171 : 1;
 2172 : 0;
 2173 : 0;
 2174 : 1;
 2175 : 0;
 2176 : 0;
 2177 : 0;
 2178 : 0;
 2179 : 0;
 2180 : 0;
 2181 : 0;
 2182 : 0;
 2183 : 1;
 2184 : 0;
 2185 : 1;
 2186 : 1;
 2187 : 0;
 2188 : 0;
 2189 : 0;
 2190 : 0;
 2191 : 1;
 2192 : 1;
 2193 : 1;
 2194 : 0;
 2195 : 1;
 2196 : 0;
 2197 : 1;
 2198 : 1;
 2199 : 1;
 2200 : 1;
 2201 : 0;
 2202 : 1;
 2203 : 1;
 2204 : 1;
 2205 : 1;
 2206 : 0;
 2207 : 0;
 2208 : 0;
 2209 : 0;
 2210 : 1;
 2211 : 0;
 2212 : 0;
 2213 : 1;
 2214 : 1;
 2215 : 0;
 2216 : 1;
 2217 : 1;
 2218 : 1;
 2219 : 1;
 2220 : 0;
 2221 : 1;
 2222 : 1;
 2223 : 1;
 2224 : 0;
 2225 : 0;
 2226 : 1;
 2227 : 1;
 2228 : 0;
 2229 : 1;
 2230 : 0;
 2231 : 0;
 2232 : 1;
 2233 : 0;
 2234 : 1;
 2235 : 0;
 2236 : 0;
 2237 : 1;
 2238 : 0;
 2239 : 1;
 2240 : 0;
 2241 : 0;
 2242 : 1;
 2243 : 1;
 2244 : 1;
 2245 : 0;
 2246 : 1;
 2247 : 0;
 2248 : 1;
 2249 : 0;
 2250 : 1;
 2251 : 1;
 2252 : 0;
 2253 : 1;
 2254 : 1;
 2255 : 1;
 2256 : 0;
 2257 : 0;
 2258 : 0;
 2259 : 1;
 2260 : 1;
 2261 : 1;
 2262 : 1;
 2263 : 0;
 2264 : 0;
 2265 : 1;
 2266 : 1;
 2267 : 1;
 2268 : 0;
 2269 : 1;
 2270 : 0;
 2271 : 0;
 2272 : 0;
 2273 : 1;
 2274 : 0;
 2275 : 0;
 2276 : 0;
 2277 : 0;
 2278 : 1;
 2279 : 1;
 2280 : 1;
 2281 : 1;
 2282 : 1;
 2283 : 0;
 2284 : 1;
 2285 : 1;
 2286 : 1;
 2287 : 1;
 2288 : 1;
 2289 : 0;
 2290 : 0;
 2291 : 1;
 2292 : 0;
 2293 : 1;
 2294 : 0;
 2295 : 0;
 2296 : 1;
 2297 : 0;
 2298 : 1;
 2299 : 1;
 2300 : 1;
 2301 : 0;
 2302 : 1;
 2303 : 0;
 2304 : 0;
 2305 : 0;
 2306 : 0;
 2307 : 0;
 2308 : 0;
 2309 : 1;
 2310 : 1;
 2311 : 0;
 2312 : 1;
 2313 : 0;
 2314 : 0;
 2315 : 1;
 2316 : 1;
 2317 : 1;
 2318 : 0;
 2319 : 1;
 2320 : 1;
 2321 : 0;
 2322 : 1;
 2323 : 0;
 2324 : 1;
 2325 : 1;
 2326 : 1;
 2327 : 1;
 2328 : 0;
 2329 : 0;
 2330 : 1;
 2331 : 0;
 2332 : 1;
 2333 : 0;
 2334 : 0;
 2335 : 1;
 2336 : 0;
 2337 : 1;
 2338 : 1;
 2339 : 1;
 2340 : 0;
 2341 : 0;
 2342 : 0;
 2343 : 0;
 2344 : 0;
 2345 : 0;
 2346 : 1;
 2347 : 0;
 2348 : 0;
 2349 : 0;
 2350 : 1;
 2351 : 1;
 2352 : 0;
 2353 : 1;
 2354 : 1;
 2355 : 1;
 2356 : 0;
 2357 : 1;
 2358 : 0;
 2359 : 0;
 2360 : 1;
 2361 : 0;
 2362 : 1;
 2363 : 1;
 2364 : 1;
 2365 : 1;
 2366 : 0;
 2367 : 1;
 2368 : 0;
 2369 : 1;
 2370 : 1;
 2371 : 0;
 2372 : 1;
 2373 : 0;
 2374 : 1;
 2375 : 1;
 2376 : 0;
 2377 : 0;
 2378 : 0;
 2379 : 1;
 2380 : 0;
 2381 : 1;
 2382 : 0;
 2383 : 1;
 2384 : 1;
 2385 : 1;
 2386 : 1;
 2387 : 0;
 2388 : 1;
 2389 : 0;
 2390 : 0;
 2391 : 0;
 2392 : 0;
 2393 : 0;
 2394 : 0;
 2395 : 1;
 2396 : 0;
 2397 : 0;
 2398 : 1;
 2399 : 0;
 2400 : 0;
 2401 : 1;
 2402 : 1;
 2403 : 0;
 2404 : 1;
 2405 : 0;
 2406 : 0;
 2407 : 0;
 2408 : 1;
 2409 : 1;
 2410 : 0;
 2411 : 0;
 2412 : 0;
 2413 : 1;
 2414 : 1;
 2415 : 1;
 2416 : 1;
 2417 : 0;
 2418 : 0;
 2419 : 1;
 2420 : 1;
 2421 : 1;
 2422 : 0;
 2423 : 1;
 2424 : 1;
 2425 : 0;
 2426 : 0;
 2427 : 0;
 2428 : 0;
 2429 : 0;
 2430 : 0;
 2431 : 0;
 2432 : 1;
 2433 : 1;
 2434 : 1;
 2435 : 1;
 2436 : 1;
 2437 : 0;
 2438 : 0;
 2439 : 1;
 2440 : 1;
 2441 : 1;
 2442 : 0;
 2443 : 1;
 2444 : 0;
 2445 : 1;
 2446 : 0;
 2447 : 1;
 2448 : 1;
 2449 : 1;
 2450 : 1;
 2451 : 0;
 2452 : 1;
 2453 : 1;
 2454 : 0;
 2455 : 0;
 2456 : 0;
 2457 : 0;
 2458 : 1;
 2459 : 1;
 2460 : 1;
 2461 : 0;
 2462 : 0;
 2463 : 1;
 2464 : 0;
 2465 : 1;
 2466 : 0;
 2467 : 1;
 2468 : 0;
 2469 : 1;
 2470 : 0;
 2471 : 1;
 2472 : 1;
 2473 : 1;
 2474 : 0;
 2475 : 1;
 2476 : 0;
 2477 : 1;
 2478 : 1;
 2479 : 1;
 2480 : 1;
 2481 : 0;
 2482 : 0;
 2483 : 0;
 2484 : 1;
 2485 : 1;
 2486 : 0;
 2487 : 1;
 2488 : 0;
 2489 : 0;
 2490 : 0;
 2491 : 1;
 2492 : 0;
 2493 : 1;
 2494 : 0;
 2495 : 0;
 2496 : 1;
 2497 : 1;
 2498 : 0;
 2499 : 0;
 2500 : 0;
 2501 : 1;
 2502 : 1;
 2503 : 0;
 2504 : 1;
 2505 : 1;
 2506 : 1;
 2507 : 1;
 2508 : 0;
 2509 : 1;
 2510 : 1;
 2511 : 0;
 2512 : 0;
 2513 : 0;
 2514 : 1;
 2515 : 1;
 2516 : 0;
 2517 : 1;
 2518 : 1;
 2519 : 1;
 2520 : 0;
 2521 : 1;
 2522 : 1;
 2523 : 0;
 2524 : 1;
 2525 : 0;
 2526 : 1;
 2527 : 0;
 2528 : 0;
 2529 : 1;
 2530 : 0;
 2531 : 1;
 2532 : 1;
 2533 : 1;
 2534 : 0;
 2535 : 1;
 2536 : 1;
 2537 : 0;
 2538 : 1;
 2539 : 1;
 2540 : 1;
 2541 : 1;
 2542 : 1;
 2543 : 1;
 2544 : 0;
 2545 : 0;
 2546 : 0;
 2547 : 1;
 2548 : 0;
 2549 : 0;
 2550 : 0;
 2551 : 0;
 2552 : 1;
 2553 : 1;
 2554 : 1;
 2555 : 1;
 2556 : 0;
 2557 : 1;
 2558 : 0;
 2559 : 0;
 2560 : 1;
 2561 : 0;
 2562 : 1;
 2563 : 0;
 2564 : 0;
 2565 : 0;
 2566 : 0;
 2567 : 0;
 2568 : 1;
 2569 : 1;
 2570 : 0;
 2571 : 1;
 2572 : 1;
 2573 : 1;
 2574 : 0;
 2575 : 1;
 2576 : 0;
 2577 : 0;
 2578 : 1;
 2579 : 1;
 2580 : 0;
 2581 : 1;
 2582 : 0;
 2583 : 0;
 2584 : 1;
 2585 : 1;
 2586 : 1;
 2587 : 1;
 2588 : 0;
 2589 : 1;
 2590 : 0;
 2591 : 0;
 2592 : 1;
 2593 : 1;
 2594 : 1;
 2595 : 1;
 2596 : 1;
 2597 : 1;
 2598 : 1;
 2599 : 0;
 2600 : 0;
 2601 : 0;
 2602 : 0;
 2603 : 0;
 2604 : 1;
 2605 : 0;
 2606 : 1;
 2607 : 1;
 2608 : 0;
 2609 : 1;
 2610 : 0;
 2611 : 1;
 2612 : 0;
 2613 : 1;
 2614 : 0;
 2615 : 0;
 2616 : 0;
 2617 : 0;
 2618 : 1;
 2619 : 1;
 2620 : 1;
 2621 : 0;
 2622 : 0;
 2623 : 1;
 2624 : 0;
 2625 : 1;
 2626 : 1;
 2627 : 1;
 2628 : 0;
 2629 : 1;
 2630 : 1;
 2631 : 0;
 2632 : 1;
 2633 : 0;
 2634 : 1;
 2635 : 1;
 2636 : 0;
 2637 : 0;
 2638 : 1;
 2639 : 0;
 2640 : 1;
 2641 : 1;
 2642 : 0;
 2643 : 1;
 2644 : 0;
 2645 : 1;
 2646 : 0;
 2647 : 1;
 2648 : 1;
 2649 : 1;
 2650 : 1;
 2651 : 1;
 2652 : 1;
 2653 : 1;
 2654 : 0;
 2655 : 0;
 2656 : 1;
 2657 : 0;
 2658 : 0;
 2659 : 1;
 2660 : 0;
 2661 : 1;
 2662 : 0;
 2663 : 1;
 2664 : 1;
 2665 : 0;
 2666 : 1;
 2667 : 0;
 2668 : 0;
 2669 : 0;
 2670 : 0;
 2671 : 1;
 2672 : 1;
 2673 : 0;
 2674 : 0;
 2675 : 1;
 2676 : 0;
 2677 : 1;
 2678 : 1;
 2679 : 1;
 2680 : 1;
 2681 : 1;
 2682 : 0;
 2683 : 0;
 2684 : 1;
 2685 : 1;
 2686 : 1;
 2687 : 1;
 2688 : 0;
 2689 : 1;
 2690 : 0;
 2691 : 0;
 2692 : 0;
 2693 : 1;
 2694 : 0;
 2695 : 0;
 2696 : 0;
 2697 : 0;
 2698 : 1;
 2699 : 1;
 2700 : 1;
 2701 : 0;
 2702 : 1;
 2703 : 0;
 2704 : 0;
 2705 : 1;
 2706 : 1;
 2707 : 1;
 2708 : 1;
 2709 : 0;
 2710 : 0;
 2711 : 1;
 2712 : 0;
 2713 : 1;
 2714 : 0;
 2715 : 1;
 2716 : 1;
 2717 : 0;
 2718 : 1;
 2719 : 0;
 2720 : 0;
 2721 : 0;
 2722 : 1;
 2723 : 0;
 2724 : 0;
 2725 : 1;
 2726 : 1;
 2727 : 0;
 2728 : 0;
 2729 : 1;
 2730 : 1;
 2731 : 1;
 2732 : 1;
 2733 : 1;
 2734 : 0;
 2735 : 0;
 2736 : 0;
 2737 : 0;
 2738 : 0;
 2739 : 1;
 2740 : 1;
 2741 : 1;
 2742 : 0;
 2743 : 1;
 2744 : 0;
 2745 : 1;
 2746 : 1;
 2747 : 0;
 2748 : 0;
 2749 : 1;
 2750 : 1;
 2751 : 1;
 2752 : 0;
 2753 : 1;
 2754 : 1;
 2755 : 1;
 2756 : 0;
 2757 : 1;
 2758 : 0;
 2759 : 1;
 2760 : 0;
 2761 : 0;
 2762 : 1;
 2763 : 1;
 2764 : 1;
 2765 : 0;
 2766 : 0;
 2767 : 0;
 2768 : 0;
 2769 : 1;
 2770 : 1;
 2771 : 1;
 2772 : 0;
 2773 : 0;
 2774 : 0;
 2775 : 1;
 2776 : 0;
 2777 : 0;
 2778 : 1;
 2779 : 1;
 2780 : 1;
 2781 : 0;
 2782 : 1;
 2783 : 0;
 2784 : 1;
 2785 : 0;
 2786 : 0;
 2787 : 0;
 2788 : 1;
 2789 : 1;
 2790 : 1;
 2791 : 0;
 2792 : 0;
 2793 : 1;
 2794 : 1;
 2795 : 1;
 2796 : 0;
 2797 : 0;
 2798 : 0;
 2799 : 0;
 2800 : 1;
 2801 : 1;
 2802 : 0;
 2803 : 1;
 2804 : 1;
 2805 : 0;
 2806 : 1;
 2807 : 0;
 2808 : 0;
 2809 : 1;
 2810 : 0;
 2811 : 0;
 2812 : 0;
 2813 : 1;
 2814 : 1;
 2815 : 1;
 2816 : 0;
 2817 : 0;
 2818 : 0;
 2819 : 0;
 2820 : 1;
 2821 : 1;
 2822 : 1;
 2823 : 0;
 2824 : 0;
 2825 : 0;
 2826 : 1;
 2827 : 0;
 2828 : 1;
 2829 : 1;
 2830 : 1;
 2831 : 1;
 2832 : 0;
 2833 : 0;
 2834 : 0;
 2835 : 0;
 2836 : 1;
 2837 : 1;
 2838 : 0;
 2839 : 1;
 2840 : 0;
 2841 : 1;
 2842 : 0;
 2843 : 1;
 2844 : 0;
 2845 : 0;
 2846 : 0;
 2847 : 1;
 2848 : 1;
 2849 : 1;
 2850 : 0;
 2851 : 1;
 2852 : 1;
 2853 : 1;
 2854 : 0;
 2855 : 1;
 2856 : 0;
 2857 : 0;
 2858 : 1;
 2859 : 1;
 2860 : 1;
 2861 : 0;
 2862 : 1;
 2863 : 1;
 2864 : 0;
 2865 : 0;
 2866 : 0;
 2867 : 0;
 2868 : 1;
 2869 : 0;
 2870 : 1;
 2871 : 0;
 2872 : 1;
 2873 : 0;
 2874 : 0;
 2875 : 1;
 2876 : 1;
 2877 : 0;
 2878 : 0;
 2879 : 0;
 2880 : 0;
 2881 : 0;
 2882 : 0;
 2883 : 1;
 2884 : 0;
 2885 : 1;
 2886 : 1;
 2887 : 1;
 2888 : 1;
 2889 : 0;
 2890 : 0;
 2891 : 0;
 2892 : 1;
 2893 : 1;
 2894 : 1;
 2895 : 0;
 2896 : 0;
 2897 : 0;
 2898 : 0;
 2899 : 1;
 2900 : 1;
 2901 : 0;
 2902 : 0;
 2903 : 0;
 2904 : 1;
 2905 : 1;
 2906 : 0;
 2907 : 0;
 2908 : 1;
 2909 : 0;
 2910 : 1;
 2911 : 1;
 2912 : 1;
 2913 : 1;
 2914 : 0;
 2915 : 0;
 2916 : 0;
 2917 : 0;
 2918 : 0;
 2919 : 0;
 2920 : 1;
 2921 : 1;
 2922 : 1;
 2923 : 0;
 2924 : 1;
 2925 : 0;
 2926 : 0;
 2927 : 1;
 2928 : 0;
 2929 : 0;
 2930 : 0;
 2931 : 0;
 2932 : 1;
 2933 : 0;
 2934 : 1;
 2935 : 0;
 2936 : 0;
 2937 : 0;
 2938 : 1;
 2939 : 1;
 2940 : 0;
 2941 : 1;
 2942 : 1;
 2943 : 1;
 2944 : 1;
 2945 : 1;
 2946 : 0;
 2947 : 0;
 2948 : 0;
 2949 : 1;
 2950 : 1;
 2951 : 1;
 2952 : 1;
 2953 : 0;
 2954 : 1;
 2955 : 1;
 2956 : 0;
 2957 : 0;
 2958 : 0;
 2959 : 1;
 2960 : 0;
 2961 : 0;
 2962 : 1;
 2963 : 1;
 2964 : 0;
 2965 : 0;
 2966 : 0;
 2967 : 0;
 2968 : 0;
 2969 : 1;
 2970 : 0;
 2971 : 1;
 2972 : 0;
 2973 : 0;
 2974 : 0;
 2975 : 0;
 2976 : 1;
 2977 : 0;
 2978 : 1;
 2979 : 1;
 2980 : 1;
 2981 : 0;
 2982 : 0;
 2983 : 0;
 2984 : 0;
 2985 : 0;
 2986 : 1;
 2987 : 0;
 2988 : 1;
 2989 : 1;
 2990 : 1;
 2991 : 0;
 2992 : 0;
 2993 : 1;
 2994 : 0;
 2995 : 0;
 2996 : 0;
 2997 : 0;
 2998 : 1;
 2999 : 1;
 3000 : 1;
 3001 : 1;
 3002 : 0;
 3003 : 0;
 3004 : 0;
 3005 : 1;
 3006 : 1;
 3007 : 0;
 3008 : 1;
 3009 : 1;
 3010 : 0;
 3011 : 0;
 3012 : 0;
 3013 : 1;
 3014 : 1;
 3015 : 0;
 3016 : 1;
 3017 : 1;
 3018 : 1;
 3019 : 0;
 3020 : 0;
 3021 : 0;
 3022 : 1;
 3023 : 0;
 3024 : 0;
 3025 : 1;
 3026 : 1;
 3027 : 1;
 3028 : 0;
 3029 : 0;
 3030 : 1;
 3031 : 0;
 3032 : 1;
 3033 : 1;
 3034 : 1;
 3035 : 1;
 3036 : 1;
 3037 : 1;
 3038 : 0;
 3039 : 0;
 3040 : 1;
 3041 : 1;
 3042 : 1;
 3043 : 1;
 3044 : 1;
 3045 : 1;
 3046 : 0;
 3047 : 0;
 3048 : 1;
 3049 : 0;
 3050 : 0;
 3051 : 1;
 3052 : 0;
 3053 : 0;
 3054 : 0;
 3055 : 0;
 3056 : 0;
 3057 : 0;
 3058 : 0;
 3059 : 1;
 3060 : 0;
 3061 : 1;
 3062 : 0;
 3063 : 0;
 3064 : 0;
 3065 : 1;
 3066 : 0;
 3067 : 0;
 3068 : 1;
 3069 : 0;
 3070 : 0;
 3071 : 0;
 3072 : 1;
 3073 : 1;
 3074 : 1;
 3075 : 1;
 3076 : 1;
 3077 : 0;
 3078 : 0;
 3079 : 1;
 3080 : 0;
 3081 : 0;
 3082 : 1;
 3083 : 1;
 3084 : 1;
 3085 : 0;
 3086 : 0;
 3087 : 0;
 3088 : 1;
 3089 : 1;
 3090 : 0;
 3091 : 1;
 3092 : 1;
 3093 : 0;
 3094 : 0;
 3095 : 0;
 3096 : 1;
 3097 : 1;
 3098 : 1;
 3099 : 1;
 3100 : 1;
 3101 : 0;
 3102 : 0;
 3103 : 0;
 3104 : 0;
 3105 : 1;
 3106 : 0;
 3107 : 0;
 3108 : 1;
 3109 : 1;
 3110 : 1;
 3111 : 0;
 3112 : 1;
 3113 : 1;
 3114 : 0;
 3115 : 1;
 3116 : 0;
 3117 : 0;
 3118 : 1;
 3119 : 1;
 3120 : 1;
 3121 : 0;
 3122 : 1;
 3123 : 0;
 3124 : 1;
 3125 : 1;
 3126 : 1;
 3127 : 1;
 3128 : 0;
 3129 : 0;
 3130 : 1;
 3131 : 1;
 3132 : 1;
 3133 : 1;
 3134 : 0;
 3135 : 0;
 3136 : 0;
 3137 : 0;
 3138 : 1;
 3139 : 1;
 3140 : 1;
 3141 : 1;
 3142 : 1;
 3143 : 0;
 3144 : 0;
 3145 : 0;
 3146 : 1;
 3147 : 0;
 3148 : 0;
 3149 : 1;
 3150 : 1;
 3151 : 0;
 3152 : 0;
 3153 : 0;
 3154 : 1;
 3155 : 0;
 3156 : 1;
 3157 : 1;
 3158 : 0;
 3159 : 1;
 3160 : 0;
 3161 : 1;
 3162 : 0;
 3163 : 1;
 3164 : 1;
 3165 : 1;
 3166 : 0;
 3167 : 0;
 3168 : 0;
 3169 : 0;
 3170 : 0;
 3171 : 1;
 3172 : 0;
 3173 : 0;
 3174 : 1;
 3175 : 0;
 3176 : 1;
 3177 : 1;
 3178 : 0;
 3179 : 0;
 3180 : 0;
 3181 : 0;
 3182 : 1;
 3183 : 1;
 3184 : 0;
 3185 : 0;
 3186 : 0;
 3187 : 1;
 3188 : 0;
 3189 : 0;
 3190 : 1;
 3191 : 0;
 3192 : 0;
 3193 : 1;
 3194 : 1;
 3195 : 1;
 3196 : 1;
 3197 : 0;
 3198 : 1;
 3199 : 0;
 3200 : 1;
 3201 : 1;
 3202 : 0;
 3203 : 1;
 3204 : 0;
 3205 : 0;
 3206 : 1;
 3207 : 0;
 3208 : 0;
 3209 : 0;
 3210 : 0;
 3211 : 1;
 3212 : 0;
 3213 : 0;
 3214 : 0;
 3215 : 0;
 3216 : 0;
 3217 : 1;
 3218 : 0;
 3219 : 1;
 3220 : 0;
 3221 : 1;
 3222 : 0;
 3223 : 0;
 3224 : 0;
 3225 : 0;
 3226 : 0;
 3227 : 0;
 3228 : 1;
 3229 : 0;
 3230 : 1;
 3231 : 1;
 3232 : 0;
 3233 : 1;
 3234 : 0;
 3235 : 0;
 3236 : 1;
 3237 : 1;
 3238 : 0;
 3239 : 1;
 3240 : 1;
 3241 : 1;
 3242 : 1;
 3243 : 1;
 3244 : 1;
 3245 : 1;
 3246 : 0;
 3247 : 0;
 3248 : 1;
 3249 : 1;
 3250 : 0;
 3251 : 1;
 3252 : 0;
 3253 : 0;
 3254 : 1;
 3255 : 0;
 3256 : 1;
 3257 : 0;
 3258 : 0;
 3259 : 1;
 3260 : 1;
 3261 : 0;
 3262 : 0;
 3263 : 1;
 3264 : 1;
 3265 : 1;
 3266 : 0;
 3267 : 0;
 3268 : 0;
 3269 : 1;
 3270 : 0;
 3271 : 0;
 3272 : 1;
 3273 : 0;
 3274 : 1;
 3275 : 1;
 3276 : 0;
 3277 : 0;
 3278 : 0;
 3279 : 0;
 3280 : 1;
 3281 : 0;
 3282 : 0;
 3283 : 1;
 3284 : 0;
 3285 : 1;
 3286 : 1;
 3287 : 0;
 3288 : 1;
 3289 : 1;
 3290 : 0;
 3291 : 0;
 3292 : 0;
 3293 : 0;
 3294 : 1;
 3295 : 1;
 3296 : 0;
 3297 : 1;
 3298 : 1;
 3299 : 1;
 3300 : 0;
 3301 : 1;
 3302 : 0;
 3303 : 1;
 3304 : 0;
 3305 : 0;
 3306 : 1;
 3307 : 1;
 3308 : 1;
 3309 : 0;
 3310 : 1;
 3311 : 1;
 3312 : 0;
 3313 : 1;
 3314 : 1;
 3315 : 0;
 3316 : 1;
 3317 : 1;
 3318 : 0;
 3319 : 1;
 3320 : 1;
 3321 : 0;
 3322 : 0;
 3323 : 0;
 3324 : 1;
 3325 : 1;
 3326 : 1;
 3327 : 0;
 3328 : 1;
 3329 : 0;
 3330 : 0;
 3331 : 0;
 3332 : 0;
 3333 : 1;
 3334 : 1;
 3335 : 1;
 3336 : 0;
 3337 : 0;
 3338 : 1;
 3339 : 0;
 3340 : 0;
 3341 : 0;
 3342 : 1;
 3343 : 0;
 3344 : 0;
 3345 : 1;
 3346 : 0;
 3347 : 1;
 3348 : 1;
 3349 : 1;
 3350 : 0;
 3351 : 1;
 3352 : 1;
 3353 : 1;
 3354 : 1;
 3355 : 1;
 3356 : 1;
 3357 : 0;
 3358 : 1;
 3359 : 1;
 3360 : 1;
 3361 : 1;
 3362 : 0;
 3363 : 0;
 3364 : 1;
 3365 : 1;
 3366 : 0;
 3367 : 1;
 3368 : 0;
 3369 : 1;
 3370 : 1;
 3371 : 0;
 3372 : 0;
 3373 : 0;
 3374 : 1;
 3375 : 0;
 3376 : 1;
 3377 : 0;
 3378 : 0;
 3379 : 0;
 3380 : 0;
 3381 : 0;
 3382 : 0;
 3383 : 1;
 3384 : 1;
 3385 : 1;
 3386 : 1;
 3387 : 0;
 3388 : 0;
 3389 : 1;
 3390 : 1;
 3391 : 1;
 3392 : 0;
 3393 : 1;
 3394 : 1;
 3395 : 0;
 3396 : 0;
 3397 : 0;
 3398 : 0;
 3399 : 1;
 3400 : 0;
 3401 : 1;
 3402 : 1;
 3403 : 0;
 3404 : 0;
 3405 : 0;
 3406 : 1;
 3407 : 0;
 3408 : 1;
 3409 : 1;
 3410 : 0;
 3411 : 0;
 3412 : 1;
 3413 : 0;
 3414 : 0;
 3415 : 1;
 3416 : 1;
 3417 : 0;
 3418 : 1;
 3419 : 1;
 3420 : 0;
 3421 : 0;
 3422 : 0;
 3423 : 1;
 3424 : 0;
 3425 : 1;
 3426 : 0;
 3427 : 1;
 3428 : 0;
 3429 : 1;
 3430 : 1;
 3431 : 0;
 3432 : 0;
 3433 : 0;
 3434 : 1;
 3435 : 1;
 3436 : 0;
 3437 : 0;
 3438 : 0;
 3439 : 1;
 3440 : 0;
 3441 : 0;
 3442 : 0;
 3443 : 0;
 3444 : 0;
 3445 : 0;
 3446 : 1;
 3447 : 1;
 3448 : 1;
 3449 : 1;
 3450 : 0;
 3451 : 1;
 3452 : 0;
 3453 : 0;
 3454 : 0;
 3455 : 1;
 3456 : 0;
 3457 : 0;
 3458 : 0;
 3459 : 1;
 3460 : 0;
 3461 : 1;
 3462 : 0;
 3463 : 1;
 3464 : 1;
 3465 : 0;
 3466 : 0;
 3467 : 1;
 3468 : 1;
 3469 : 1;
 3470 : 1;
 3471 : 0;
 3472 : 0;
 3473 : 0;
 3474 : 1;
 3475 : 1;
 3476 : 0;
 3477 : 0;
 3478 : 1;
 3479 : 1;
 3480 : 1;
 3481 : 0;
 3482 : 0;
 3483 : 1;
 3484 : 1;
 3485 : 1;
 3486 : 0;
 3487 : 1;
 3488 : 1;
 3489 : 1;
 3490 : 1;
 3491 : 0;
 3492 : 0;
 3493 : 0;
 3494 : 1;
 3495 : 1;
 3496 : 1;
 3497 : 0;
 3498 : 0;
 3499 : 1;
 3500 : 0;
 3501 : 1;
 3502 : 1;
 3503 : 0;
 3504 : 0;
 3505 : 0;
 3506 : 1;
 3507 : 0;
 3508 : 0;
 3509 : 1;
 3510 : 0;
 3511 : 1;
 3512 : 1;
 3513 : 0;
 3514 : 0;
 3515 : 1;
 3516 : 0;
 3517 : 0;
 3518 : 0;
 3519 : 1;
 3520 : 1;
 3521 : 1;
 3522 : 0;
 3523 : 1;
 3524 : 0;
 3525 : 0;
 3526 : 1;
 3527 : 1;
 3528 : 1;
 3529 : 0;
 3530 : 0;
 3531 : 0;
 3532 : 1;
 3533 : 0;
 3534 : 0;
 3535 : 1;
 3536 : 0;
 3537 : 1;
 3538 : 1;
 3539 : 0;
 3540 : 1;
 3541 : 0;
 3542 : 0;
 3543 : 1;
 3544 : 0;
 3545 : 1;
 3546 : 1;
 3547 : 1;
 3548 : 0;
 3549 : 0;
 3550 : 0;
 3551 : 1;
 3552 : 0;
 3553 : 0;
 3554 : 0;
 3555 : 1;
 3556 : 1;
 3557 : 0;
 3558 : 0;
 3559 : 1;
 3560 : 0;
 3561 : 0;
 3562 : 1;
 3563 : 0;
 3564 : 1;
 3565 : 1;
 3566 : 0;
 3567 : 0;
 3568 : 0;
 3569 : 0;
 3570 : 0;
 3571 : 0;
 3572 : 0;
 3573 : 1;
 3574 : 0;
 3575 : 1;
 3576 : 0;
 3577 : 0;
 3578 : 1;
 3579 : 1;
 3580 : 0;
 3581 : 0;
 3582 : 0;
 3583 : 0;
 3584 : 0;
 3585 : 1;
 3586 : 0;
 3587 : 0;
 3588 : 0;
 3589 : 0;
 3590 : 0;
 3591 : 0;
 3592 : 1;
 3593 : 1;
 3594 : 1;
 3595 : 1;
 3596 : 1;
 3597 : 0;
 3598 : 0;
 3599 : 0;
 3600 : 0;
 3601 : 1;
 3602 : 1;
 3603 : 0;
 3604 : 0;
 3605 : 0;
 3606 : 0;
 3607 : 0;
 3608 : 1;
 3609 : 0;
 3610 : 0;
 3611 : 1;
 3612 : 1;
 3613 : 0;
 3614 : 0;
 3615 : 0;
 3616 : 1;
 3617 : 0;
 3618 : 0;
 3619 : 1;
 3620 : 1;
 3621 : 0;
 3622 : 1;
 3623 : 1;
 3624 : 0;
 3625 : 0;
 3626 : 1;
 3627 : 1;
 3628 : 1;
 3629 : 0;
 3630 : 1;
 3631 : 1;
 3632 : 0;
 3633 : 1;
 3634 : 1;
 3635 : 1;
 3636 : 1;
 3637 : 1;
 3638 : 1;
 3639 : 1;
 3640 : 0;
 3641 : 0;
 3642 : 0;
 3643 : 0;
 3644 : 1;
 3645 : 0;
 3646 : 1;
 3647 : 1;
 3648 : 0;
 3649 : 0;
 3650 : 0;
 3651 : 0;
 3652 : 1;
 3653 : 0;
 3654 : 0;
 3655 : 0;
 3656 : 1;
 3657 : 1;
 3658 : 0;
 3659 : 0;
 3660 : 0;
 3661 : 1;
 3662 : 1;
 3663 : 0;
 3664 : 0;
 3665 : 1;
 3666 : 1;
 3667 : 0;
 3668 : 1;
 3669 : 1;
 3670 : 0;
 3671 : 1;
 3672 : 1;
 3673 : 1;
 3674 : 0;
 3675 : 1;
 3676 : 1;
 3677 : 0;
 3678 : 1;
 3679 : 1;
 3680 : 0;
 3681 : 0;
 3682 : 1;
 3683 : 0;
 3684 : 1;
 3685 : 1;
 3686 : 1;
 3687 : 1;
 3688 : 0;
 3689 : 0;
 3690 : 1;
 3691 : 1;
 3692 : 0;
 3693 : 1;
 3694 : 0;
 3695 : 1;
 3696 : 0;
 3697 : 0;
 3698 : 0;
 3699 : 0;
 3700 : 1;
 3701 : 0;
 3702 : 1;
 3703 : 0;
 3704 : 1;
 3705 : 0;
 3706 : 1;
 3707 : 1;
 3708 : 1;
 3709 : 1;
 3710 : 0;
 3711 : 0;
 3712 : 1;
 3713 : 0;
 3714 : 0;
 3715 : 1;
 3716 : 0;
 3717 : 0;
 3718 : 1;
 3719 : 0;
 3720 : 1;
 3721 : 1;
 3722 : 0;
 3723 : 0;
 3724 : 1;
 3725 : 0;
 3726 : 1;
 3727 : 1;
 3728 : 1;
 3729 : 1;
 3730 : 0;
 3731 : 1;
 3732 : 0;
 3733 : 1;
 3734 : 0;
 3735 : 0;
 3736 : 0;
 3737 : 0;
 3738 : 0;
 3739 : 0;
 3740 : 0;
 3741 : 0;
 3742 : 1;
 3743 : 0;
 3744 : 1;
 3745 : 1;
 3746 : 0;
 3747 : 0;
 3748 : 0;
 3749 : 0;
 3750 : 1;
 3751 : 0;
 3752 : 1;
 3753 : 1;
 3754 : 1;
 3755 : 1;
 3756 : 0;
 3757 : 0;
 3758 : 1;
 3759 : 1;
 3760 : 1;
 3761 : 1;
 3762 : 0;
 3763 : 0;
 3764 : 0;
 3765 : 1;
 3766 : 0;
 3767 : 0;
 3768 : 1;
 3769 : 0;
 3770 : 0;
 3771 : 0;
 3772 : 0;
 3773 : 1;
 3774 : 1;
 3775 : 1;
 3776 : 1;
 3777 : 0;
 3778 : 1;
 3779 : 1;
 3780 : 0;
 3781 : 1;
 3782 : 1;
 3783 : 0;
 3784 : 0;
 3785 : 0;
 3786 : 0;
 3787 : 0;
 3788 : 1;
 3789 : 1;
 3790 : 0;
 3791 : 1;
 3792 : 0;
 3793 : 0;
 3794 : 1;
 3795 : 1;
 3796 : 1;
 3797 : 1;
 3798 : 0;
 3799 : 0;
 3800 : 0;
 3801 : 1;
 3802 : 0;
 3803 : 0;
 3804 : 0;
 3805 : 1;
 3806 : 1;
 3807 : 1;
 3808 : 0;
 3809 : 0;
 3810 : 1;
 3811 : 1;
 3812 : 1;
 3813 : 1;
 3814 : 1;
 3815 : 0;
 3816 : 1;
 3817 : 0;
 3818 : 0;
 3819 : 1;
 3820 : 0;
 3821 : 0;
 3822 : 1;
 3823 : 1;
 3824 : 0;
 3825 : 1;
 3826 : 1;
 3827 : 0;
 3828 : 0;
 3829 : 1;
 3830 : 1;
 3831 : 0;
 3832 : 1;
 3833 : 0;
 3834 : 0;
 3835 : 1;
 3836 : 0;
 3837 : 1;
 3838 : 1;
 3839 : 1;
 3840 : 1;
 3841 : 1;
 3842 : 1;
 3843 : 0;
 3844 : 0;
 3845 : 1;
 3846 : 1;
 3847 : 0;
 3848 : 0;
 3849 : 0;
 3850 : 1;
 3851 : 0;
 3852 : 1;
 3853 : 0;
 3854 : 0;
 3855 : 0;
 3856 : 0;
 3857 : 0;
 3858 : 1;
 3859 : 1;
 3860 : 1;
 3861 : 1;
 3862 : 1;
 3863 : 0;
 3864 : 0;
 3865 : 1;
 3866 : 0;
 3867 : 1;
 3868 : 1;
 3869 : 0;
 3870 : 0;
 3871 : 0;
 3872 : 1;
 3873 : 1;
 3874 : 0;
 3875 : 1;
 3876 : 0;
 3877 : 1;
 3878 : 0;
 3879 : 1;
 3880 : 1;
 3881 : 1;
 3882 : 1;
 3883 : 1;
 3884 : 1;
 3885 : 1;
 3886 : 1;
 3887 : 1;
 3888 : 0;
 3889 : 0;
 3890 : 0;
 3891 : 0;
 3892 : 1;
 3893 : 1;
 3894 : 0;
 3895 : 0;
 3896 : 1;
 3897 : 1;
 3898 : 0;
 3899 : 1;
 3900 : 1;
 3901 : 1;
 3902 : 0;
 3903 : 0;
 3904 : 0;
 3905 : 1;
 3906 : 1;
 3907 : 0;
 3908 : 0;
 3909 : 0;
 3910 : 1;
 3911 : 0;
 3912 : 1;
 3913 : 1;
 3914 : 1;
 3915 : 1;
 3916 : 1;
 3917 : 0;
 3918 : 1;
 3919 : 0;
 3920 : 1;
 3921 : 1;
 3922 : 1;
 3923 : 1;
 3924 : 1;
 3925 : 1;
 3926 : 0;
 3927 : 1;
 3928 : 0;
 3929 : 0;
 3930 : 1;
 3931 : 1;
 3932 : 0;
 3933 : 0;
 3934 : 1;
 3935 : 1;
 3936 : 0;
 3937 : 1;
 3938 : 1;
 3939 : 0;
 3940 : 0;
 3941 : 1;
 3942 : 0;
 3943 : 1;
 3944 : 0;
 3945 : 1;
 3946 : 1;
 3947 : 1;
 3948 : 0;
 3949 : 1;
 3950 : 0;
 3951 : 1;
 3952 : 1;
 3953 : 1;
 3954 : 1;
 3955 : 0;
 3956 : 1;
 3957 : 0;
 3958 : 0;
 3959 : 0;
 3960 : 1;
 3961 : 1;
 3962 : 1;
 3963 : 1;
 3964 : 1;
 3965 : 1;
 3966 : 0;
 3967 : 0;
 3968 : 0;
 3969 : 1;
 3970 : 1;
 3971 : 0;
 3972 : 1;
 3973 : 0;
 3974 : 1;
 3975 : 1;
 3976 : 0;
 3977 : 0;
 3978 : 1;
 3979 : 0;
 3980 : 0;
 3981 : 1;
 3982 : 0;
 3983 : 1;
 3984 : 0;
 3985 : 0;
 3986 : 0;
 3987 : 1;
 3988 : 0;
 3989 : 1;
 3990 : 1;
 3991 : 0;
 3992 : 1;
 3993 : 0;
 3994 : 0;
 3995 : 1;
 3996 : 1;
 3997 : 1;
 3998 : 0;
 3999 : 1;
 4000 : 0;
 4001 : 1;
 4002 : 0;
 4003 : 1;
 4004 : 0;
 4005 : 0;
 4006 : 0;
 4007 : 0;
 4008 : 1;
 4009 : 1;
 4010 : 0;
 4011 : 0;
 4012 : 1;
 4013 : 1;
 4014 : 1;
 4015 : 1;
 4016 : 0;
 4017 : 0;
 4018 : 0;
 4019 : 1;
 4020 : 0;
 4021 : 0;
 4022 : 0;
 4023 : 1;
 4024 : 1;
 4025 : 1;
 4026 : 1;
 4027 : 0;
 4028 : 1;
 4029 : 1;
 4030 : 1;
 4031 : 0;
 4032 : 1;
 4033 : 1;
 4034 : 0;
 4035 : 1;
 4036 : 0;
 4037 : 1;
 4038 : 1;
 4039 : 0;
 4040 : 1;
 4041 : 0;
 4042 : 1;
 4043 : 0;
 4044 : 0;
 4045 : 1;
 4046 : 1;
 4047 : 0;
 4048 : 1;
 4049 : 0;
 4050 : 1;
 4051 : 1;
 4052 : 1;
 4053 : 1;
 4054 : 0;
 4055 : 0;
 4056 : 0;
 4057 : 0;
 4058 : 1;
 4059 : 1;
 4060 : 0;
 4061 : 1;
 4062 : 1;
 4063 : 0;
 4064 : 0;
 4065 : 0;
 4066 : 1;
 4067 : 0;
 4068 : 0;
 4069 : 1;
 4070 : 1;
 4071 : 1;
 4072 : 0;
 4073 : 1;
 4074 : 1;
 4075 : 1;
 4076 : 1;
 4077 : 0;
 4078 : 0;
 4079 : 0;
 4080 : 0;
 4081 : 1;
 4082 : 0;
 4083 : 0;
 4084 : 1;
 4085 : 1;
 4086 : 1;
 4087 : 0;
 4088 : 1;
 4089 : 0;
 4090 : 1;
 4091 : 0;
 4092 : 0;
 4093 : 1;
 4094 : 0;
 4095 : 0;
 4096 : 1;
 4097 : 0;
 4098 : 0;
 4099 : 1;
 4100 : 0;
 4101 : 1;
 4102 : 1;
 4103 : 0;
 4104 : 1;
 4105 : 1;
 4106 : 0;
 4107 : 0;
 4108 : 0;
 4109 : 1;
 4110 : 0;
 4111 : 0;
 4112 : 0;
 4113 : 1;
 4114 : 1;
 4115 : 0;
 4116 : 1;
 4117 : 1;
 4118 : 0;
 4119 : 0;
 4120 : 0;
 4121 : 1;
 4122 : 0;
 4123 : 1;
 4124 : 0;
 4125 : 1;
 4126 : 1;
 4127 : 1;
 4128 : 0;
 4129 : 0;
 4130 : 0;
 4131 : 1;
 4132 : 1;
 4133 : 1;
 4134 : 1;
 4135 : 0;
 4136 : 1;
 4137 : 0;
 4138 : 1;
 4139 : 0;
 4140 : 1;
 4141 : 1;
 4142 : 1;
 4143 : 0;
 4144 : 1;
 4145 : 1;
 4146 : 1;
 4147 : 1;
 4148 : 1;
 4149 : 0;
 4150 : 0;
 4151 : 1;
 4152 : 1;
 4153 : 0;
 4154 : 1;
 4155 : 1;
 4156 : 1;
 4157 : 1;
 4158 : 1;
 4159 : 0;
 4160 : 1;
 4161 : 0;
 4162 : 1;
 4163 : 0;
 4164 : 0;
 4165 : 0;
 4166 : 1;
 4167 : 1;
 4168 : 1;
 4169 : 1;
 4170 : 1;
 4171 : 0;
 4172 : 1;
 4173 : 1;
 4174 : 1;
 4175 : 0;
 4176 : 0;
 4177 : 1;
 4178 : 0;
 4179 : 0;
 4180 : 0;
 4181 : 1;
 4182 : 0;
 4183 : 1;
 4184 : 1;
 4185 : 0;
 4186 : 0;
 4187 : 1;
 4188 : 0;
 4189 : 0;
 4190 : 1;
 4191 : 1;
 4192 : 1;
 4193 : 0;
 4194 : 1;
 4195 : 0;
 4196 : 1;
 4197 : 1;
 4198 : 1;
 4199 : 1;
 4200 : 0;
 4201 : 1;
 4202 : 1;
 4203 : 0;
 4204 : 0;
 4205 : 1;
 4206 : 0;
 4207 : 0;
 4208 : 1;
 4209 : 0;
 4210 : 0;
 4211 : 0;
 4212 : 0;
 4213 : 1;
 4214 : 1;
 4215 : 0;
 4216 : 0;
 4217 : 0;
 4218 : 0;
 4219 : 0;
 4220 : 0;
 4221 : 0;
 4222 : 0;
 4223 : 1;
 4224 : 1;
 4225 : 1;
 4226 : 0;
 4227 : 0;
 4228 : 0;
 4229 : 0;
 4230 : 0;
 4231 : 0;
 4232 : 1;
 4233 : 1;
 4234 : 1;
 4235 : 0;
 4236 : 0;
 4237 : 1;
 4238 : 1;
 4239 : 1;
 4240 : 1;
 4241 : 0;
 4242 : 1;
 4243 : 1;
 4244 : 1;
 4245 : 1;
 4246 : 0;
 4247 : 1;
 4248 : 0;
 4249 : 0;
 4250 : 1;
 4251 : 0;
 4252 : 0;
 4253 : 1;
 4254 : 1;
 4255 : 0;
 4256 : 1;
 4257 : 1;
 4258 : 0;
 4259 : 1;
 4260 : 1;
 4261 : 1;
 4262 : 0;
 4263 : 1;
 4264 : 1;
 4265 : 0;
 4266 : 0;
 4267 : 1;
 4268 : 0;
 4269 : 1;
 4270 : 1;
 4271 : 0;
 4272 : 1;
 4273 : 1;
 4274 : 1;
 4275 : 1;
 4276 : 0;
 4277 : 0;
 4278 : 1;
 4279 : 1;
 4280 : 1;
 4281 : 1;
 4282 : 0;
 4283 : 1;
 4284 : 1;
 4285 : 1;
 4286 : 0;
 4287 : 0;
 4288 : 1;
 4289 : 0;
 4290 : 0;
 4291 : 1;
 4292 : 1;
 4293 : 0;
 4294 : 1;
 4295 : 1;
 4296 : 0;
 4297 : 1;
 4298 : 1;
 4299 : 0;
 4300 : 0;
 4301 : 1;
 4302 : 1;
 4303 : 1;
 4304 : 0;
 4305 : 0;
 4306 : 0;
 4307 : 1;
 4308 : 0;
 4309 : 0;
 4310 : 0;
 4311 : 0;
 4312 : 0;
 4313 : 0;
 4314 : 0;
 4315 : 1;
 4316 : 0;
 4317 : 0;
 4318 : 1;
 4319 : 0;
 4320 : 0;
 4321 : 1;
 4322 : 0;
 4323 : 1;
 4324 : 0;
 4325 : 0;
 4326 : 0;
 4327 : 1;
 4328 : 1;
 4329 : 1;
 4330 : 1;
 4331 : 1;
 4332 : 1;
 4333 : 1;
 4334 : 1;
 4335 : 0;
 4336 : 0;
 4337 : 0;
 4338 : 0;
 4339 : 1;
 4340 : 1;
 4341 : 1;
 4342 : 0;
 4343 : 0;
 4344 : 1;
 4345 : 0;
 4346 : 1;
 4347 : 1;
 4348 : 0;
 4349 : 1;
 4350 : 1;
 4351 : 0;
 4352 : 1;
 4353 : 0;
 4354 : 0;
 4355 : 0;
 4356 : 1;
 4357 : 1;
 4358 : 1;
 4359 : 0;
 4360 : 0;
 4361 : 1;
 4362 : 1;
 4363 : 1;
 4364 : 0;
 4365 : 1;
 4366 : 1;
 4367 : 1;
 4368 : 0;
 4369 : 1;
 4370 : 0;
 4371 : 0;
 4372 : 0;
 4373 : 1;
 4374 : 1;
 4375 : 0;
 4376 : 1;
 4377 : 1;
 4378 : 1;
 4379 : 0;
 4380 : 0;
 4381 : 0;
 4382 : 1;
 4383 : 0;
 4384 : 1;
 4385 : 0;
 4386 : 0;
 4387 : 0;
 4388 : 0;
 4389 : 0;
 4390 : 0;
 4391 : 1;
 4392 : 0;
 4393 : 1;
 4394 : 1;
 4395 : 0;
 4396 : 1;
 4397 : 0;
 4398 : 0;
 4399 : 0;
 4400 : 0;
 4401 : 1;
 4402 : 0;
 4403 : 0;
 4404 : 1;
 4405 : 1;
 4406 : 0;
 4407 : 1;
 4408 : 0;
 4409 : 1;
 4410 : 1;
 4411 : 1;
 4412 : 1;
 4413 : 0;
 4414 : 0;
 4415 : 0;
 4416 : 1;
 4417 : 1;
 4418 : 1;
 4419 : 1;
 4420 : 1;
 4421 : 1;
 4422 : 0;
 4423 : 0;
 4424 : 0;
 4425 : 1;
 4426 : 0;
 4427 : 0;
 4428 : 1;
 4429 : 1;
 4430 : 0;
 4431 : 0;
 4432 : 1;
 4433 : 1;
 4434 : 0;
 4435 : 0;
 4436 : 0;
 4437 : 0;
 4438 : 0;
 4439 : 0;
 4440 : 0;
 4441 : 1;
 4442 : 0;
 4443 : 1;
 4444 : 1;
 4445 : 1;
 4446 : 1;
 4447 : 1;
 4448 : 1;
 4449 : 1;
 4450 : 1;
 4451 : 1;
 4452 : 0;
 4453 : 0;
 4454 : 1;
 4455 : 1;
 4456 : 0;
 4457 : 0;
 4458 : 0;
 4459 : 1;
 4460 : 0;
 4461 : 1;
 4462 : 1;
 4463 : 0;
 4464 : 0;
 4465 : 1;
 4466 : 0;
 4467 : 1;
 4468 : 1;
 4469 : 1;
 4470 : 1;
 4471 : 1;
 4472 : 0;
 4473 : 0;
 4474 : 1;
 4475 : 0;
 4476 : 0;
 4477 : 1;
 4478 : 0;
 4479 : 0;
 4480 : 1;
 4481 : 0;
 4482 : 1;
 4483 : 0;
 4484 : 1;
 4485 : 0;
 4486 : 0;
 4487 : 1;
 4488 : 1;
 4489 : 1;
 4490 : 1;
 4491 : 1;
 4492 : 0;
 4493 : 1;
 4494 : 0;
 4495 : 1;
 4496 : 0;
 4497 : 1;
 4498 : 1;
 4499 : 0;
 4500 : 0;
 4501 : 1;
 4502 : 0;
 4503 : 1;
 4504 : 1;
 4505 : 0;
 4506 : 1;
 4507 : 0;
 4508 : 0;
 4509 : 1;
 4510 : 0;
 4511 : 0;
 4512 : 1;
 4513 : 1;
 4514 : 0;
 4515 : 0;
 4516 : 0;
 4517 : 0;
 4518 : 0;
 4519 : 0;
 4520 : 0;
 4521 : 1;
 4522 : 1;
 4523 : 0;
 4524 : 0;
 4525 : 0;
 4526 : 0;
 4527 : 0;
 4528 : 0;
 4529 : 1;
 4530 : 0;
 4531 : 1;
 4532 : 1;
 4533 : 1;
 4534 : 0;
 4535 : 1;
 4536 : 1;
 4537 : 0;
 4538 : 1;
 4539 : 0;
 4540 : 0;
 4541 : 0;
 4542 : 0;
 4543 : 1;
 4544 : 0;
 4545 : 0;
 4546 : 0;
 4547 : 1;
 4548 : 1;
 4549 : 1;
 4550 : 1;
 4551 : 0;
 4552 : 1;
 4553 : 1;
 4554 : 0;
 4555 : 1;
 4556 : 1;
 4557 : 0;
 4558 : 1;
 4559 : 0;
 4560 : 0;
 4561 : 0;
 4562 : 1;
 4563 : 1;
 4564 : 0;
 4565 : 1;
 4566 : 1;
 4567 : 0;
 4568 : 0;
 4569 : 0;
 4570 : 0;
 4571 : 1;
 4572 : 1;
 4573 : 1;
 4574 : 0;
 4575 : 1;
 4576 : 0;
 4577 : 0;
 4578 : 1;
 4579 : 0;
 4580 : 0;
 4581 : 0;
 4582 : 0;
 4583 : 1;
 4584 : 1;
 4585 : 1;
 4586 : 0;
 4587 : 0;
 4588 : 0;
 4589 : 0;
 4590 : 1;
 4591 : 1;
 4592 : 0;
 4593 : 0;
 4594 : 1;
 4595 : 1;
 4596 : 0;
 4597 : 0;
 4598 : 0;
 4599 : 1;
 4600 : 0;
 4601 : 0;
 4602 : 0;
 4603 : 0;
 4604 : 1;
 4605 : 0;
 4606 : 1;
 4607 : 0;
 4608 : 0;
 4609 : 1;
 4610 : 0;
 4611 : 0;
 4612 : 0;
 4613 : 0;
 4614 : 0;
 4615 : 1;
 4616 : 0;
 4617 : 0;
 4618 : 1;
 4619 : 1;
 4620 : 0;
 4621 : 1;
 4622 : 0;
 4623 : 0;
 4624 : 1;
 4625 : 0;
 4626 : 1;
 4627 : 0;
 4628 : 0;
 4629 : 0;
 4630 : 1;
 4631 : 0;
 4632 : 1;
 4633 : 1;
 4634 : 0;
 4635 : 1;
 4636 : 1;
 4637 : 0;
 4638 : 1;
 4639 : 0;
 4640 : 1;
 4641 : 0;
 4642 : 1;
 4643 : 0;
 4644 : 1;
 4645 : 0;
 4646 : 1;
 4647 : 0;
 4648 : 0;
 4649 : 0;
 4650 : 1;
 4651 : 1;
 4652 : 1;
 4653 : 0;
 4654 : 1;
 4655 : 0;
 4656 : 1;
 4657 : 1;
 4658 : 1;
 4659 : 0;
 4660 : 1;
 4661 : 1;
 4662 : 1;
 4663 : 0;
 4664 : 0;
 4665 : 0;
 4666 : 0;
 4667 : 1;
 4668 : 0;
 4669 : 1;
 4670 : 1;
 4671 : 0;
 4672 : 0;
 4673 : 1;
 4674 : 0;
 4675 : 1;
 4676 : 0;
 4677 : 1;
 4678 : 0;
 4679 : 1;
 4680 : 1;
 4681 : 1;
 4682 : 1;
 4683 : 1;
 4684 : 1;
 4685 : 1;
 4686 : 1;
 4687 : 1;
 4688 : 0;
 4689 : 0;
 4690 : 0;
 4691 : 1;
 4692 : 0;
 4693 : 0;
 4694 : 1;
 4695 : 1;
 4696 : 1;
 4697 : 1;
 4698 : 1;
 4699 : 1;
 4700 : 0;
 4701 : 0;
 4702 : 1;
 4703 : 0;
 4704 : 0;
 4705 : 1;
 4706 : 0;
 4707 : 0;
 4708 : 1;
 4709 : 0;
 4710 : 0;
 4711 : 0;
 4712 : 0;
 4713 : 0;
 4714 : 0;
 4715 : 0;
 4716 : 1;
 4717 : 1;
 4718 : 0;
 4719 : 1;
 4720 : 1;
 4721 : 0;
 4722 : 1;
 4723 : 1;
 4724 : 1;
 4725 : 0;
 4726 : 0;
 4727 : 0;
 4728 : 0;
 4729 : 1;
 4730 : 0;
 4731 : 1;
 4732 : 0;
 4733 : 1;
 4734 : 1;
 4735 : 1;
 4736 : 1;
 4737 : 0;
 4738 : 1;
 4739 : 1;
 4740 : 0;
 4741 : 1;
 4742 : 1;
 4743 : 1;
 4744 : 1;
 4745 : 1;
 4746 : 0;
 4747 : 0;
 4748 : 0;
 4749 : 0;
 4750 : 1;
 4751 : 0;
 4752 : 0;
 4753 : 1;
 4754 : 1;
 4755 : 0;
 4756 : 0;
 4757 : 1;
 4758 : 1;
 4759 : 1;
 4760 : 0;
 4761 : 1;
 4762 : 1;
 4763 : 1;
 4764 : 1;
 4765 : 0;
 4766 : 0;
 4767 : 0;
 4768 : 1;
 4769 : 1;
 4770 : 1;
 4771 : 1;
 4772 : 1;
 4773 : 0;
 4774 : 1;
 4775 : 0;
 4776 : 1;
 4777 : 0;
 4778 : 1;
 4779 : 0;
 4780 : 0;
 4781 : 1;
 4782 : 1;
 4783 : 1;
 4784 : 0;
 4785 : 1;
 4786 : 0;
 4787 : 0;
 4788 : 1;
 4789 : 1;
 4790 : 1;
 4791 : 0;
 4792 : 1;
 4793 : 0;
 4794 : 0;
 4795 : 0;
 4796 : 0;
 4797 : 0;
 4798 : 1;
 4799 : 1;
 4800 : 1;
 4801 : 0;
 4802 : 1;
 4803 : 0;
 4804 : 0;
 4805 : 1;
 4806 : 1;
 4807 : 1;
 4808 : 0;
 4809 : 0;
 4810 : 1;
 4811 : 1;
 4812 : 1;
 4813 : 1;
 4814 : 1;
 4815 : 0;
 4816 : 1;
 4817 : 0;
 4818 : 0;
 4819 : 0;
 4820 : 1;
 4821 : 1;
 4822 : 1;
 4823 : 0;
 4824 : 1;
 4825 : 1;
 4826 : 1;
 4827 : 1;
 4828 : 0;
 4829 : 0;
 4830 : 0;
 4831 : 1;
 4832 : 1;
 4833 : 1;
 4834 : 0;
 4835 : 0;
 4836 : 0;
 4837 : 1;
 4838 : 0;
 4839 : 0;
 4840 : 1;
 4841 : 0;
 4842 : 0;
 4843 : 0;
 4844 : 0;
 4845 : 1;
 4846 : 0;
 4847 : 1;
 4848 : 1;
 4849 : 1;
 4850 : 0;
 4851 : 1;
 4852 : 1;
 4853 : 1;
 4854 : 0;
 4855 : 1;
 4856 : 1;
 4857 : 0;
 4858 : 0;
 4859 : 1;
 4860 : 0;
 4861 : 0;
 4862 : 1;
 4863 : 0;
 4864 : 0;
 4865 : 1;
 4866 : 1;
 4867 : 0;
 4868 : 0;
 4869 : 1;
 4870 : 1;
 4871 : 0;
 4872 : 0;
 4873 : 0;
 4874 : 0;
 4875 : 0;
 4876 : 0;
 4877 : 1;
 4878 : 1;
 4879 : 0;
 4880 : 1;
 4881 : 1;
 4882 : 0;
 4883 : 1;
 4884 : 0;
 4885 : 0;
 4886 : 0;
 4887 : 1;
 4888 : 1;
 4889 : 1;
 4890 : 0;
 4891 : 1;
 4892 : 0;
 4893 : 1;
 4894 : 1;
 4895 : 1;
 4896 : 0;
 4897 : 1;
 4898 : 0;
 4899 : 1;
 4900 : 0;
 4901 : 0;
 4902 : 0;
 4903 : 1;
 4904 : 1;
 4905 : 1;
 4906 : 0;
 4907 : 0;
 4908 : 0;
 4909 : 0;
 4910 : 0;
 4911 : 0;
 4912 : 1;
 4913 : 1;
 4914 : 0;
 4915 : 1;
 4916 : 0;
 4917 : 0;
 4918 : 0;
 4919 : 0;
 4920 : 1;
 4921 : 1;
 4922 : 1;
 4923 : 0;
 4924 : 0;
 4925 : 0;
 4926 : 0;
 4927 : 1;
 4928 : 0;
 4929 : 1;
 4930 : 0;
 4931 : 1;
 4932 : 0;
 4933 : 0;
 4934 : 0;
 4935 : 0;
 4936 : 0;
 4937 : 0;
 4938 : 1;
 4939 : 1;
 4940 : 1;
 4941 : 1;
 4942 : 1;
 4943 : 1;
 4944 : 0;
 4945 : 0;
 4946 : 1;
 4947 : 1;
 4948 : 0;
 4949 : 1;
 4950 : 1;
 4951 : 1;
 4952 : 1;
 4953 : 0;
 4954 : 1;
 4955 : 1;
 4956 : 0;
 4957 : 1;
 4958 : 0;
 4959 : 1;
 4960 : 0;
 4961 : 1;
 4962 : 0;
 4963 : 1;
 4964 : 0;
 4965 : 0;
 4966 : 1;
 4967 : 0;
 4968 : 0;
 4969 : 0;
 4970 : 1;
 4971 : 1;
 4972 : 0;
 4973 : 0;
 4974 : 0;
 4975 : 0;
 4976 : 0;
 4977 : 0;
 4978 : 0;
 4979 : 0;
 4980 : 1;
 4981 : 1;
 4982 : 0;
 4983 : 0;
 4984 : 1;
 4985 : 0;
 4986 : 0;
 4987 : 1;
 4988 : 0;
 4989 : 1;
 4990 : 0;
 4991 : 1;
 4992 : 1;
 4993 : 1;
 4994 : 0;
 4995 : 1;
 4996 : 0;
 4997 : 0;
 4998 : 1;
 4999 : 1;
 5000 : 1;
 5001 : 1;
 5002 : 1;
 5003 : 0;
 5004 : 0;
 5005 : 1;
 5006 : 0;
 5007 : 0;
 5008 : 1;
 5009 : 1;
 5010 : 0;
 5011 : 0;
 5012 : 1;
 5013 : 1;
 5014 : 0;
 5015 : 1;
 5016 : 0;
 5017 : 0;
 5018 : 1;
 5019 : 0;
 5020 : 1;
 5021 : 0;
 5022 : 0;
 5023 : 0;
 5024 : 1;
 5025 : 1;
 5026 : 0;
 5027 : 1;
 5028 : 0;
 5029 : 1;
 5030 : 0;
 5031 : 1;
 5032 : 0;
 5033 : 0;
 5034 : 1;
 5035 : 1;
 5036 : 1;
 5037 : 1;
 5038 : 0;
 5039 : 0;
 5040 : 0;
 5041 : 0;
 5042 : 0;
 5043 : 0;
 5044 : 1;
 5045 : 1;
 5046 : 1;
 5047 : 1;
 5048 : 1;
 5049 : 0;
 5050 : 0;
 5051 : 1;
 5052 : 0;
 5053 : 0;
 5054 : 0;
 5055 : 1;
 5056 : 1;
 5057 : 1;
 5058 : 0;
 5059 : 1;
 5060 : 0;
 5061 : 1;
 5062 : 0;
 5063 : 1;
 5064 : 0;
 5065 : 1;
 5066 : 1;
 5067 : 0;
 5068 : 0;
 5069 : 0;
 5070 : 1;
 5071 : 0;
 5072 : 1;
 5073 : 1;
 5074 : 1;
 5075 : 0;
 5076 : 0;
 5077 : 1;
 5078 : 1;
 5079 : 1;
 5080 : 1;
 5081 : 0;
 5082 : 1;
 5083 : 0;
 5084 : 1;
 5085 : 1;
 5086 : 0;
 5087 : 1;
 5088 : 0;
 5089 : 1;
 5090 : 0;
 5091 : 0;
 5092 : 1;
 5093 : 1;
 5094 : 0;
 5095 : 1;
 5096 : 0;
 5097 : 0;
 5098 : 0;
 5099 : 0;
 5100 : 0;
 5101 : 1;
 5102 : 0;
 5103 : 0;
 5104 : 1;
 5105 : 1;
 5106 : 0;
 5107 : 1;
 5108 : 0;
 5109 : 1;
 5110 : 0;
 5111 : 0;
 5112 : 1;
 5113 : 1;
 5114 : 1;
 5115 : 0;
 5116 : 0;
 5117 : 1;
 5118 : 0;
 5119 : 0;
 5120 : 1;
 5121 : 1;
 5122 : 0;
 5123 : 0;
 5124 : 1;
 5125 : 0;
 5126 : 1;
 5127 : 1;
 5128 : 0;
 5129 : 1;
 5130 : 0;
 5131 : 0;
 5132 : 0;
 5133 : 1;
 5134 : 1;
 5135 : 0;
 5136 : 1;
 5137 : 0;
 5138 : 1;
 5139 : 0;
 5140 : 1;
 5141 : 1;
 5142 : 0;
 5143 : 0;
 5144 : 0;
 5145 : 1;
 5146 : 0;
 5147 : 0;
 5148 : 0;
 5149 : 0;
 5150 : 0;
 5151 : 0;
 5152 : 0;
 5153 : 1;
 5154 : 1;
 5155 : 0;
 5156 : 1;
 5157 : 0;
 5158 : 0;
 5159 : 1;
 5160 : 0;
 5161 : 1;
 5162 : 1;
 5163 : 0;
 5164 : 1;
 5165 : 0;
 5166 : 0;
 5167 : 1;
 5168 : 0;
 5169 : 0;
 5170 : 1;
 5171 : 1;
 5172 : 1;
 5173 : 0;
 5174 : 1;
 5175 : 1;
 5176 : 1;
 5177 : 0;
 5178 : 1;
 5179 : 0;
 5180 : 0;
 5181 : 0;
 5182 : 0;
 5183 : 1;
 5184 : 0;
 5185 : 1;
 5186 : 0;
 5187 : 0;
 5188 : 1;
 5189 : 1;
 5190 : 0;
 5191 : 1;
 5192 : 1;
 5193 : 1;
 5194 : 1;
 5195 : 1;
 5196 : 0;
 5197 : 0;
 5198 : 0;
 5199 : 0;
 5200 : 1;
 5201 : 1;
 5202 : 0;
 5203 : 1;
 5204 : 1;
 5205 : 1;
 5206 : 0;
 5207 : 0;
 5208 : 1;
 5209 : 1;
 5210 : 1;
 5211 : 1;
 5212 : 0;
 5213 : 0;
 5214 : 0;
 5215 : 1;
 5216 : 0;
 5217 : 1;
 5218 : 0;
 5219 : 0;
 5220 : 1;
 5221 : 0;
 5222 : 1;
 5223 : 0;
 5224 : 0;
 5225 : 0;
 5226 : 1;
 5227 : 0;
 5228 : 0;
 5229 : 1;
 5230 : 1;
 5231 : 1;
 5232 : 1;
 5233 : 0;
 5234 : 0;
 5235 : 1;
 5236 : 1;
 5237 : 1;
 5238 : 0;
 5239 : 1;
 5240 : 1;
 5241 : 0;
 5242 : 1;
 5243 : 0;
 5244 : 0;
 5245 : 0;
 5246 : 1;
 5247 : 1;
 5248 : 0;
 5249 : 0;
 5250 : 1;
 5251 : 1;
 5252 : 0;
 5253 : 0;
 5254 : 1;
 5255 : 0;
 5256 : 1;
 5257 : 1;
 5258 : 0;
 5259 : 1;
 5260 : 0;
 5261 : 0;
 5262 : 1;
 5263 : 1;
 5264 : 0;
 5265 : 1;
 5266 : 1;
 5267 : 0;
 5268 : 0;
 5269 : 0;
 5270 : 0;
 5271 : 1;
 5272 : 0;
 5273 : 1;
 5274 : 0;
 5275 : 0;
 5276 : 0;
 5277 : 1;
 5278 : 1;
 5279 : 0;
 5280 : 0;
 5281 : 0;
 5282 : 1;
 5283 : 1;
 5284 : 0;
 5285 : 0;
 5286 : 0;
 5287 : 0;
 5288 : 0;
 5289 : 1;
 5290 : 0;
 5291 : 0;
 5292 : 1;
 5293 : 1;
 5294 : 0;
 5295 : 0;
 5296 : 0;
 5297 : 0;
 5298 : 1;
 5299 : 1;
 5300 : 0;
 5301 : 0;
 5302 : 0;
 5303 : 1;
 5304 : 0;
 5305 : 0;
 5306 : 1;
 5307 : 0;
 5308 : 0;
 5309 : 1;
 5310 : 0;
 5311 : 1;
 5312 : 0;
 5313 : 0;
 5314 : 0;
 5315 : 1;
 5316 : 0;
 5317 : 1;
 5318 : 0;
 5319 : 0;
 5320 : 0;
 5321 : 1;
 5322 : 0;
 5323 : 1;
 5324 : 1;
 5325 : 0;
 5326 : 0;
 5327 : 0;
 5328 : 1;
 5329 : 0;
 5330 : 0;
 5331 : 1;
 5332 : 0;
 5333 : 0;
 5334 : 0;
 5335 : 1;
 5336 : 1;
 5337 : 1;
 5338 : 1;
 5339 : 1;
 5340 : 0;
 5341 : 0;
 5342 : 0;
 5343 : 0;
 5344 : 0;
 5345 : 1;
 5346 : 1;
 5347 : 1;
 5348 : 1;
 5349 : 1;
 5350 : 0;
 5351 : 0;
 5352 : 0;
 5353 : 0;
 5354 : 1;
 5355 : 1;
 5356 : 0;
 5357 : 0;
 5358 : 1;
 5359 : 1;
 5360 : 1;
 5361 : 0;
 5362 : 1;
 5363 : 0;
 5364 : 1;
 5365 : 0;
 5366 : 0;
 5367 : 1;
 5368 : 1;
 5369 : 0;
 5370 : 0;
 5371 : 0;
 5372 : 1;
 5373 : 0;
 5374 : 0;
 5375 : 0;
 5376 : 1;
 5377 : 1;
 5378 : 0;
 5379 : 0;
 5380 : 0;
 5381 : 0;
 5382 : 1;
 5383 : 1;
 5384 : 0;
 5385 : 1;
 5386 : 0;
 5387 : 1;
 5388 : 0;
 5389 : 1;
 5390 : 1;
 5391 : 1;
 5392 : 0;
 5393 : 0;
 5394 : 1;
 5395 : 0;
 5396 : 1;
 5397 : 0;
 5398 : 0;
 5399 : 1;
 5400 : 0;
 5401 : 0;
 5402 : 0;
 5403 : 1;
 5404 : 1;
 5405 : 1;
 5406 : 1;
 5407 : 0;
 5408 : 0;
 5409 : 0;
 5410 : 1;
 5411 : 1;
 5412 : 0;
 5413 : 1;
 5414 : 0;
 5415 : 1;
 5416 : 1;
 5417 : 1;
 5418 : 0;
 5419 : 0;
 5420 : 0;
 5421 : 1;
 5422 : 1;
 5423 : 1;
 5424 : 0;
 5425 : 0;
 5426 : 0;
 5427 : 1;
 5428 : 1;
 5429 : 1;
 5430 : 0;
 5431 : 1;
 5432 : 0;
 5433 : 0;
 5434 : 0;
 5435 : 0;
 5436 : 0;
 5437 : 1;
 5438 : 0;
 5439 : 1;
 5440 : 1;
 5441 : 0;
 5442 : 1;
 5443 : 0;
 5444 : 1;
 5445 : 0;
 5446 : 1;
 5447 : 0;
 5448 : 1;
 5449 : 1;
 5450 : 0;
 5451 : 0;
 5452 : 1;
 5453 : 1;
 5454 : 1;
 5455 : 0;
 5456 : 0;
 5457 : 1;
 5458 : 0;
 5459 : 1;
 5460 : 1;
 5461 : 1;
 5462 : 0;
 5463 : 1;
 5464 : 1;
 5465 : 0;
 5466 : 0;
 5467 : 1;
 5468 : 0;
 5469 : 1;
 5470 : 1;
 5471 : 1;
 5472 : 1;
 5473 : 0;
 5474 : 0;
 5475 : 1;
 5476 : 1;
 5477 : 0;
 5478 : 1;
 5479 : 1;
 5480 : 1;
 5481 : 1;
 5482 : 0;
 5483 : 1;
 5484 : 1;
 5485 : 0;
 5486 : 0;
 5487 : 1;
 5488 : 1;
 5489 : 1;
 5490 : 1;
 5491 : 0;
 5492 : 0;
 5493 : 0;
 5494 : 1;
 5495 : 0;
 5496 : 1;
 5497 : 0;
 5498 : 0;
 5499 : 0;
 5500 : 0;
 5501 : 0;
 5502 : 1;
 5503 : 1;
 5504 : 0;
 5505 : 0;
 5506 : 1;
 5507 : 1;
 5508 : 1;
 5509 : 1;
 5510 : 0;
 5511 : 1;
 5512 : 1;
 5513 : 0;
 5514 : 0;
 5515 : 0;
 5516 : 1;
 5517 : 1;
 5518 : 1;
 5519 : 0;
 5520 : 0;
 5521 : 1;
 5522 : 1;
 5523 : 1;
 5524 : 0;
 5525 : 1;
 5526 : 1;
 5527 : 1;
 5528 : 0;
 5529 : 1;
 5530 : 0;
 5531 : 1;
 5532 : 0;
 5533 : 0;
 5534 : 1;
 5535 : 1;
 5536 : 0;
 5537 : 0;
 5538 : 1;
 5539 : 0;
 5540 : 1;
 5541 : 0;
 5542 : 0;
 5543 : 1;
 5544 : 0;
 5545 : 1;
 5546 : 0;
 5547 : 0;
 5548 : 1;
 5549 : 1;
 5550 : 0;
 5551 : 1;
 5552 : 1;
 5553 : 1;
 5554 : 0;
 5555 : 0;
 5556 : 1;
 5557 : 1;
 5558 : 0;
 5559 : 1;
 5560 : 1;
 5561 : 1;
 5562 : 0;
 5563 : 0;
 5564 : 1;
 5565 : 0;
 5566 : 1;
 5567 : 1;
 5568 : 0;
 5569 : 0;
 5570 : 1;
 5571 : 1;
 5572 : 1;
 5573 : 1;
 5574 : 1;
 5575 : 1;
 5576 : 1;
 5577 : 0;
 5578 : 0;
 5579 : 1;
 5580 : 1;
 5581 : 1;
 5582 : 1;
 5583 : 1;
 5584 : 0;
 5585 : 1;
 5586 : 1;
 5587 : 0;
 5588 : 1;
 5589 : 0;
 5590 : 0;
 5591 : 1;
 5592 : 1;
 5593 : 1;
 5594 : 0;
 5595 : 0;
 5596 : 1;
 5597 : 0;
 5598 : 1;
 5599 : 0;
 5600 : 1;
 5601 : 0;
 5602 : 1;
 5603 : 0;
 5604 : 0;
 5605 : 1;
 5606 : 1;
 5607 : 1;
 5608 : 0;
 5609 : 0;
 5610 : 0;
 5611 : 1;
 5612 : 0;
 5613 : 0;
 5614 : 1;
 5615 : 0;
 5616 : 0;
 5617 : 0;
 5618 : 0;
 5619 : 1;
 5620 : 0;
 5621 : 1;
 5622 : 0;
 5623 : 1;
 5624 : 1;
 5625 : 1;
 5626 : 0;
 5627 : 0;
 5628 : 1;
 5629 : 1;
 5630 : 1;
 5631 : 1;
 5632 : 0;
 5633 : 0;
 5634 : 1;
 5635 : 1;
 5636 : 0;
 5637 : 0;
 5638 : 0;
 5639 : 0;
 5640 : 0;
 5641 : 0;
 5642 : 0;
 5643 : 0;
 5644 : 1;
 5645 : 1;
 5646 : 0;
 5647 : 0;
 5648 : 1;
 5649 : 0;
 5650 : 1;
 5651 : 0;
 5652 : 1;
 5653 : 0;
 5654 : 1;
 5655 : 1;
 5656 : 1;
 5657 : 0;
 5658 : 0;
 5659 : 0;
 5660 : 1;
 5661 : 1;
 5662 : 1;
 5663 : 1;
 5664 : 1;
 5665 : 0;
 5666 : 1;
 5667 : 1;
 5668 : 0;
 5669 : 0;
 5670 : 0;
 5671 : 1;
 5672 : 0;
 5673 : 0;
 5674 : 1;
 5675 : 0;
 5676 : 0;
 5677 : 0;
 5678 : 1;
 5679 : 1;
 5680 : 1;
 5681 : 0;
 5682 : 1;
 5683 : 0;
 5684 : 0;
 5685 : 0;
 5686 : 1;
 5687 : 0;
 5688 : 0;
 5689 : 0;
 5690 : 0;
 5691 : 1;
 5692 : 1;
 5693 : 1;
 5694 : 0;
 5695 : 0;
 5696 : 1;
 5697 : 0;
 5698 : 0;
 5699 : 1;
 5700 : 1;
 5701 : 0;
 5702 : 0;
 5703 : 1;
 5704 : 0;
 5705 : 1;
 5706 : 1;
 5707 : 0;
 5708 : 0;
 5709 : 0;
 5710 : 0;
 5711 : 0;
 5712 : 1;
 5713 : 0;
 5714 : 0;
 5715 : 0;
 5716 : 1;
 5717 : 1;
 5718 : 1;
 5719 : 0;
 5720 : 1;
 5721 : 1;
 5722 : 0;
 5723 : 1;
 5724 : 1;
 5725 : 1;
 5726 : 0;
 5727 : 0;
 5728 : 0;
 5729 : 1;
 5730 : 0;
 5731 : 0;
 5732 : 0;
 5733 : 0;
 5734 : 0;
 5735 : 1;
 5736 : 1;
 5737 : 1;
 5738 : 1;
 5739 : 0;
 5740 : 0;
 5741 : 0;
 5742 : 1;
 5743 : 1;
 5744 : 0;
 5745 : 0;
 5746 : 0;
 5747 : 1;
 5748 : 1;
 5749 : 1;
 5750 : 0;
 5751 : 1;
 5752 : 0;
 5753 : 1;
 5754 : 1;
 5755 : 1;
 5756 : 0;
 5757 : 0;
 5758 : 0;
 5759 : 0;
 5760 : 1;
 5761 : 1;
 5762 : 1;
 5763 : 0;
 5764 : 1;
 5765 : 0;
 5766 : 1;
 5767 : 1;
 5768 : 0;
 5769 : 0;
 5770 : 1;
 5771 : 1;
 5772 : 0;
 5773 : 1;
 5774 : 1;
 5775 : 1;
 5776 : 1;
 5777 : 1;
 5778 : 0;
 5779 : 1;
 5780 : 1;
 5781 : 0;
 5782 : 1;
 5783 : 1;
 5784 : 0;
 5785 : 0;
 5786 : 0;
 5787 : 1;
 5788 : 0;
 5789 : 0;
 5790 : 1;
 5791 : 1;
 5792 : 1;
 5793 : 0;
 5794 : 1;
 5795 : 0;
 5796 : 1;
 5797 : 1;
 5798 : 0;
 5799 : 0;
 5800 : 1;
 5801 : 0;
 5802 : 0;
 5803 : 1;
 5804 : 1;
 5805 : 1;
 5806 : 1;
 5807 : 0;
 5808 : 0;
 5809 : 1;
 5810 : 1;
 5811 : 0;
 5812 : 1;
 5813 : 1;
 5814 : 0;
 5815 : 1;
 5816 : 0;
 5817 : 1;
 5818 : 1;
 5819 : 1;
 5820 : 0;
 5821 : 1;
 5822 : 0;
 5823 : 1;
 5824 : 1;
 5825 : 1;
 5826 : 0;
 5827 : 1;
 5828 : 1;
 5829 : 1;
 5830 : 1;
 5831 : 1;
 5832 : 0;
 5833 : 0;
 5834 : 0;
 5835 : 0;
 5836 : 1;
 5837 : 1;
 5838 : 1;
 5839 : 0;
 5840 : 0;
 5841 : 1;
 5842 : 0;
 5843 : 0;
 5844 : 0;
 5845 : 0;
 5846 : 1;
 5847 : 1;
 5848 : 1;
 5849 : 0;
 5850 : 1;
 5851 : 0;
 5852 : 0;
 5853 : 0;
 5854 : 1;
 5855 : 0;
 5856 : 1;
 5857 : 0;
 5858 : 0;
 5859 : 1;
 5860 : 1;
 5861 : 0;
 5862 : 1;
 5863 : 1;
 5864 : 1;
 5865 : 1;
 5866 : 1;
 5867 : 0;
 5868 : 1;
 5869 : 0;
 5870 : 0;
 5871 : 1;
 5872 : 1;
 5873 : 1;
 5874 : 1;
 5875 : 0;
 5876 : 0;
 5877 : 1;
 5878 : 0;
 5879 : 1;
 5880 : 0;
 5881 : 1;
 5882 : 1;
 5883 : 1;
 5884 : 1;
 5885 : 1;
 5886 : 0;
 5887 : 1;
 5888 : 0;
 5889 : 1;
 5890 : 0;
 5891 : 1;
 5892 : 0;
 5893 : 0;
 5894 : 1;
 5895 : 0;
 5896 : 0;
 5897 : 0;
 5898 : 1;
 5899 : 1;
 5900 : 1;
 5901 : 1;
 5902 : 0;
 5903 : 0;
 5904 : 1;
 5905 : 1;
 5906 : 0;
 5907 : 1;
 5908 : 0;
 5909 : 0;
 5910 : 0;
 5911 : 0;
 5912 : 0;
 5913 : 0;
 5914 : 0;
 5915 : 1;
 5916 : 1;
 5917 : 0;
 5918 : 1;
 5919 : 1;
 5920 : 1;
 5921 : 0;
 5922 : 0;
 5923 : 1;
 5924 : 0;
 5925 : 0;
 5926 : 1;
 5927 : 1;
 5928 : 1;
 5929 : 0;
 5930 : 0;
 5931 : 0;
 5932 : 0;
 5933 : 0;
 5934 : 1;
 5935 : 0;
 5936 : 1;
 5937 : 1;
 5938 : 1;
 5939 : 0;
 5940 : 0;
 5941 : 0;
 5942 : 0;
 5943 : 1;
 5944 : 1;
 5945 : 1;
 5946 : 1;
 5947 : 0;
 5948 : 0;
 5949 : 0;
 5950 : 0;
 5951 : 0;
 5952 : 1;
 5953 : 1;
 5954 : 0;
 5955 : 0;
 5956 : 0;
 5957 : 0;
 5958 : 0;
 5959 : 1;
 5960 : 0;
 5961 : 0;
 5962 : 1;
 5963 : 0;
 5964 : 0;
 5965 : 0;
 5966 : 1;
 5967 : 0;
 5968 : 0;
 5969 : 1;
 5970 : 1;
 5971 : 0;
 5972 : 1;
 5973 : 0;
 5974 : 1;
 5975 : 0;
 5976 : 1;
 5977 : 0;
 5978 : 0;
 5979 : 0;
 5980 : 1;
 5981 : 1;
 5982 : 0;
 5983 : 0;
 5984 : 0;
 5985 : 0;
 5986 : 1;
 5987 : 0;
 5988 : 1;
 5989 : 1;
 5990 : 0;
 5991 : 0;
 5992 : 0;
 5993 : 0;
 5994 : 0;
 5995 : 1;
 5996 : 1;
 5997 : 0;
 5998 : 0;
 5999 : 1;
 6000 : 0;
 6001 : 1;
 6002 : 1;
 6003 : 0;
 6004 : 1;
 6005 : 0;
 6006 : 1;
 6007 : 1;
 6008 : 1;
 6009 : 0;
 6010 : 1;
 6011 : 0;
 6012 : 1;
 6013 : 1;
 6014 : 0;
 6015 : 1;
 6016 : 0;
 6017 : 1;
 6018 : 1;
 6019 : 0;
 6020 : 0;
 6021 : 0;
 6022 : 0;
 6023 : 1;
 6024 : 0;
 6025 : 0;
 6026 : 0;
 6027 : 0;
 6028 : 1;
 6029 : 1;
 6030 : 1;
 6031 : 1;
 6032 : 1;
 6033 : 1;
 6034 : 1;
 6035 : 0;
 6036 : 1;
 6037 : 0;
 6038 : 0;
 6039 : 0;
 6040 : 0;
 6041 : 0;
 6042 : 1;
 6043 : 0;
 6044 : 0;
 6045 : 0;
 6046 : 0;
 6047 : 1;
 6048 : 0;
 6049 : 1;
 6050 : 1;
 6051 : 0;
 6052 : 0;
 6053 : 1;
 6054 : 1;
 6055 : 0;
 6056 : 0;
 6057 : 1;
 6058 : 0;
 6059 : 0;
 6060 : 0;
 6061 : 1;
 6062 : 1;
 6063 : 0;
 6064 : 0;
 6065 : 0;
 6066 : 1;
 6067 : 1;
 6068 : 0;
 6069 : 1;
 6070 : 1;
 6071 : 1;
 6072 : 1;
 6073 : 1;
 6074 : 0;
 6075 : 0;
 6076 : 0;
 6077 : 1;
 6078 : 0;
 6079 : 1;
 6080 : 0;
 6081 : 1;
 6082 : 0;
 6083 : 1;
 6084 : 1;
 6085 : 1;
 6086 : 1;
 6087 : 1;
 6088 : 0;
 6089 : 1;
 6090 : 1;
 6091 : 0;
 6092 : 0;
 6093 : 1;
 6094 : 1;
 6095 : 0;
 6096 : 1;
 6097 : 1;
 6098 : 1;
 6099 : 1;
 6100 : 0;
 6101 : 1;
 6102 : 1;
 6103 : 0;
 6104 : 1;
 6105 : 0;
 6106 : 0;
 6107 : 1;
 6108 : 1;
 6109 : 1;
 6110 : 1;
 6111 : 0;
 6112 : 1;
 6113 : 1;
 6114 : 1;
 6115 : 1;
 6116 : 1;
 6117 : 1;
 6118 : 1;
 6119 : 1;
 6120 : 1;
 6121 : 0;
 6122 : 1;
 6123 : 1;
 6124 : 0;
 6125 : 0;
 6126 : 1;
 6127 : 0;
 6128 : 0;
 6129 : 0;
 6130 : 1;
 6131 : 0;
 6132 : 1;
 6133 : 1;
 6134 : 1;
 6135 : 0;
 6136 : 1;
 6137 : 1;
 6138 : 1;
 6139 : 1;
 6140 : 0;
 6141 : 0;
 6142 : 1;
 6143 : 0;
 6144 : 1;
 6145 : 0;
 6146 : 0;
 6147 : 1;
 6148 : 0;
 6149 : 1;
 6150 : 1;
 6151 : 0;
 6152 : 0;
 6153 : 1;
 6154 : 1;
 6155 : 1;
 6156 : 1;
 6157 : 1;
 6158 : 1;
 6159 : 1;
 6160 : 1;
 6161 : 1;
 6162 : 0;
 6163 : 1;
 6164 : 0;
 6165 : 0;
 6166 : 1;
 6167 : 0;
 6168 : 0;
 6169 : 1;
 6170 : 1;
 6171 : 0;
 6172 : 1;
 6173 : 0;
 6174 : 0;
 6175 : 1;
 6176 : 0;
 6177 : 0;
 6178 : 0;
 6179 : 0;
 6180 : 1;
 6181 : 1;
 6182 : 1;
 6183 : 0;
 6184 : 0;
 6185 : 1;
 6186 : 0;
 6187 : 1;
 6188 : 0;
 6189 : 0;
 6190 : 0;
 6191 : 1;
 6192 : 1;
 6193 : 0;
 6194 : 0;
 6195 : 0;
 6196 : 1;
 6197 : 0;
 6198 : 0;
 6199 : 1;
 6200 : 0;
 6201 : 1;
 6202 : 0;
 6203 : 0;
 6204 : 1;
 6205 : 0;
 6206 : 1;
 6207 : 0;
 6208 : 0;
 6209 : 1;
 6210 : 1;
 6211 : 0;
 6212 : 1;
 6213 : 0;
 6214 : 0;
 6215 : 0;
 6216 : 1;
 6217 : 1;
 6218 : 1;
 6219 : 1;
 6220 : 1;
 6221 : 0;
 6222 : 0;
 6223 : 1;
 6224 : 0;
 6225 : 1;
 6226 : 1;
 6227 : 0;
 6228 : 1;
 6229 : 1;
 6230 : 1;
 6231 : 1;
 6232 : 1;
 6233 : 0;
 6234 : 0;
 6235 : 0;
 6236 : 1;
 6237 : 0;
 6238 : 1;
 6239 : 1;
 6240 : 0;
 6241 : 1;
 6242 : 1;
 6243 : 1;
 6244 : 0;
 6245 : 0;
 6246 : 1;
 6247 : 0;
 6248 : 0;
 6249 : 1;
 6250 : 1;
 6251 : 1;
 6252 : 0;
 6253 : 0;
 6254 : 1;
 6255 : 1;
 6256 : 0;
 6257 : 0;
 6258 : 0;
 6259 : 1;
 6260 : 0;
 6261 : 1;
 6262 : 1;
 6263 : 1;
 6264 : 1;
 6265 : 0;
 6266 : 1;
 6267 : 0;
 6268 : 0;
 6269 : 1;
 6270 : 1;
 6271 : 1;
 6272 : 0;
 6273 : 0;
 6274 : 1;
 6275 : 0;
 6276 : 0;
 6277 : 0;
 6278 : 1;
 6279 : 1;
 6280 : 1;
 6281 : 1;
 6282 : 1;
 6283 : 0;
 6284 : 0;
 6285 : 0;
 6286 : 0;
 6287 : 0;
 6288 : 1;
 6289 : 1;
 6290 : 0;
 6291 : 1;
 6292 : 0;
 6293 : 0;
 6294 : 1;
 6295 : 1;
 6296 : 1;
 6297 : 1;
 6298 : 1;
 6299 : 1;
 6300 : 0;
 6301 : 0;
 6302 : 0;
 6303 : 0;
 6304 : 1;
 6305 : 1;
 6306 : 0;
 6307 : 0;
 6308 : 1;
 6309 : 0;
 6310 : 1;
 6311 : 0;
 6312 : 0;
 6313 : 1;
 6314 : 0;
 6315 : 1;
 6316 : 1;
 6317 : 0;
 6318 : 1;
 6319 : 0;
 6320 : 1;
 6321 : 0;
 6322 : 0;
 6323 : 0;
 6324 : 1;
 6325 : 0;
 6326 : 1;
 6327 : 0;
 6328 : 0;
 6329 : 0;
 6330 : 1;
 6331 : 0;
 6332 : 0;
 6333 : 0;
 6334 : 0;
 6335 : 0;
 6336 : 1;
 6337 : 0;
 6338 : 0;
 6339 : 1;
 6340 : 0;
 6341 : 1;
 6342 : 0;
 6343 : 0;
 6344 : 0;
 6345 : 1;
 6346 : 1;
 6347 : 1;
 6348 : 0;
 6349 : 1;
 6350 : 1;
 6351 : 0;
 6352 : 0;
 6353 : 1;
 6354 : 1;
 6355 : 1;
 6356 : 1;
 6357 : 1;
 6358 : 1;
 6359 : 0;
 6360 : 0;
 6361 : 1;
 6362 : 1;
 6363 : 1;
 6364 : 1;
 6365 : 1;
 6366 : 1;
 6367 : 1;
 6368 : 1;
 6369 : 1;
 6370 : 1;
 6371 : 1;
 6372 : 1;
 6373 : 0;
 6374 : 0;
 6375 : 0;
 6376 : 0;
 6377 : 0;
 6378 : 0;
 6379 : 0;
 6380 : 1;
 6381 : 1;
 6382 : 0;
 6383 : 0;
 6384 : 0;
 6385 : 1;
 6386 : 1;
 6387 : 1;
 6388 : 0;
 6389 : 1;
 6390 : 0;
 6391 : 1;
 6392 : 1;
 6393 : 0;
 6394 : 1;
 6395 : 1;
 6396 : 0;
 6397 : 1;
 6398 : 0;
 6399 : 1;
 6400 : 1;
 6401 : 1;
 6402 : 1;
 6403 : 1;
 6404 : 0;
 6405 : 0;
 6406 : 0;
 6407 : 1;
 6408 : 1;
 6409 : 0;
 6410 : 0;
 6411 : 1;
 6412 : 0;
 6413 : 0;
 6414 : 1;
 6415 : 0;
 6416 : 1;
 6417 : 1;
 6418 : 1;
 6419 : 0;
 6420 : 0;
 6421 : 0;
 6422 : 1;
 6423 : 1;
 6424 : 1;
 6425 : 0;
 6426 : 0;
 6427 : 1;
 6428 : 1;
 6429 : 0;
 6430 : 0;
 6431 : 0;
 6432 : 0;
 6433 : 0;
 6434 : 0;
 6435 : 0;
 6436 : 0;
 6437 : 0;
 6438 : 1;
 6439 : 0;
 6440 : 1;
 6441 : 0;
 6442 : 0;
 6443 : 0;
 6444 : 0;
 6445 : 0;
 6446 : 1;
 6447 : 0;
 6448 : 1;
 6449 : 1;
 6450 : 1;
 6451 : 1;
 6452 : 1;
 6453 : 0;
 6454 : 0;
 6455 : 1;
 6456 : 0;
 6457 : 1;
 6458 : 1;
 6459 : 0;
 6460 : 1;
 6461 : 1;
 6462 : 0;
 6463 : 0;
 6464 : 0;
 6465 : 0;
 6466 : 0;
 6467 : 1;
 6468 : 0;
 6469 : 0;
 6470 : 1;
 6471 : 0;
 6472 : 0;
 6473 : 0;
 6474 : 0;
 6475 : 0;
 6476 : 1;
 6477 : 1;
 6478 : 1;
 6479 : 1;
 6480 : 1;
 6481 : 0;
 6482 : 0;
 6483 : 0;
 6484 : 0;
 6485 : 1;
 6486 : 1;
 6487 : 0;
 6488 : 0;
 6489 : 0;
 6490 : 1;
 6491 : 0;
 6492 : 0;
 6493 : 0;
 6494 : 1;
 6495 : 0;
 6496 : 0;
 6497 : 0;
 6498 : 0;
 6499 : 1;
 6500 : 1;
 6501 : 1;
 6502 : 1;
 6503 : 0;
 6504 : 0;
 6505 : 0;
 6506 : 1;
 6507 : 0;
 6508 : 1;
 6509 : 0;
 6510 : 1;
 6511 : 0;
 6512 : 1;
 6513 : 1;
 6514 : 1;
 6515 : 1;
 6516 : 1;
 6517 : 1;
 6518 : 0;
 6519 : 0;
 6520 : 1;
 6521 : 1;
 6522 : 1;
 6523 : 1;
 6524 : 1;
 6525 : 1;
 6526 : 0;
 6527 : 0;
 6528 : 0;
 6529 : 0;
 6530 : 1;
 6531 : 1;
 6532 : 1;
 6533 : 1;
 6534 : 1;
 6535 : 0;
 6536 : 0;
 6537 : 1;
 6538 : 0;
 6539 : 0;
 6540 : 1;
 6541 : 0;
 6542 : 1;
 6543 : 0;
 6544 : 0;
 6545 : 0;
 6546 : 1;
 6547 : 0;
 6548 : 1;
 6549 : 1;
 6550 : 0;
 6551 : 0;
 6552 : 1;
 6553 : 1;
 6554 : 0;
 6555 : 0;
 6556 : 1;
 6557 : 0;
 6558 : 0;
 6559 : 0;
 6560 : 0;
 6561 : 1;
 6562 : 0;
 6563 : 0;
 6564 : 0;
 6565 : 0;
 6566 : 1;
 6567 : 1;
 6568 : 0;
 6569 : 0;
 6570 : 1;
 6571 : 1;
 6572 : 0;
 6573 : 0;
 6574 : 0;
 6575 : 1;
 6576 : 0;
 6577 : 1;
 6578 : 0;
 6579 : 1;
 6580 : 0;
 6581 : 1;
 6582 : 1;
 6583 : 1;
 6584 : 1;
 6585 : 0;
 6586 : 0;
 6587 : 0;
 6588 : 1;
 6589 : 0;
 6590 : 1;
 6591 : 1;
 6592 : 1;
 6593 : 1;
 6594 : 1;
 6595 : 0;
 6596 : 0;
 6597 : 0;
 6598 : 0;
 6599 : 0;
 6600 : 0;
 6601 : 1;
 6602 : 1;
 6603 : 0;
 6604 : 0;
 6605 : 1;
 6606 : 1;
 6607 : 0;
 6608 : 0;
 6609 : 0;
 6610 : 0;
 6611 : 0;
 6612 : 0;
 6613 : 0;
 6614 : 0;
 6615 : 0;
 6616 : 1;
 6617 : 0;
 6618 : 0;
 6619 : 1;
 6620 : 0;
 6621 : 1;
 6622 : 0;
 6623 : 0;
 6624 : 0;
 6625 : 0;
 6626 : 0;
 6627 : 0;
 6628 : 0;
 6629 : 1;
 6630 : 1;
 6631 : 1;
 6632 : 1;
 6633 : 1;
 6634 : 1;
 6635 : 0;
 6636 : 1;
 6637 : 0;
 6638 : 0;
 6639 : 0;
 6640 : 1;
 6641 : 0;
 6642 : 1;
 6643 : 1;
 6644 : 1;
 6645 : 0;
 6646 : 0;
 6647 : 0;
 6648 : 1;
 6649 : 1;
 6650 : 0;
 6651 : 0;
 6652 : 1;
 6653 : 0;
 6654 : 1;
 6655 : 0;
 6656 : 0;
 6657 : 0;
 6658 : 0;
 6659 : 0;
 6660 : 1;
 6661 : 0;
 6662 : 1;
 6663 : 1;
 6664 : 1;
 6665 : 0;
 6666 : 0;
 6667 : 1;
 6668 : 1;
 6669 : 1;
 6670 : 0;
 6671 : 0;
 6672 : 0;
 6673 : 1;
 6674 : 1;
 6675 : 1;
 6676 : 1;
 6677 : 0;
 6678 : 1;
 6679 : 0;
 6680 : 0;
 6681 : 0;
 6682 : 0;
 6683 : 1;
 6684 : 0;
 6685 : 0;
 6686 : 0;
 6687 : 0;
 6688 : 1;
 6689 : 1;
 6690 : 0;
 6691 : 0;
 6692 : 1;
 6693 : 0;
 6694 : 1;
 6695 : 0;
 6696 : 0;
 6697 : 1;
 6698 : 1;
 6699 : 0;
 6700 : 1;
 6701 : 1;
 6702 : 0;
 6703 : 0;
 6704 : 1;
 6705 : 0;
 6706 : 0;
 6707 : 0;
 6708 : 1;
 6709 : 0;
 6710 : 1;
 6711 : 0;
 6712 : 1;
 6713 : 1;
 6714 : 1;
 6715 : 0;
 6716 : 1;
 6717 : 0;
 6718 : 1;
 6719 : 0;
 6720 : 1;
 6721 : 0;
 6722 : 1;
 6723 : 1;
 6724 : 1;
 6725 : 1;
 6726 : 0;
 6727 : 0;
 6728 : 1;
 6729 : 0;
 6730 : 0;
 6731 : 0;
 6732 : 1;
 6733 : 1;
 6734 : 1;
 6735 : 1;
 6736 : 0;
 6737 : 1;
 6738 : 0;
 6739 : 1;
 6740 : 1;
 6741 : 1;
 6742 : 0;
 6743 : 0;
 6744 : 1;
 6745 : 0;
 6746 : 0;
 6747 : 0;
 6748 : 0;
 6749 : 1;
 6750 : 1;
 6751 : 1;
 6752 : 0;
 6753 : 1;
 6754 : 1;
 6755 : 0;
 6756 : 0;
 6757 : 0;
 6758 : 0;
 6759 : 1;
 6760 : 0;
 6761 : 0;
 6762 : 1;
 6763 : 1;
 6764 : 0;
 6765 : 1;
 6766 : 1;
 6767 : 1;
 6768 : 0;
 6769 : 1;
 6770 : 0;
 6771 : 1;
 6772 : 1;
 6773 : 1;
 6774 : 1;
 6775 : 1;
 6776 : 1;
 6777 : 1;
 6778 : 1;
 6779 : 1;
 6780 : 1;
 6781 : 0;
 6782 : 1;
 6783 : 0;
 6784 : 0;
 6785 : 1;
 6786 : 0;
 6787 : 1;
 6788 : 0;
 6789 : 1;
 6790 : 0;
 6791 : 0;
 6792 : 1;
 6793 : 0;
 6794 : 0;
 6795 : 1;
 6796 : 1;
 6797 : 0;
 6798 : 0;
 6799 : 0;
 6800 : 1;
 6801 : 1;
 6802 : 0;
 6803 : 1;
 6804 : 0;
 6805 : 1;
 6806 : 1;
 6807 : 0;
 6808 : 1;
 6809 : 0;
 6810 : 1;
 6811 : 1;
 6812 : 0;
 6813 : 0;
 6814 : 0;
 6815 : 1;
 6816 : 1;
 6817 : 1;
 6818 : 1;
 6819 : 0;
 6820 : 0;
 6821 : 1;
 6822 : 0;
 6823 : 1;
 6824 : 0;
 6825 : 0;
 6826 : 0;
 6827 : 1;
 6828 : 0;
 6829 : 1;
 6830 : 0;
 6831 : 0;
 6832 : 1;
 6833 : 0;
 6834 : 0;
 6835 : 0;
 6836 : 1;
 6837 : 1;
 6838 : 1;
 6839 : 1;
 6840 : 0;
 6841 : 0;
 6842 : 0;
 6843 : 0;
 6844 : 0;
 6845 : 1;
 6846 : 0;
 6847 : 1;
 6848 : 1;
 6849 : 1;
 6850 : 0;
 6851 : 0;
 6852 : 1;
 6853 : 1;
 6854 : 0;
 6855 : 1;
 6856 : 1;
 6857 : 0;
 6858 : 1;
 6859 : 0;
 6860 : 0;
 6861 : 1;
 6862 : 0;
 6863 : 0;
 6864 : 0;
 6865 : 1;
 6866 : 1;
 6867 : 1;
 6868 : 0;
 6869 : 1;
 6870 : 0;
 6871 : 1;
 6872 : 1;
 6873 : 0;
 6874 : 0;
 6875 : 1;
 6876 : 0;
 6877 : 0;
 6878 : 0;
 6879 : 0;
 6880 : 0;
 6881 : 0;
 6882 : 0;
 6883 : 0;
 6884 : 0;
 6885 : 0;
 6886 : 1;
 6887 : 1;
 6888 : 1;
 6889 : 1;
 6890 : 1;
 6891 : 1;
 6892 : 1;
 6893 : 1;
 6894 : 0;
 6895 : 0;
 6896 : 0;
 6897 : 1;
 6898 : 1;
 6899 : 1;
 6900 : 1;
 6901 : 1;
 6902 : 0;
 6903 : 0;
 6904 : 0;
 6905 : 1;
 6906 : 0;
 6907 : 0;
 6908 : 0;
 6909 : 0;
 6910 : 1;
 6911 : 0;
 6912 : 0;
 6913 : 1;
 6914 : 1;
 6915 : 0;
 6916 : 1;
 6917 : 0;
 6918 : 0;
 6919 : 0;
 6920 : 0;
 6921 : 1;
 6922 : 1;
 6923 : 0;
 6924 : 0;
 6925 : 0;
 6926 : 0;
 6927 : 0;
 6928 : 1;
 6929 : 1;
 6930 : 0;
 6931 : 0;
 6932 : 0;
 6933 : 0;
 6934 : 1;
 6935 : 1;
 6936 : 1;
 6937 : 1;
 6938 : 0;
 6939 : 0;
 6940 : 0;
 6941 : 1;
 6942 : 1;
 6943 : 0;
 6944 : 1;
 6945 : 1;
 6946 : 0;
 6947 : 1;
 6948 : 1;
 6949 : 0;
 6950 : 0;
 6951 : 1;
 6952 : 1;
 6953 : 1;
 6954 : 0;
 6955 : 0;
 6956 : 1;
 6957 : 1;
 6958 : 0;
 6959 : 0;
 6960 : 0;
 6961 : 1;
 6962 : 0;
 6963 : 1;
 6964 : 1;
 6965 : 0;
 6966 : 0;
 6967 : 0;
 6968 : 0;
 6969 : 0;
 6970 : 0;
 6971 : 0;
 6972 : 1;
 6973 : 0;
 6974 : 1;
 6975 : 1;
 6976 : 1;
 6977 : 0;
 6978 : 1;
 6979 : 1;
 6980 : 1;
 6981 : 0;
 6982 : 0;
 6983 : 1;
 6984 : 1;
 6985 : 1;
 6986 : 1;
 6987 : 1;
 6988 : 0;
 6989 : 1;
 6990 : 0;
 6991 : 0;
 6992 : 1;
 6993 : 1;
 6994 : 0;
 6995 : 0;
 6996 : 0;
 6997 : 1;
 6998 : 1;
 6999 : 0;
 7000 : 1;
 7001 : 1;
 7002 : 1;
 7003 : 1;
 7004 : 1;
 7005 : 1;
 7006 : 1;
 7007 : 0;
 7008 : 0;
 7009 : 1;
 7010 : 1;
 7011 : 0;
 7012 : 1;
 7013 : 0;
 7014 : 1;
 7015 : 1;
 7016 : 1;
 7017 : 1;
 7018 : 1;
 7019 : 1;
 7020 : 0;
 7021 : 1;
 7022 : 0;
 7023 : 1;
 7024 : 1;
 7025 : 0;
 7026 : 0;
 7027 : 1;
 7028 : 1;
 7029 : 0;
 7030 : 1;
 7031 : 1;
 7032 : 1;
 7033 : 1;
 7034 : 0;
 7035 : 0;
 7036 : 1;
 7037 : 1;
 7038 : 0;
 7039 : 0;
 7040 : 1;
 7041 : 1;
 7042 : 1;
 7043 : 1;
 7044 : 1;
 7045 : 0;
 7046 : 1;
 7047 : 1;
 7048 : 1;
 7049 : 0;
 7050 : 1;
 7051 : 0;
 7052 : 1;
 7053 : 0;
 7054 : 0;
 7055 : 1;
 7056 : 0;
 7057 : 1;
 7058 : 0;
 7059 : 1;
 7060 : 0;
 7061 : 1;
 7062 : 1;
 7063 : 0;
 7064 : 1;
 7065 : 1;
 7066 : 1;
 7067 : 1;
 7068 : 1;
 7069 : 0;
 7070 : 0;
 7071 : 1;
 7072 : 0;
 7073 : 0;
 7074 : 0;
 7075 : 1;
 7076 : 0;
 7077 : 1;
 7078 : 1;
 7079 : 1;
 7080 : 1;
 7081 : 0;
 7082 : 0;
 7083 : 1;
 7084 : 1;
 7085 : 0;
 7086 : 0;
 7087 : 0;
 7088 : 0;
 7089 : 1;
 7090 : 0;
 7091 : 1;
 7092 : 1;
 7093 : 1;
 7094 : 1;
 7095 : 1;
 7096 : 1;
 7097 : 0;
 7098 : 1;
 7099 : 1;
 7100 : 0;
 7101 : 0;
 7102 : 0;
 7103 : 1;
 7104 : 0;
 7105 : 1;
 7106 : 0;
 7107 : 1;
 7108 : 1;
 7109 : 1;
 7110 : 0;
 7111 : 0;
 7112 : 1;
 7113 : 1;
 7114 : 1;
 7115 : 1;
 7116 : 1;
 7117 : 1;
 7118 : 1;
 7119 : 1;
 7120 : 0;
 7121 : 1;
 7122 : 1;
 7123 : 1;
 7124 : 0;
 7125 : 0;
 7126 : 1;
 7127 : 0;
 7128 : 0;
 7129 : 0;
 7130 : 0;
 7131 : 1;
 7132 : 1;
 7133 : 0;
 7134 : 1;
 7135 : 0;
 7136 : 1;
 7137 : 0;
 7138 : 0;
 7139 : 1;
 7140 : 1;
 7141 : 1;
 7142 : 0;
 7143 : 1;
 7144 : 1;
 7145 : 0;
 7146 : 1;
 7147 : 1;
 7148 : 0;
 7149 : 0;
 7150 : 0;
 7151 : 1;
 7152 : 0;
 7153 : 0;
 7154 : 0;
 7155 : 0;
 7156 : 1;
 7157 : 1;
 7158 : 0;
 7159 : 0;
 7160 : 1;
 7161 : 1;
 7162 : 0;
 7163 : 0;
 7164 : 1;
 7165 : 0;
 7166 : 0;
 7167 : 0;
 7168 : 1;
 7169 : 1;
 7170 : 0;
 7171 : 0;
 7172 : 1;
 7173 : 0;
 7174 : 1;
 7175 : 1;
 7176 : 0;
 7177 : 0;
 7178 : 0;
 7179 : 1;
 7180 : 1;
 7181 : 0;
 7182 : 1;
 7183 : 1;
 7184 : 0;
 7185 : 1;
 7186 : 1;
 7187 : 1;
 7188 : 0;
 7189 : 0;
 7190 : 1;
 7191 : 1;
 7192 : 0;
 7193 : 1;
 7194 : 0;
 7195 : 1;
 7196 : 1;
 7197 : 1;
 7198 : 1;
 7199 : 1;
 7200 : 0;
 7201 : 1;
 7202 : 1;
 7203 : 0;
 7204 : 0;
 7205 : 0;
 7206 : 0;
 7207 : 1;
 7208 : 0;
 7209 : 0;
 7210 : 0;
 7211 : 1;
 7212 : 0;
 7213 : 1;
 7214 : 1;
 7215 : 0;
 7216 : 1;
 7217 : 0;
 7218 : 0;
 7219 : 0;
 7220 : 0;
 7221 : 0;
 7222 : 1;
 7223 : 1;
 7224 : 1;
 7225 : 1;
 7226 : 0;
 7227 : 1;
 7228 : 1;
 7229 : 0;
 7230 : 1;
 7231 : 1;
 7232 : 0;
 7233 : 0;
 7234 : 1;
 7235 : 0;
 7236 : 1;
 7237 : 0;
 7238 : 0;
 7239 : 0;
 7240 : 0;
 7241 : 1;
 7242 : 1;
 7243 : 1;
 7244 : 1;
 7245 : 0;
 7246 : 1;
 7247 : 1;
 7248 : 0;
 7249 : 1;
 7250 : 0;
 7251 : 0;
 7252 : 1;
 7253 : 0;
 7254 : 0;
 7255 : 1;
 7256 : 1;
 7257 : 1;
 7258 : 1;
 7259 : 1;
 7260 : 1;
 7261 : 1;
 7262 : 0;
 7263 : 1;
 7264 : 0;
 7265 : 0;
 7266 : 1;
 7267 : 0;
 7268 : 0;
 7269 : 1;
 7270 : 0;
 7271 : 0;
 7272 : 1;
 7273 : 0;
 7274 : 1;
 7275 : 0;
 7276 : 1;
 7277 : 1;
 7278 : 0;
 7279 : 0;
 7280 : 0;
 7281 : 1;
 7282 : 0;
 7283 : 1;
 7284 : 0;
 7285 : 1;
 7286 : 0;
 7287 : 1;
 7288 : 0;
 7289 : 1;
 7290 : 1;
 7291 : 1;
 7292 : 0;
 7293 : 0;
 7294 : 0;
 7295 : 0;
 7296 : 0;
 7297 : 1;
 7298 : 0;
 7299 : 0;
 7300 : 0;
 7301 : 0;
 7302 : 1;
 7303 : 1;
 7304 : 0;
 7305 : 1;
 7306 : 0;
 7307 : 1;
 7308 : 0;
 7309 : 0;
 7310 : 0;
 7311 : 0;
 7312 : 1;
 7313 : 1;
 7314 : 0;
 7315 : 1;
 7316 : 0;
 7317 : 1;
 7318 : 1;
 7319 : 0;
 7320 : 0;
 7321 : 0;
 7322 : 1;
 7323 : 0;
 7324 : 1;
 7325 : 1;
 7326 : 0;
 7327 : 1;
 7328 : 0;
 7329 : 0;
 7330 : 1;
 7331 : 1;
 7332 : 1;
 7333 : 0;
 7334 : 1;
 7335 : 1;
 7336 : 1;
 7337 : 0;
 7338 : 1;
 7339 : 0;
 7340 : 1;
 7341 : 0;
 7342 : 1;
 7343 : 0;
 7344 : 0;
 7345 : 0;
 7346 : 0;
 7347 : 0;
 7348 : 1;
 7349 : 1;
 7350 : 0;
 7351 : 1;
 7352 : 1;
 7353 : 1;
 7354 : 0;
 7355 : 1;
 7356 : 1;
 7357 : 0;
 7358 : 1;
 7359 : 1;
 7360 : 0;
 7361 : 0;
 7362 : 0;
 7363 : 1;
 7364 : 0;
 7365 : 0;
 7366 : 1;
 7367 : 1;
 7368 : 1;
 7369 : 1;
 7370 : 0;
 7371 : 1;
 7372 : 0;
 7373 : 0;
 7374 : 0;
 7375 : 0;
 7376 : 0;
 7377 : 0;
 7378 : 1;
 7379 : 0;
 7380 : 0;
 7381 : 1;
 7382 : 1;
 7383 : 0;
 7384 : 1;
 7385 : 1;
 7386 : 0;
 7387 : 0;
 7388 : 0;
 7389 : 1;
 7390 : 1;
 7391 : 0;
 7392 : 1;
 7393 : 0;
 7394 : 1;
 7395 : 0;
 7396 : 1;
 7397 : 0;
 7398 : 0;
 7399 : 0;
 7400 : 1;
 7401 : 1;
 7402 : 0;
 7403 : 0;
 7404 : 1;
 7405 : 0;
 7406 : 1;
 7407 : 0;
 7408 : 1;
 7409 : 0;
 7410 : 0;
 7411 : 1;
 7412 : 1;
 7413 : 1;
 7414 : 0;
 7415 : 1;
 7416 : 0;
 7417 : 0;
 7418 : 0;
 7419 : 0;
 7420 : 1;
 7421 : 0;
 7422 : 0;
 7423 : 1;
 7424 : 0;
 7425 : 1;
 7426 : 1;
 7427 : 1;
 7428 : 1;
 7429 : 1;
 7430 : 0;
 7431 : 0;
 7432 : 1;
 7433 : 0;
 7434 : 1;
 7435 : 0;
 7436 : 0;
 7437 : 1;
 7438 : 0;
 7439 : 1;
 7440 : 1;
 7441 : 1;
 7442 : 1;
 7443 : 1;
 7444 : 1;
 7445 : 0;
 7446 : 1;
 7447 : 1;
 7448 : 1;
 7449 : 0;
 7450 : 1;
 7451 : 0;
 7452 : 0;
 7453 : 0;
 7454 : 1;
 7455 : 1;
 7456 : 0;
 7457 : 1;
 7458 : 1;
 7459 : 1;
 7460 : 0;
 7461 : 1;
 7462 : 0;
 7463 : 0;
 7464 : 0;
 7465 : 0;
 7466 : 1;
 7467 : 1;
 7468 : 0;
 7469 : 0;
 7470 : 1;
 7471 : 0;
 7472 : 0;
 7473 : 1;
 7474 : 0;
 7475 : 0;
 7476 : 0;
 7477 : 1;
 7478 : 1;
 7479 : 1;
 7480 : 0;
 7481 : 0;
 7482 : 0;
 7483 : 0;
 7484 : 1;
 7485 : 1;
 7486 : 1;
 7487 : 1;
 7488 : 1;
 7489 : 1;
 7490 : 0;
 7491 : 1;
 7492 : 1;
 7493 : 1;
 7494 : 0;
 7495 : 1;
 7496 : 1;
 7497 : 1;
 7498 : 1;
 7499 : 0;
 7500 : 1;
 7501 : 1;
 7502 : 1;
 7503 : 1;
 7504 : 1;
 7505 : 1;
 7506 : 1;
 7507 : 1;
 7508 : 1;
 7509 : 1;
 7510 : 1;
 7511 : 0;
 7512 : 1;
 7513 : 0;
 7514 : 1;
 7515 : 0;
 7516 : 1;
 7517 : 0;
 7518 : 0;
 7519 : 1;
 7520 : 0;
 7521 : 1;
 7522 : 1;
 7523 : 0;
 7524 : 1;
 7525 : 1;
 7526 : 0;
 7527 : 1;
 7528 : 0;
 7529 : 1;
 7530 : 0;
 7531 : 0;
 7532 : 0;
 7533 : 1;
 7534 : 1;
 7535 : 1;
 7536 : 1;
 7537 : 0;
 7538 : 1;
 7539 : 1;
 7540 : 0;
 7541 : 0;
 7542 : 1;
 7543 : 1;
 7544 : 0;
 7545 : 1;
 7546 : 1;
 7547 : 0;
 7548 : 1;
 7549 : 1;
 7550 : 1;
 7551 : 1;
 7552 : 0;
 7553 : 1;
 7554 : 1;
 7555 : 1;
 7556 : 0;
 7557 : 1;
 7558 : 1;
 7559 : 0;
 7560 : 0;
 7561 : 1;
 7562 : 0;
 7563 : 1;
 7564 : 0;
 7565 : 0;
 7566 : 0;
 7567 : 1;
 7568 : 1;
 7569 : 1;
 7570 : 0;
 7571 : 1;
 7572 : 0;
 7573 : 0;
 7574 : 1;
 7575 : 1;
 7576 : 1;
 7577 : 1;
 7578 : 1;
 7579 : 0;
 7580 : 0;
 7581 : 1;
 7582 : 0;
 7583 : 1;
 7584 : 0;
 7585 : 1;
 7586 : 1;
 7587 : 0;
 7588 : 1;
 7589 : 0;
 7590 : 0;
 7591 : 0;
 7592 : 1;
 7593 : 1;
 7594 : 1;
 7595 : 0;
 7596 : 0;
 7597 : 1;
 7598 : 0;
 7599 : 1;
 7600 : 0;
 7601 : 1;
 7602 : 0;
 7603 : 0;
 7604 : 1;
 7605 : 0;
 7606 : 0;
 7607 : 0;
 7608 : 1;
 7609 : 1;
 7610 : 0;
 7611 : 1;
 7612 : 1;
 7613 : 1;
 7614 : 1;
 7615 : 0;
 7616 : 0;
 7617 : 1;
 7618 : 0;
 7619 : 0;
 7620 : 0;
 7621 : 0;
 7622 : 0;
 7623 : 0;
 7624 : 1;
 7625 : 1;
 7626 : 0;
 7627 : 0;
 7628 : 0;
 7629 : 0;
 7630 : 0;
 7631 : 1;
 7632 : 0;
 7633 : 1;
 7634 : 1;
 7635 : 1;
 7636 : 0;
 7637 : 0;
 7638 : 1;
 7639 : 0;
 7640 : 1;
 7641 : 0;
 7642 : 0;
 7643 : 0;
 7644 : 1;
 7645 : 1;
 7646 : 1;
 7647 : 0;
 7648 : 0;
 7649 : 0;
 7650 : 1;
 7651 : 1;
 7652 : 0;
 7653 : 1;
 7654 : 0;
 7655 : 0;
 7656 : 0;
 7657 : 0;
 7658 : 0;
 7659 : 0;
 7660 : 0;
 7661 : 1;
 7662 : 1;
 7663 : 1;
 7664 : 1;
 7665 : 1;
 7666 : 0;
 7667 : 1;
 7668 : 0;
 7669 : 0;
 7670 : 0;
 7671 : 1;
 7672 : 0;
 7673 : 0;
 7674 : 1;
 7675 : 0;
 7676 : 1;
 7677 : 1;
 7678 : 1;
 7679 : 1;
 7680 : 0;
 7681 : 0;
 7682 : 0;
 7683 : 1;
 7684 : 0;
 7685 : 1;
 7686 : 0;
 7687 : 1;
 7688 : 0;
 7689 : 1;
 7690 : 0;
 7691 : 1;
 7692 : 1;
 7693 : 0;
 7694 : 0;
 7695 : 0;
 7696 : 1;
 7697 : 1;
 7698 : 0;
 7699 : 0;
 7700 : 0;
 7701 : 1;
 7702 : 1;
 7703 : 1;
 7704 : 1;
 7705 : 1;
 7706 : 1;
 7707 : 0;
 7708 : 1;
 7709 : 0;
 7710 : 1;
 7711 : 0;
 7712 : 1;
 7713 : 0;
 7714 : 0;
 7715 : 0;
 7716 : 0;
 7717 : 0;
 7718 : 0;
 7719 : 1;
 7720 : 0;
 7721 : 0;
 7722 : 0;
 7723 : 0;
 7724 : 1;
 7725 : 0;
 7726 : 0;
 7727 : 0;
 7728 : 1;
 7729 : 0;
 7730 : 0;
 7731 : 1;
 7732 : 0;
 7733 : 0;
 7734 : 0;
 7735 : 0;
 7736 : 0;
 7737 : 1;
 7738 : 1;
 7739 : 0;
 7740 : 0;
 7741 : 0;
 7742 : 1;
 7743 : 0;
 7744 : 1;
 7745 : 1;
 7746 : 1;
 7747 : 0;
 7748 : 1;
 7749 : 1;
 7750 : 0;
 7751 : 1;
 7752 : 1;
 7753 : 1;
 7754 : 0;
 7755 : 1;
 7756 : 1;
 7757 : 0;
 7758 : 0;
 7759 : 0;
 7760 : 1;
 7761 : 0;
 7762 : 1;
 7763 : 0;
 7764 : 1;
 7765 : 0;
 7766 : 0;
 7767 : 1;
 7768 : 0;
 7769 : 1;
 7770 : 1;
 7771 : 0;
 7772 : 0;
 7773 : 1;
 7774 : 1;
 7775 : 0;
 7776 : 1;
 7777 : 1;
 7778 : 0;
 7779 : 1;
 7780 : 0;
 7781 : 1;
 7782 : 0;
 7783 : 1;
 7784 : 0;
 7785 : 1;
 7786 : 1;
 7787 : 1;
 7788 : 1;
 7789 : 1;
 7790 : 1;
 7791 : 0;
 7792 : 0;
 7793 : 1;
 7794 : 1;
 7795 : 0;
 7796 : 1;
 7797 : 1;
 7798 : 1;
 7799 : 0;
 7800 : 1;
 7801 : 0;
 7802 : 1;
 7803 : 0;
 7804 : 0;
 7805 : 1;
 7806 : 1;
 7807 : 0;
 7808 : 0;
 7809 : 0;
 7810 : 0;
 7811 : 1;
 7812 : 1;
 7813 : 0;
 7814 : 1;
 7815 : 0;
 7816 : 1;
 7817 : 0;
 7818 : 0;
 7819 : 1;
 7820 : 1;
 7821 : 0;
 7822 : 1;
 7823 : 0;
 7824 : 1;
 7825 : 0;
 7826 : 0;
 7827 : 0;
 7828 : 0;
 7829 : 0;
 7830 : 1;
 7831 : 1;
 7832 : 1;
 7833 : 1;
 7834 : 1;
 7835 : 1;
 7836 : 0;
 7837 : 1;
 7838 : 1;
 7839 : 1;
 7840 : 0;
 7841 : 0;
 7842 : 1;
 7843 : 0;
 7844 : 0;
 7845 : 0;
 7846 : 1;
 7847 : 1;
 7848 : 0;
 7849 : 1;
 7850 : 0;
 7851 : 0;
 7852 : 0;
 7853 : 1;
 7854 : 1;
 7855 : 1;
 7856 : 1;
 7857 : 0;
 7858 : 0;
 7859 : 0;
 7860 : 1;
 7861 : 1;
 7862 : 0;
 7863 : 1;
 7864 : 1;
 7865 : 0;
 7866 : 1;
 7867 : 1;
 7868 : 0;
 7869 : 1;
 7870 : 1;
 7871 : 0;
 7872 : 1;
 7873 : 1;
 7874 : 1;
 7875 : 0;
 7876 : 1;
 7877 : 0;
 7878 : 1;
 7879 : 0;
 7880 : 0;
 7881 : 1;
 7882 : 0;
 7883 : 0;
 7884 : 0;
 7885 : 0;
 7886 : 1;
 7887 : 1;
 7888 : 0;
 7889 : 0;
 7890 : 1;
 7891 : 1;
 7892 : 1;
 7893 : 1;
 7894 : 1;
 7895 : 0;
 7896 : 0;
 7897 : 0;
 7898 : 0;
 7899 : 1;
 7900 : 0;
 7901 : 0;
 7902 : 1;
 7903 : 0;
 7904 : 0;
 7905 : 1;
 7906 : 1;
 7907 : 1;
 7908 : 1;
 7909 : 0;
 7910 : 0;
 7911 : 0;
 7912 : 0;
 7913 : 1;
 7914 : 0;
 7915 : 1;
 7916 : 0;
 7917 : 1;
 7918 : 0;
 7919 : 1;
 7920 : 0;
 7921 : 0;
 7922 : 1;
 7923 : 1;
 7924 : 0;
 7925 : 1;
 7926 : 0;
 7927 : 1;
 7928 : 1;
 7929 : 0;
 7930 : 0;
 7931 : 1;
 7932 : 0;
 7933 : 1;
 7934 : 0;
 7935 : 1;
 7936 : 0;
 7937 : 1;
 7938 : 0;
 7939 : 1;
 7940 : 0;
 7941 : 1;
 7942 : 0;
 7943 : 1;
 7944 : 0;
 7945 : 0;
 7946 : 0;
 7947 : 0;
 7948 : 1;
 7949 : 1;
 7950 : 1;
 7951 : 1;
 7952 : 1;
 7953 : 1;
 7954 : 0;
 7955 : 1;
 7956 : 1;
 7957 : 0;
 7958 : 0;
 7959 : 1;
 7960 : 0;
 7961 : 0;
 7962 : 0;
 7963 : 1;
 7964 : 0;
 7965 : 0;
 7966 : 1;
 7967 : 1;
 7968 : 0;
 7969 : 1;
 7970 : 0;
 7971 : 1;
 7972 : 0;
 7973 : 1;
 7974 : 1;
 7975 : 1;
 7976 : 1;
 7977 : 0;
 7978 : 0;
 7979 : 0;
 7980 : 0;
 7981 : 1;
 7982 : 0;
 7983 : 0;
 7984 : 1;
 7985 : 0;
 7986 : 1;
 7987 : 0;
 7988 : 0;
 7989 : 1;
 7990 : 0;
 7991 : 1;
 7992 : 1;
 7993 : 0;
 7994 : 0;
 7995 : 1;
 7996 : 0;
 7997 : 1;
 7998 : 0;
 7999 : 1;
 8000 : 1;
 8001 : 0;
 8002 : 1;
 8003 : 1;
 8004 : 0;
 8005 : 1;
 8006 : 0;
 8007 : 1;
 8008 : 1;
 8009 : 1;
 8010 : 0;
 8011 : 0;
 8012 : 0;
 8013 : 1;
 8014 : 1;
 8015 : 1;
 8016 : 1;
 8017 : 0;
 8018 : 0;
 8019 : 1;
 8020 : 0;
 8021 : 0;
 8022 : 1;
 8023 : 0;
 8024 : 0;
 8025 : 0;
 8026 : 1;
 8027 : 0;
 8028 : 1;
 8029 : 0;
 8030 : 0;
 8031 : 1;
 8032 : 1;
 8033 : 0;
 8034 : 1;
 8035 : 1;
 8036 : 0;
 8037 : 0;
 8038 : 0;
 8039 : 0;
 8040 : 1;
 8041 : 1;
 8042 : 1;
 8043 : 1;
 8044 : 1;
 8045 : 0;
 8046 : 1;
 8047 : 1;
 8048 : 1;
 8049 : 0;
 8050 : 1;
 8051 : 0;
 8052 : 0;
 8053 : 0;
 8054 : 0;
 8055 : 0;
 8056 : 0;
 8057 : 0;
 8058 : 0;
 8059 : 0;
 8060 : 0;
 8061 : 0;
 8062 : 0;
 8063 : 1;
 8064 : 1;
 8065 : 1;
 8066 : 1;
 8067 : 1;
 8068 : 0;
 8069 : 1;
 8070 : 0;
 8071 : 1;
 8072 : 0;
 8073 : 0;
 8074 : 1;
 8075 : 0;
 8076 : 1;
 8077 : 0;
 8078 : 0;
 8079 : 1;
 8080 : 0;
 8081 : 0;
 8082 : 1;
 8083 : 0;
 8084 : 0;
 8085 : 1;
 8086 : 0;
 8087 : 1;
 8088 : 1;
 8089 : 1;
 8090 : 0;
 8091 : 0;
 8092 : 1;
 8093 : 0;
 8094 : 0;
 8095 : 1;
 8096 : 1;
 8097 : 0;
 8098 : 0;
 8099 : 0;
 8100 : 0;
 8101 : 1;
 8102 : 1;
 8103 : 1;
 8104 : 0;
 8105 : 0;
 8106 : 0;
 8107 : 1;
 8108 : 0;
 8109 : 1;
 8110 : 0;
 8111 : 0;
 8112 : 0;
 8113 : 0;
 8114 : 0;
 8115 : 1;
 8116 : 1;
 8117 : 1;
 8118 : 1;
 8119 : 1;
 8120 : 1;
 8121 : 1;
 8122 : 0;
 8123 : 1;
 8124 : 0;
 8125 : 1;
 8126 : 0;
 8127 : 1;
 8128 : 0;
 8129 : 0;
 8130 : 0;
 8131 : 1;
 8132 : 1;
 8133 : 0;
 8134 : 1;
 8135 : 1;
 8136 : 1;
 8137 : 0;
 8138 : 1;
 8139 : 0;
 8140 : 1;
 8141 : 0;
 8142 : 0;
 8143 : 0;
 8144 : 0;
 8145 : 0;
 8146 : 1;
 8147 : 1;
 8148 : 1;
 8149 : 1;
 8150 : 0;
 8151 : 0;
 8152 : 0;
 8153 : 1;
 8154 : 0;
 8155 : 0;
 8156 : 0;
 8157 : 1;
 8158 : 0;
 8159 : 1;
 8160 : 0;
 8161 : 0;
 8162 : 0;
 8163 : 1;
 8164 : 0;
 8165 : 1;
 8166 : 1;
 8167 : 1;
 8168 : 1;
 8169 : 1;
 8170 : 1;
 8171 : 0;
 8172 : 1;
 8173 : 0;
 8174 : 0;
 8175 : 0;
 8176 : 1;
 8177 : 1;
 8178 : 0;
 8179 : 0;
 8180 : 0;
 8181 : 0;
 8182 : 1;
 8183 : 0;
 8184 : 1;
 8185 : 1;
 8186 : 1;
 8187 : 0;
 8188 : 0;
 8189 : 1;
 8190 : 0;
 8191 : 0;
 8192 : 1;
 8193 : 1;
 8194 : 1;
 8195 : 0;
 8196 : 0;
 8197 : 1;
 8198 : 0;
 8199 : 1;
 8200 : 1;
 8201 : 0;
 8202 : 1;
 8203 : 0;
 8204 : 1;
 8205 : 0;
 8206 : 0;
 8207 : 1;
 8208 : 0;
 8209 : 0;
 8210 : 1;
 8211 : 0;
 8212 : 0;
 8213 : 0;
 8214 : 1;
 8215 : 1;
 8216 : 1;
 8217 : 1;
 8218 : 0;
 8219 : 0;
 8220 : 0;
 8221 : 1;
 8222 : 0;
 8223 : 0;
 8224 : 0;
 8225 : 1;
 8226 : 0;
 8227 : 1;
 8228 : 0;
 8229 : 1;
 8230 : 1;
 8231 : 0;
 8232 : 1;
 8233 : 0;
 8234 : 1;
 8235 : 1;
 8236 : 0;
 8237 : 1;
 8238 : 0;
 8239 : 1;
 8240 : 0;
 8241 : 0;
 8242 : 0;
 8243 : 0;
 8244 : 0;
 8245 : 1;
 8246 : 1;
 8247 : 0;
 8248 : 1;
 8249 : 0;
 8250 : 0;
 8251 : 1;
 8252 : 0;
 8253 : 0;
 8254 : 1;
 8255 : 1;
 8256 : 1;
 8257 : 0;
 8258 : 0;
 8259 : 0;
 8260 : 1;
 8261 : 0;
 8262 : 0;
 8263 : 0;
 8264 : 0;
 8265 : 0;
 8266 : 1;
 8267 : 1;
 8268 : 1;
 8269 : 0;
 8270 : 1;
 8271 : 0;
 8272 : 0;
 8273 : 1;
 8274 : 0;
 8275 : 1;
 8276 : 1;
 8277 : 0;
 8278 : 1;
 8279 : 0;
 8280 : 1;
 8281 : 1;
 8282 : 0;
 8283 : 0;
 8284 : 0;
 8285 : 1;
 8286 : 1;
 8287 : 0;
 8288 : 0;
 8289 : 0;
 8290 : 0;
 8291 : 0;
 8292 : 1;
 8293 : 1;
 8294 : 1;
 8295 : 1;
 8296 : 1;
 8297 : 1;
 8298 : 0;
 8299 : 0;
 8300 : 0;
 8301 : 0;
 8302 : 1;
 8303 : 1;
 8304 : 1;
 8305 : 1;
 8306 : 1;
 8307 : 1;
 8308 : 0;
 8309 : 1;
 8310 : 0;
 8311 : 0;
 8312 : 0;
 8313 : 0;
 8314 : 0;
 8315 : 1;
 8316 : 1;
 8317 : 0;
 8318 : 1;
 8319 : 1;
 8320 : 1;
 8321 : 1;
 8322 : 1;
 8323 : 1;
 8324 : 0;
 8325 : 0;
 8326 : 1;
 8327 : 1;
 8328 : 0;
 8329 : 0;
 8330 : 0;
 8331 : 0;
 8332 : 1;
 8333 : 0;
 8334 : 0;
 8335 : 0;
 8336 : 1;
 8337 : 1;
 8338 : 0;
 8339 : 1;
 8340 : 0;
 8341 : 1;
 8342 : 0;
 8343 : 0;
 8344 : 1;
 8345 : 1;
 8346 : 0;
 8347 : 0;
 8348 : 0;
 8349 : 0;
 8350 : 1;
 8351 : 1;
 8352 : 1;
 8353 : 1;
 8354 : 0;
 8355 : 0;
 8356 : 0;
 8357 : 0;
 8358 : 1;
 8359 : 1;
 8360 : 0;
 8361 : 1;
 8362 : 0;
 8363 : 1;
 8364 : 0;
 8365 : 0;
 8366 : 1;
 8367 : 0;
 8368 : 0;
 8369 : 1;
 8370 : 0;
 8371 : 0;
 8372 : 1;
 8373 : 1;
 8374 : 1;
 8375 : 0;
 8376 : 0;
 8377 : 0;
 8378 : 1;
 8379 : 0;
 8380 : 0;
 8381 : 1;
 8382 : 1;
 8383 : 0;
 8384 : 1;
 8385 : 1;
 8386 : 0;
 8387 : 1;
 8388 : 0;
 8389 : 0;
 8390 : 0;
 8391 : 0;
 8392 : 0;
 8393 : 0;
 8394 : 0;
 8395 : 0;
 8396 : 0;
 8397 : 0;
 8398 : 1;
 8399 : 1;
 8400 : 0;
 8401 : 0;
 8402 : 0;
 8403 : 0;
 8404 : 1;
 8405 : 0;
 8406 : 1;
 8407 : 0;
 8408 : 1;
 8409 : 0;
 8410 : 0;
 8411 : 1;
 8412 : 1;
 8413 : 0;
 8414 : 1;
 8415 : 0;
 8416 : 0;
 8417 : 0;
 8418 : 0;
 8419 : 0;
 8420 : 0;
 8421 : 0;
 8422 : 0;
 8423 : 0;
 8424 : 1;
 8425 : 0;
 8426 : 1;
 8427 : 0;
 8428 : 1;
 8429 : 0;
 8430 : 0;
 8431 : 1;
 8432 : 1;
 8433 : 1;
 8434 : 1;
 8435 : 0;
 8436 : 1;
 8437 : 0;
 8438 : 0;
 8439 : 1;
 8440 : 0;
 8441 : 1;
 8442 : 0;
 8443 : 1;
 8444 : 0;
 8445 : 1;
 8446 : 1;
 8447 : 1;
 8448 : 0;
 8449 : 0;
 8450 : 1;
 8451 : 1;
 8452 : 1;
 8453 : 0;
 8454 : 1;
 8455 : 0;
 8456 : 0;
 8457 : 0;
 8458 : 1;
 8459 : 1;
 8460 : 1;
 8461 : 1;
 8462 : 1;
 8463 : 0;
 8464 : 0;
 8465 : 1;
 8466 : 1;
 8467 : 1;
 8468 : 0;
 8469 : 1;
 8470 : 1;
 8471 : 1;
 8472 : 1;
 8473 : 0;
 8474 : 1;
 8475 : 1;
 8476 : 1;
 8477 : 1;
 8478 : 1;
 8479 : 0;
 8480 : 1;
 8481 : 1;
 8482 : 0;
 8483 : 0;
 8484 : 1;
 8485 : 1;
 8486 : 1;
 8487 : 1;
 8488 : 0;
 8489 : 1;
 8490 : 1;
 8491 : 0;
 8492 : 1;
 8493 : 0;
 8494 : 1;
 8495 : 0;
 8496 : 0;
 8497 : 0;
 8498 : 0;
 8499 : 1;
 8500 : 1;
 8501 : 0;
 8502 : 0;
 8503 : 0;
 8504 : 0;
 8505 : 0;
 8506 : 1;
 8507 : 1;
 8508 : 1;
 8509 : 1;
 8510 : 1;
 8511 : 0;
 8512 : 0;
 8513 : 0;
 8514 : 1;
 8515 : 1;
 8516 : 1;
 8517 : 0;
 8518 : 1;
 8519 : 0;
 8520 : 0;
 8521 : 0;
 8522 : 0;
 8523 : 1;
 8524 : 1;
 8525 : 1;
 8526 : 1;
 8527 : 1;
 8528 : 1;
 8529 : 1;
 8530 : 0;
 8531 : 0;
 8532 : 0;
 8533 : 0;
 8534 : 1;
 8535 : 0;
 8536 : 1;
 8537 : 1;
 8538 : 1;
 8539 : 0;
 8540 : 1;
 8541 : 1;
 8542 : 0;
 8543 : 0;
 8544 : 1;
 8545 : 1;
 8546 : 0;
 8547 : 1;
 8548 : 0;
 8549 : 1;
 8550 : 0;
 8551 : 0;
 8552 : 1;
 8553 : 1;
 8554 : 1;
 8555 : 1;
 8556 : 0;
 8557 : 0;
 8558 : 0;
 8559 : 1;
 8560 : 0;
 8561 : 0;
 8562 : 0;
 8563 : 1;
 8564 : 0;
 8565 : 1;
 8566 : 0;
 8567 : 0;
 8568 : 1;
 8569 : 0;
 8570 : 1;
 8571 : 0;
 8572 : 0;
 8573 : 1;
 8574 : 1;
 8575 : 0;
 8576 : 1;
 8577 : 1;
 8578 : 0;
 8579 : 1;
 8580 : 0;
 8581 : 0;
 8582 : 1;
 8583 : 0;
 8584 : 0;
 8585 : 1;
 8586 : 0;
 8587 : 1;
 8588 : 1;
 8589 : 1;
 8590 : 0;
 8591 : 0;
 8592 : 0;
 8593 : 0;
 8594 : 1;
 8595 : 0;
 8596 : 1;
 8597 : 1;
 8598 : 0;
 8599 : 0;
 8600 : 0;
 8601 : 1;
 8602 : 1;
 8603 : 1;
 8604 : 0;
 8605 : 0;
 8606 : 1;
 8607 : 1;
 8608 : 1;
 8609 : 1;
 8610 : 1;
 8611 : 1;
 8612 : 1;
 8613 : 1;
 8614 : 0;
 8615 : 1;
 8616 : 0;
 8617 : 0;
 8618 : 0;
 8619 : 0;
 8620 : 1;
 8621 : 1;
 8622 : 1;
 8623 : 1;
 8624 : 0;
 8625 : 1;
 8626 : 0;
 8627 : 0;
 8628 : 0;
 8629 : 1;
 8630 : 1;
 8631 : 1;
 8632 : 0;
 8633 : 1;
 8634 : 1;
 8635 : 1;
 8636 : 0;
 8637 : 1;
 8638 : 0;
 8639 : 0;
 8640 : 1;
 8641 : 0;
 8642 : 0;
 8643 : 1;
 8644 : 0;
 8645 : 0;
 8646 : 0;
 8647 : 0;
 8648 : 1;
 8649 : 0;
 8650 : 0;
 8651 : 1;
 8652 : 0;
 8653 : 0;
 8654 : 1;
 8655 : 0;
 8656 : 1;
 8657 : 1;
 8658 : 0;
 8659 : 0;
 8660 : 1;
 8661 : 0;
 8662 : 1;
 8663 : 1;
 8664 : 1;
 8665 : 0;
 8666 : 0;
 8667 : 0;
 8668 : 0;
 8669 : 0;
 8670 : 1;
 8671 : 1;
 8672 : 0;
 8673 : 0;
 8674 : 1;
 8675 : 0;
 8676 : 1;
 8677 : 1;
 8678 : 0;
 8679 : 1;
 8680 : 1;
 8681 : 1;
 8682 : 1;
 8683 : 1;
 8684 : 0;
 8685 : 0;
 8686 : 0;
 8687 : 0;
 8688 : 0;
 8689 : 1;
 8690 : 1;
 8691 : 0;
 8692 : 0;
 8693 : 1;
 8694 : 0;
 8695 : 1;
 8696 : 1;
 8697 : 1;
 8698 : 0;
 8699 : 1;
 8700 : 1;
 8701 : 1;
 8702 : 0;
 8703 : 1;
 8704 : 1;
 8705 : 0;
 8706 : 0;
 8707 : 1;
 8708 : 1;
 8709 : 0;
 8710 : 1;
 8711 : 0;
 8712 : 0;
 8713 : 0;
 8714 : 1;
 8715 : 1;
 8716 : 1;
 8717 : 0;
 8718 : 1;
 8719 : 0;
 8720 : 1;
 8721 : 0;
 8722 : 0;
 8723 : 1;
 8724 : 1;
 8725 : 0;
 8726 : 0;
 8727 : 1;
 8728 : 0;
 8729 : 0;
 8730 : 0;
 8731 : 1;
 8732 : 0;
 8733 : 1;
 8734 : 1;
 8735 : 1;
 8736 : 1;
 8737 : 0;
 8738 : 1;
 8739 : 0;
 8740 : 0;
 8741 : 1;
 8742 : 0;
 8743 : 0;
 8744 : 1;
 8745 : 0;
 8746 : 1;
 8747 : 1;
 8748 : 1;
 8749 : 0;
 8750 : 1;
 8751 : 0;
 8752 : 1;
 8753 : 0;
 8754 : 0;
 8755 : 1;
 8756 : 1;
 8757 : 1;
 8758 : 0;
 8759 : 1;
 8760 : 0;
 8761 : 0;
 8762 : 1;
 8763 : 0;
 8764 : 0;
 8765 : 1;
 8766 : 1;
 8767 : 0;
 8768 : 1;
 8769 : 1;
 8770 : 0;
 8771 : 0;
 8772 : 0;
 8773 : 1;
 8774 : 0;
 8775 : 1;
 8776 : 0;
 8777 : 1;
 8778 : 1;
 8779 : 1;
 8780 : 0;
 8781 : 0;
 8782 : 1;
 8783 : 1;
 8784 : 0;
 8785 : 1;
 8786 : 0;
 8787 : 1;
 8788 : 0;
 8789 : 0;
 8790 : 1;
 8791 : 1;
 8792 : 1;
 8793 : 0;
 8794 : 0;
 8795 : 1;
 8796 : 0;
 8797 : 1;
 8798 : 1;
 8799 : 0;
 8800 : 0;
 8801 : 0;
 8802 : 0;
 8803 : 0;
 8804 : 1;
 8805 : 1;
 8806 : 1;
 8807 : 1;
 8808 : 0;
 8809 : 1;
 8810 : 0;
 8811 : 1;
 8812 : 1;
 8813 : 0;
 8814 : 1;
 8815 : 0;
 8816 : 1;
 8817 : 1;
 8818 : 1;
 8819 : 1;
 8820 : 0;
 8821 : 1;
 8822 : 1;
 8823 : 0;
 8824 : 0;
 8825 : 0;
 8826 : 0;
 8827 : 0;
 8828 : 1;
 8829 : 0;
 8830 : 0;
 8831 : 0;
 8832 : 0;
 8833 : 0;
 8834 : 1;
 8835 : 1;
 8836 : 1;
 8837 : 1;
 8838 : 0;
 8839 : 1;
 8840 : 1;
 8841 : 0;
 8842 : 0;
 8843 : 1;
 8844 : 1;
 8845 : 0;
 8846 : 1;
 8847 : 1;
 8848 : 1;
 8849 : 0;
 8850 : 1;
 8851 : 0;
 8852 : 1;
 8853 : 0;
 8854 : 0;
 8855 : 1;
 8856 : 0;
 8857 : 1;
 8858 : 0;
 8859 : 1;
 8860 : 0;
 8861 : 1;
 8862 : 0;
 8863 : 0;
 8864 : 0;
 8865 : 1;
 8866 : 0;
 8867 : 0;
 8868 : 0;
 8869 : 0;
 8870 : 0;
 8871 : 0;
 8872 : 0;
 8873 : 1;
 8874 : 1;
 8875 : 0;
 8876 : 1;
 8877 : 1;
 8878 : 1;
 8879 : 0;
 8880 : 0;
 8881 : 0;
 8882 : 0;
 8883 : 0;
 8884 : 1;
 8885 : 1;
 8886 : 0;
 8887 : 0;
 8888 : 1;
 8889 : 1;
 8890 : 1;
 8891 : 0;
 8892 : 1;
 8893 : 1;
 8894 : 1;
 8895 : 1;
 8896 : 0;
 8897 : 1;
 8898 : 1;
 8899 : 1;
 8900 : 1;
 8901 : 0;
 8902 : 0;
 8903 : 1;
 8904 : 1;
 8905 : 0;
 8906 : 1;
 8907 : 1;
 8908 : 0;
 8909 : 0;
 8910 : 0;
 8911 : 0;
 8912 : 1;
 8913 : 0;
 8914 : 0;
 8915 : 1;
 8916 : 1;
 8917 : 0;
 8918 : 1;
 8919 : 1;
 8920 : 1;
 8921 : 1;
 8922 : 0;
 8923 : 1;
 8924 : 0;
 8925 : 0;
 8926 : 1;
 8927 : 1;
 8928 : 0;
 8929 : 1;
 8930 : 0;
 8931 : 0;
 8932 : 0;
 8933 : 1;
 8934 : 0;
 8935 : 1;
 8936 : 1;
 8937 : 0;
 8938 : 0;
 8939 : 0;
 8940 : 0;
 8941 : 0;
 8942 : 0;
 8943 : 1;
 8944 : 1;
 8945 : 0;
 8946 : 0;
 8947 : 1;
 8948 : 0;
 8949 : 0;
 8950 : 0;
 8951 : 1;
 8952 : 0;
 8953 : 1;
 8954 : 1;
 8955 : 1;
 8956 : 1;
 8957 : 1;
 8958 : 1;
 8959 : 0;
 8960 : 1;
 8961 : 1;
 8962 : 0;
 8963 : 0;
 8964 : 1;
 8965 : 0;
 8966 : 1;
 8967 : 1;
 8968 : 1;
 8969 : 0;
 8970 : 1;
 8971 : 1;
 8972 : 1;
 8973 : 0;
 8974 : 0;
 8975 : 0;
 8976 : 0;
 8977 : 1;
 8978 : 0;
 8979 : 1;
 8980 : 0;
 8981 : 1;
 8982 : 0;
 8983 : 0;
 8984 : 0;
 8985 : 1;
 8986 : 1;
 8987 : 1;
 8988 : 1;
 8989 : 0;
 8990 : 0;
 8991 : 1;
 8992 : 1;
 8993 : 0;
 8994 : 0;
 8995 : 1;
 8996 : 0;
 8997 : 0;
 8998 : 0;
 8999 : 0;
 9000 : 1;
 9001 : 0;
 9002 : 1;
 9003 : 0;
 9004 : 0;
 9005 : 0;
 9006 : 0;
 9007 : 0;
 9008 : 1;
 9009 : 1;
 9010 : 0;
 9011 : 1;
 9012 : 1;
 9013 : 0;
 9014 : 1;
 9015 : 1;
 9016 : 0;
 9017 : 1;
 9018 : 0;
 9019 : 1;
 9020 : 1;
 9021 : 0;
 9022 : 1;
 9023 : 0;
 9024 : 1;
 9025 : 0;
 9026 : 1;
 9027 : 1;
 9028 : 0;
 9029 : 0;
 9030 : 1;
 9031 : 1;
 9032 : 1;
 9033 : 1;
 9034 : 0;
 9035 : 1;
 9036 : 1;
 9037 : 1;
 9038 : 1;
 9039 : 0;
 9040 : 0;
 9041 : 0;
 9042 : 1;
 9043 : 1;
 9044 : 1;
 9045 : 0;
 9046 : 0;
 9047 : 0;
 9048 : 0;
 9049 : 1;
 9050 : 0;
 9051 : 0;
 9052 : 0;
 9053 : 0;
 9054 : 1;
 9055 : 0;
 9056 : 0;
 9057 : 1;
 9058 : 0;
 9059 : 1;
 9060 : 1;
 9061 : 1;
 9062 : 0;
 9063 : 1;
 9064 : 0;
 9065 : 1;
 9066 : 1;
 9067 : 1;
 9068 : 1;
 9069 : 1;
 9070 : 0;
 9071 : 0;
 9072 : 1;
 9073 : 0;
 9074 : 1;
 9075 : 1;
 9076 : 1;
 9077 : 1;
 9078 : 0;
 9079 : 1;
 9080 : 1;
 9081 : 1;
 9082 : 1;
 9083 : 0;
 9084 : 0;
 9085 : 1;
 9086 : 1;
 9087 : 1;
 9088 : 0;
 9089 : 1;
 9090 : 1;
 9091 : 1;
 9092 : 0;
 9093 : 0;
 9094 : 1;
 9095 : 0;
 9096 : 0;
 9097 : 1;
 9098 : 1;
 9099 : 0;
 9100 : 1;
 9101 : 0;
 9102 : 0;
 9103 : 1;
 9104 : 0;
 9105 : 0;
 9106 : 0;
 9107 : 1;
 9108 : 1;
 9109 : 1;
 9110 : 0;
 9111 : 0;
 9112 : 0;
 9113 : 1;
 9114 : 0;
 9115 : 1;
 9116 : 0;
 9117 : 0;
 9118 : 0;
 9119 : 1;
 9120 : 1;
 9121 : 1;
 9122 : 0;
 9123 : 0;
 9124 : 1;
 9125 : 1;
 9126 : 1;
 9127 : 1;
 9128 : 0;
 9129 : 1;
 9130 : 0;
 9131 : 1;
 9132 : 0;
 9133 : 0;
 9134 : 1;
 9135 : 0;
 9136 : 0;
 9137 : 0;
 9138 : 1;
 9139 : 1;
 9140 : 1;
 9141 : 1;
 9142 : 1;
 9143 : 1;
 9144 : 1;
 9145 : 1;
 9146 : 1;
 9147 : 0;
 9148 : 0;
 9149 : 1;
 9150 : 1;
 9151 : 1;
 9152 : 0;
 9153 : 0;
 9154 : 1;
 9155 : 1;
 9156 : 1;
 9157 : 0;
 9158 : 0;
 9159 : 0;
 9160 : 0;
 9161 : 0;
 9162 : 0;
 9163 : 0;
 9164 : 0;
 9165 : 0;
 9166 : 1;
 9167 : 1;
 9168 : 1;
 9169 : 0;
 9170 : 0;
 9171 : 1;
 9172 : 1;
 9173 : 0;
 9174 : 1;
 9175 : 1;
 9176 : 0;
 9177 : 1;
 9178 : 1;
 9179 : 0;
 9180 : 1;
 9181 : 0;
 9182 : 1;
 9183 : 0;
 9184 : 1;
 9185 : 1;
 9186 : 0;
 9187 : 1;
 9188 : 0;
 9189 : 0;
 9190 : 1;
 9191 : 0;
 9192 : 1;
 9193 : 1;
 9194 : 0;
 9195 : 0;
 9196 : 0;
 9197 : 1;
 9198 : 0;
 9199 : 0;
 9200 : 0;
 9201 : 0;
 9202 : 1;
 9203 : 0;
 9204 : 0;
 9205 : 1;
 9206 : 0;
 9207 : 1;
 9208 : 1;
 9209 : 1;
 9210 : 1;
 9211 : 1;
 9212 : 0;
 9213 : 0;
 9214 : 1;
 9215 : 0;
 9216 : 1;
 9217 : 1;
 9218 : 0;
 9219 : 1;
 9220 : 0;
 9221 : 0;
 9222 : 0;
 9223 : 1;
 9224 : 0;
 9225 : 0;
 9226 : 1;
 9227 : 0;
 9228 : 1;
 9229 : 0;
 9230 : 0;
 9231 : 0;
 9232 : 1;
 9233 : 0;
 9234 : 0;
 9235 : 1;
 9236 : 1;
 9237 : 1;
 9238 : 0;
 9239 : 0;
 9240 : 0;
 9241 : 0;
 9242 : 1;
 9243 : 1;
 9244 : 0;
 9245 : 1;
 9246 : 1;
 9247 : 0;
 9248 : 1;
 9249 : 0;
 9250 : 0;
 9251 : 0;
 9252 : 0;
 9253 : 1;
 9254 : 0;
 9255 : 0;
 9256 : 0;
 9257 : 0;
 9258 : 0;
 9259 : 0;
 9260 : 1;
 9261 : 0;
 9262 : 0;
 9263 : 0;
 9264 : 0;
 9265 : 1;
 9266 : 0;
 9267 : 0;
 9268 : 0;
 9269 : 1;
 9270 : 1;
 9271 : 1;
 9272 : 0;
 9273 : 1;
 9274 : 1;
 9275 : 0;
 9276 : 0;
 9277 : 1;
 9278 : 1;
 9279 : 0;
 9280 : 1;
 9281 : 1;
 9282 : 0;
 9283 : 1;
 9284 : 0;
 9285 : 0;
 9286 : 1;
 9287 : 0;
 9288 : 0;
 9289 : 0;
 9290 : 1;
 9291 : 1;
 9292 : 0;
 9293 : 0;
 9294 : 0;
 9295 : 0;
 9296 : 0;
 9297 : 0;
 9298 : 1;
 9299 : 0;
 9300 : 1;
 9301 : 1;
 9302 : 0;
 9303 : 1;
 9304 : 1;
 9305 : 1;
 9306 : 1;
 9307 : 0;
 9308 : 0;
 9309 : 1;
 9310 : 1;
 9311 : 1;
 9312 : 1;
 9313 : 0;
 9314 : 1;
 9315 : 0;
 9316 : 1;
 9317 : 1;
 9318 : 0;
 9319 : 0;
 9320 : 1;
 9321 : 1;
 9322 : 1;
 9323 : 1;
 9324 : 1;
 9325 : 1;
 9326 : 0;
 9327 : 1;
 9328 : 0;
 9329 : 0;
 9330 : 0;
 9331 : 0;
 9332 : 0;
 9333 : 0;
 9334 : 1;
 9335 : 0;
 9336 : 1;
 9337 : 0;
 9338 : 0;
 9339 : 0;
 9340 : 0;
 9341 : 1;
 9342 : 0;
 9343 : 1;
 9344 : 1;
 9345 : 0;
 9346 : 1;
 9347 : 0;
 9348 : 0;
 9349 : 0;
 9350 : 1;
 9351 : 0;
 9352 : 1;
 9353 : 1;
 9354 : 1;
 9355 : 0;
 9356 : 0;
 9357 : 1;
 9358 : 0;
 9359 : 0;
 9360 : 1;
 9361 : 0;
 9362 : 0;
 9363 : 1;
 9364 : 1;
 9365 : 1;
 9366 : 1;
 9367 : 1;
 9368 : 0;
 9369 : 0;
 9370 : 0;
 9371 : 1;
 9372 : 1;
 9373 : 1;
 9374 : 0;
 9375 : 0;
 9376 : 0;
 9377 : 1;
 9378 : 1;
 9379 : 0;
 9380 : 0;
 9381 : 1;
 9382 : 1;
 9383 : 1;
 9384 : 1;
 9385 : 1;
 9386 : 1;
 9387 : 0;
 9388 : 0;
 9389 : 1;
 9390 : 0;
 9391 : 0;
 9392 : 0;
 9393 : 0;
 9394 : 0;
 9395 : 0;
 9396 : 1;
 9397 : 1;
 9398 : 1;
 9399 : 1;
 9400 : 1;
 9401 : 0;
 9402 : 0;
 9403 : 0;
 9404 : 1;
 9405 : 1;
 9406 : 1;
 9407 : 0;
 9408 : 0;
 9409 : 1;
 9410 : 0;
 9411 : 1;
 9412 : 0;
 9413 : 1;
 9414 : 0;
 9415 : 1;
 9416 : 0;
 9417 : 0;
 9418 : 0;
 9419 : 1;
 9420 : 0;
 9421 : 1;
 9422 : 1;
 9423 : 0;
 9424 : 0;
 9425 : 1;
 9426 : 1;
 9427 : 1;
 9428 : 0;
 9429 : 1;
 9430 : 0;
 9431 : 1;
 9432 : 1;
 9433 : 1;
 9434 : 0;
 9435 : 0;
 9436 : 0;
 9437 : 1;
 9438 : 0;
 9439 : 0;
 9440 : 0;
 9441 : 0;
 9442 : 0;
 9443 : 1;
 9444 : 1;
 9445 : 0;
 9446 : 1;
 9447 : 1;
 9448 : 1;
 9449 : 1;
 9450 : 1;
 9451 : 0;
 9452 : 1;
 9453 : 1;
 9454 : 0;
 9455 : 1;
 9456 : 0;
 9457 : 1;
 9458 : 1;
 9459 : 1;
 9460 : 1;
 9461 : 0;
 9462 : 1;
 9463 : 0;
 9464 : 0;
 9465 : 1;
 9466 : 0;
 9467 : 0;
 9468 : 0;
 9469 : 0;
 9470 : 1;
 9471 : 0;
 9472 : 1;
 9473 : 1;
 9474 : 1;
 9475 : 1;
 9476 : 1;
 9477 : 1;
 9478 : 1;
 9479 : 0;
 9480 : 1;
 9481 : 1;
 9482 : 0;
 9483 : 1;
 9484 : 1;
 9485 : 1;
 9486 : 1;
 9487 : 0;
 9488 : 0;
 9489 : 1;
 9490 : 0;
 9491 : 1;
 9492 : 0;
 9493 : 0;
 9494 : 1;
 9495 : 0;
 9496 : 1;
 9497 : 1;
 9498 : 1;
 9499 : 0;
 9500 : 1;
 9501 : 0;
 9502 : 1;
 9503 : 0;
 9504 : 1;
 9505 : 0;
 9506 : 1;
 9507 : 0;
 9508 : 0;
 9509 : 0;
 9510 : 1;
 9511 : 1;
 9512 : 0;
 9513 : 0;
 9514 : 0;
 9515 : 0;
 9516 : 1;
 9517 : 1;
 9518 : 1;
 9519 : 1;
 9520 : 0;
 9521 : 0;
 9522 : 1;
 9523 : 0;
 9524 : 1;
 9525 : 0;
 9526 : 0;
 9527 : 0;
 9528 : 0;
 9529 : 0;
 9530 : 0;
 9531 : 1;
 9532 : 0;
 9533 : 1;
 9534 : 0;
 9535 : 1;
 9536 : 0;
 9537 : 0;
 9538 : 0;
 9539 : 0;
 9540 : 1;
 9541 : 0;
 9542 : 0;
 9543 : 0;
 9544 : 0;
 9545 : 1;
 9546 : 1;
 9547 : 0;
 9548 : 0;
 9549 : 0;
 9550 : 0;
 9551 : 1;
 9552 : 1;
 9553 : 0;
 9554 : 1;
 9555 : 1;
 9556 : 0;
 9557 : 1;
 9558 : 1;
 9559 : 0;
 9560 : 0;
 9561 : 1;
 9562 : 0;
 9563 : 1;
 9564 : 0;
 9565 : 1;
 9566 : 0;
 9567 : 0;
 9568 : 1;
 9569 : 1;
 9570 : 1;
 9571 : 1;
 9572 : 0;
 9573 : 0;
 9574 : 1;
 9575 : 1;
 9576 : 0;
 9577 : 1;
 9578 : 0;
 9579 : 0;
 9580 : 1;
 9581 : 0;
 9582 : 1;
 9583 : 1;
 9584 : 1;
 9585 : 0;
 9586 : 0;
 9587 : 0;
 9588 : 0;
 9589 : 0;
 9590 : 0;
 9591 : 0;
 9592 : 0;
 9593 : 0;
 9594 : 1;
 9595 : 1;
 9596 : 1;
 9597 : 0;
 9598 : 1;
 9599 : 1;
 9600 : 1;
 9601 : 0;
 9602 : 1;
 9603 : 0;
 9604 : 0;
 9605 : 0;
 9606 : 0;
 9607 : 1;
 9608 : 1;
 9609 : 0;
 9610 : 0;
 9611 : 0;
 9612 : 1;
 9613 : 0;
 9614 : 1;
 9615 : 0;
 9616 : 1;
 9617 : 1;
 9618 : 0;
 9619 : 1;
 9620 : 1;
 9621 : 1;
 9622 : 0;
 9623 : 1;
 9624 : 1;
 9625 : 1;
 9626 : 0;
 9627 : 1;
 9628 : 1;
 9629 : 1;
 9630 : 1;
 9631 : 0;
 9632 : 1;
 9633 : 0;
 9634 : 1;
 9635 : 0;
 9636 : 0;
 9637 : 1;
 9638 : 0;
 9639 : 1;
 9640 : 1;
 9641 : 1;
 9642 : 1;
 9643 : 0;
 9644 : 1;
 9645 : 0;
 9646 : 1;
 9647 : 1;
 9648 : 1;
 9649 : 1;
 9650 : 0;
 9651 : 0;
 9652 : 1;
 9653 : 0;
 9654 : 0;
 9655 : 0;
 9656 : 1;
 9657 : 0;
 9658 : 1;
 9659 : 0;
 9660 : 1;
 9661 : 1;
 9662 : 0;
 9663 : 1;
 9664 : 0;
 9665 : 1;
 9666 : 1;
 9667 : 1;
 9668 : 0;
 9669 : 0;
 9670 : 0;
 9671 : 0;
 9672 : 0;
 9673 : 1;
 9674 : 0;
 9675 : 1;
 9676 : 0;
 9677 : 0;
 9678 : 0;
 9679 : 1;
 9680 : 1;
 9681 : 1;
 9682 : 1;
 9683 : 1;
 9684 : 1;
 9685 : 1;
 9686 : 1;
 9687 : 0;
 9688 : 1;
 9689 : 1;
 9690 : 0;
 9691 : 0;
 9692 : 1;
 9693 : 1;
 9694 : 1;
 9695 : 0;
 9696 : 0;
 9697 : 1;
 9698 : 0;
 9699 : 1;
 9700 : 0;
 9701 : 0;
 9702 : 0;
 9703 : 0;
 9704 : 0;
 9705 : 1;
 9706 : 0;
 9707 : 0;
 9708 : 0;
 9709 : 0;
 9710 : 0;
 9711 : 0;
 9712 : 1;
 9713 : 0;
 9714 : 0;
 9715 : 0;
 9716 : 0;
 9717 : 1;
 9718 : 1;
 9719 : 0;
 9720 : 0;
 9721 : 1;
 9722 : 1;
 9723 : 0;
 9724 : 0;
 9725 : 0;
 9726 : 0;
 9727 : 1;
 9728 : 0;
 9729 : 1;
 9730 : 0;
 9731 : 0;
 9732 : 1;
 9733 : 0;
 9734 : 1;
 9735 : 0;
 9736 : 1;
 9737 : 1;
 9738 : 0;
 9739 : 1;
 9740 : 0;
 9741 : 0;
 9742 : 1;
 9743 : 0;
 9744 : 1;
 9745 : 0;
 9746 : 0;
 9747 : 1;
 9748 : 1;
 9749 : 1;
 9750 : 1;
 9751 : 0;
 9752 : 0;
 9753 : 0;
 9754 : 1;
 9755 : 0;
 9756 : 0;
 9757 : 1;
 9758 : 0;
 9759 : 0;
 9760 : 1;
 9761 : 0;
 9762 : 1;
 9763 : 0;
 9764 : 1;
 9765 : 1;
 9766 : 0;
 9767 : 1;
 9768 : 1;
 9769 : 0;
 9770 : 1;
 9771 : 1;
 9772 : 0;
 9773 : 0;
 9774 : 1;
 9775 : 0;
 9776 : 0;
 9777 : 1;
 9778 : 0;
 9779 : 1;
 9780 : 1;
 9781 : 0;
 9782 : 0;
 9783 : 1;
 9784 : 0;
 9785 : 0;
 9786 : 1;
 9787 : 0;
 9788 : 0;
 9789 : 0;
 9790 : 0;
 9791 : 0;
 9792 : 1;
 9793 : 0;
 9794 : 0;
 9795 : 0;
 9796 : 0;
 9797 : 0;
 9798 : 0;
 9799 : 1;
 9800 : 0;
 9801 : 0;
 9802 : 0;
 9803 : 0;
 9804 : 0;
 9805 : 1;
 9806 : 1;
 9807 : 0;
 9808 : 0;
 9809 : 0;
 9810 : 1;
 9811 : 0;
 9812 : 0;
 9813 : 1;
 9814 : 1;
 9815 : 1;
 9816 : 0;
 9817 : 1;
 9818 : 1;
 9819 : 1;
 9820 : 0;
 9821 : 0;
 9822 : 1;
 9823 : 1;
 9824 : 1;
 9825 : 1;
 9826 : 1;
 9827 : 1;
 9828 : 0;
 9829 : 1;
 9830 : 1;
 9831 : 1;
 9832 : 1;
 9833 : 1;
 9834 : 1;
 9835 : 1;
 9836 : 1;
 9837 : 1;
 9838 : 1;
 9839 : 1;
 9840 : 0;
 9841 : 1;
 9842 : 1;
 9843 : 0;
 9844 : 1;
 9845 : 0;
 9846 : 1;
 9847 : 0;
 9848 : 1;
 9849 : 1;
 9850 : 1;
 9851 : 0;
 9852 : 1;
 9853 : 0;
 9854 : 1;
 9855 : 0;
 9856 : 1;
 9857 : 1;
 9858 : 1;
 9859 : 1;
 9860 : 0;
 9861 : 1;
 9862 : 1;
 9863 : 0;
 9864 : 0;
 9865 : 0;
 9866 : 1;
 9867 : 1;
 9868 : 0;
 9869 : 1;
 9870 : 1;
 9871 : 1;
 9872 : 0;
 9873 : 0;
 9874 : 1;
 9875 : 1;
 9876 : 1;
 9877 : 1;
 9878 : 0;
 9879 : 1;
 9880 : 0;
 9881 : 1;
 9882 : 1;
 9883 : 1;
 9884 : 0;
 9885 : 0;
 9886 : 1;
 9887 : 0;
 9888 : 1;
 9889 : 0;
 9890 : 0;
 9891 : 0;
 9892 : 1;
 9893 : 1;
 9894 : 0;
 9895 : 1;
 9896 : 1;
 9897 : 0;
 9898 : 0;
 9899 : 0;
 9900 : 0;
 9901 : 1;
 9902 : 1;
 9903 : 0;
 9904 : 1;
 9905 : 1;
 9906 : 1;
 9907 : 0;
 9908 : 1;
 9909 : 1;
 9910 : 0;
 9911 : 1;
 9912 : 1;
 9913 : 0;
 9914 : 1;
 9915 : 1;
 9916 : 1;
 9917 : 1;
 9918 : 0;
 9919 : 1;
 9920 : 0;
 9921 : 1;
 9922 : 0;
 9923 : 1;
 9924 : 0;
 9925 : 0;
 9926 : 0;
 9927 : 1;
 9928 : 1;
 9929 : 0;
 9930 : 1;
 9931 : 0;
 9932 : 0;
 9933 : 0;
 9934 : 0;
 9935 : 0;
 9936 : 1;
 9937 : 1;
 9938 : 0;
 9939 : 1;
 9940 : 1;
 9941 : 1;
 9942 : 1;
 9943 : 1;
 9944 : 0;
 9945 : 0;
 9946 : 0;
 9947 : 1;
 9948 : 1;
 9949 : 1;
 9950 : 0;
 9951 : 1;
 9952 : 1;
 9953 : 0;
 9954 : 0;
 9955 : 0;
 9956 : 1;
 9957 : 1;
 9958 : 1;
 9959 : 1;
 9960 : 0;
 9961 : 1;
 9962 : 0;
 9963 : 1;
 9964 : 1;
 9965 : 0;
 9966 : 1;
 9967 : 0;
 9968 : 0;
 9969 : 1;
 9970 : 1;
 9971 : 1;
 9972 : 1;
 9973 : 0;
 9974 : 0;
 9975 : 1;
 9976 : 0;
 9977 : 0;
 9978 : 1;
 9979 : 0;
 9980 : 0;
 9981 : 1;
 9982 : 0;
 9983 : 0;
 9984 : 0;
 9985 : 0;
 9986 : 1;
 9987 : 0;
 9988 : 0;
 9989 : 1;
 9990 : 1;
 9991 : 1;
 9992 : 1;
 9993 : 0;
 9994 : 1;
 9995 : 0;
 9996 : 1;
 9997 : 1;
 9998 : 1;
 9999 : 0;
10000 : 0;
10001 : 1;
10002 : 0;
10003 : 1;
10004 : 0;
10005 : 1;
10006 : 0;
10007 : 0;
10008 : 1;
10009 : 1;
10010 : 0;
10011 : 0;
10012 : 0;
10013 : 0;
10014 : 1;
10015 : 0;
10016 : 0;
10017 : 0;
10018 : 1;
10019 : 0;
10020 : 1;
10021 : 1;
10022 : 1;
10023 : 0;
10024 : 1;
10025 : 0;
10026 : 0;
10027 : 1;
10028 : 1;
10029 : 1;
10030 : 1;
10031 : 0;
10032 : 1;
10033 : 1;
10034 : 0;
10035 : 0;
10036 : 1;
10037 : 0;
10038 : 1;
10039 : 1;
10040 : 1;
10041 : 0;
10042 : 1;
10043 : 0;
10044 : 0;
10045 : 1;
10046 : 0;
10047 : 1;
10048 : 1;
10049 : 1;
10050 : 0;
10051 : 0;
10052 : 0;
10053 : 0;
10054 : 1;
10055 : 1;
10056 : 0;
10057 : 0;
10058 : 1;
10059 : 0;
10060 : 1;
10061 : 0;
10062 : 1;
10063 : 0;
10064 : 1;
10065 : 1;
10066 : 1;
10067 : 1;
10068 : 0;
10069 : 0;
10070 : 1;
10071 : 1;
10072 : 0;
10073 : 1;
10074 : 0;
10075 : 1;
10076 : 0;
10077 : 1;
10078 : 0;
10079 : 1;
10080 : 0;
10081 : 1;
10082 : 1;
10083 : 1;
10084 : 0;
10085 : 1;
10086 : 1;
10087 : 1;
10088 : 0;
10089 : 1;
10090 : 1;
10091 : 0;
10092 : 0;
10093 : 1;
10094 : 0;
10095 : 0;
10096 : 0;
10097 : 1;
10098 : 1;
10099 : 0;
10100 : 0;
10101 : 0;
10102 : 0;
10103 : 0;
10104 : 1;
10105 : 1;
10106 : 1;
10107 : 1;
10108 : 0;
10109 : 0;
10110 : 0;
10111 : 0;
10112 : 1;
10113 : 1;
10114 : 1;
10115 : 0;
10116 : 0;
10117 : 0;
10118 : 1;
10119 : 1;
10120 : 1;
10121 : 1;
10122 : 0;
10123 : 0;
10124 : 1;
10125 : 1;
10126 : 1;
10127 : 1;
10128 : 1;
10129 : 1;
10130 : 1;
10131 : 1;
10132 : 1;
10133 : 1;
10134 : 1;
10135 : 1;
10136 : 0;
10137 : 1;
10138 : 0;
10139 : 1;
10140 : 0;
10141 : 1;
10142 : 1;
10143 : 0;
10144 : 1;
10145 : 0;
10146 : 1;
10147 : 0;
10148 : 0;
10149 : 0;
10150 : 0;
10151 : 1;
10152 : 1;
10153 : 0;
10154 : 0;
10155 : 0;
10156 : 0;
10157 : 1;
10158 : 0;
10159 : 0;
10160 : 0;
10161 : 0;
10162 : 1;
10163 : 0;
10164 : 1;
10165 : 0;
10166 : 0;
10167 : 0;
10168 : 0;
10169 : 0;
10170 : 1;
10171 : 0;
10172 : 1;
10173 : 0;
10174 : 1;
10175 : 1;
10176 : 0;
10177 : 1;
10178 : 0;
10179 : 0;
10180 : 0;
10181 : 0;
10182 : 0;
10183 : 1;
10184 : 1;
10185 : 1;
10186 : 1;
10187 : 1;
10188 : 1;
10189 : 1;
10190 : 1;
10191 : 1;
10192 : 1;
10193 : 0;
10194 : 0;
10195 : 1;
10196 : 0;
10197 : 1;
10198 : 0;
10199 : 0;
10200 : 0;
10201 : 1;
10202 : 1;
10203 : 1;
10204 : 1;
10205 : 0;
10206 : 1;
10207 : 1;
10208 : 1;
10209 : 0;
10210 : 1;
10211 : 1;
10212 : 1;
10213 : 1;
10214 : 0;
10215 : 0;
10216 : 1;
10217 : 0;
10218 : 1;
10219 : 0;
10220 : 1;
10221 : 0;
10222 : 0;
10223 : 1;
10224 : 1;
10225 : 0;
10226 : 0;
10227 : 0;
10228 : 1;
10229 : 1;
10230 : 0;
10231 : 0;
10232 : 0;
10233 : 0;
10234 : 0;
10235 : 0;
10236 : 0;
10237 : 0;
10238 : 0;
10239 : 0;
10240 : 1;
10241 : 1;
10242 : 1;
10243 : 0;
10244 : 1;
10245 : 0;
10246 : 0;
10247 : 0;
10248 : 1;
10249 : 0;
10250 : 1;
10251 : 1;
10252 : 0;
10253 : 0;
10254 : 0;
10255 : 0;
10256 : 1;
10257 : 1;
10258 : 0;
10259 : 1;
10260 : 0;
10261 : 1;
10262 : 0;
10263 : 0;
10264 : 0;
10265 : 1;
10266 : 1;
10267 : 1;
10268 : 0;
10269 : 0;
10270 : 0;
10271 : 0;
10272 : 1;
10273 : 0;
10274 : 1;
10275 : 0;
10276 : 0;
10277 : 1;
10278 : 0;
10279 : 0;
10280 : 0;
10281 : 0;
10282 : 1;
10283 : 1;
10284 : 1;
10285 : 0;
10286 : 1;
10287 : 0;
10288 : 0;
10289 : 1;
10290 : 1;
10291 : 0;
10292 : 0;
10293 : 1;
10294 : 0;
10295 : 0;
10296 : 1;
10297 : 1;
10298 : 0;
10299 : 0;
10300 : 1;
10301 : 1;
10302 : 0;
10303 : 1;
10304 : 0;
10305 : 1;
10306 : 1;
10307 : 1;
10308 : 0;
10309 : 1;
10310 : 0;
10311 : 1;
10312 : 0;
10313 : 0;
10314 : 0;
10315 : 1;
10316 : 1;
10317 : 1;
10318 : 1;
10319 : 1;
10320 : 1;
10321 : 1;
10322 : 1;
10323 : 0;
10324 : 1;
10325 : 0;
10326 : 0;
10327 : 0;
10328 : 1;
10329 : 1;
10330 : 0;
10331 : 0;
10332 : 1;
10333 : 0;
10334 : 1;
10335 : 1;
10336 : 0;
10337 : 1;
10338 : 0;
10339 : 0;
10340 : 1;
10341 : 0;
10342 : 1;
10343 : 1;
10344 : 1;
10345 : 1;
10346 : 1;
10347 : 0;
10348 : 1;
10349 : 0;
10350 : 1;
10351 : 1;
10352 : 0;
10353 : 1;
10354 : 0;
10355 : 1;
10356 : 1;
10357 : 1;
10358 : 1;
10359 : 1;
10360 : 1;
10361 : 1;
10362 : 1;
10363 : 0;
10364 : 0;
10365 : 0;
10366 : 0;
10367 : 1;
10368 : 0;
10369 : 0;
10370 : 0;
10371 : 0;
10372 : 0;
10373 : 0;
10374 : 1;
10375 : 1;
10376 : 1;
10377 : 1;
10378 : 0;
10379 : 1;
10380 : 0;
10381 : 0;
10382 : 1;
10383 : 0;
10384 : 1;
10385 : 1;
10386 : 1;
10387 : 1;
10388 : 0;
10389 : 0;
10390 : 0;
10391 : 0;
10392 : 0;
10393 : 1;
10394 : 0;
10395 : 1;
10396 : 1;
10397 : 0;
10398 : 1;
10399 : 1;
10400 : 0;
10401 : 1;
10402 : 1;
10403 : 0;
10404 : 1;
10405 : 1;
10406 : 0;
10407 : 1;
10408 : 0;
10409 : 1;
10410 : 1;
10411 : 1;
10412 : 0;
10413 : 1;
10414 : 0;
10415 : 1;
10416 : 0;
10417 : 1;
10418 : 0;
10419 : 0;
10420 : 1;
10421 : 1;
10422 : 1;
10423 : 1;
10424 : 0;
10425 : 0;
10426 : 0;
10427 : 0;
10428 : 1;
10429 : 1;
10430 : 0;
10431 : 0;
10432 : 0;
10433 : 1;
10434 : 1;
10435 : 1;
10436 : 0;
10437 : 0;
10438 : 1;
10439 : 1;
10440 : 0;
10441 : 1;
10442 : 1;
10443 : 0;
10444 : 0;
10445 : 0;
10446 : 0;
10447 : 0;
10448 : 0;
10449 : 0;
10450 : 1;
10451 : 0;
10452 : 0;
10453 : 0;
10454 : 1;
10455 : 1;
10456 : 0;
10457 : 0;
10458 : 0;
10459 : 1;
10460 : 1;
10461 : 0;
10462 : 1;
10463 : 1;
10464 : 0;
10465 : 1;
10466 : 0;
10467 : 1;
10468 : 1;
10469 : 0;
10470 : 0;
10471 : 1;
10472 : 0;
10473 : 0;
10474 : 1;
10475 : 1;
10476 : 1;
10477 : 0;
10478 : 1;
10479 : 0;
10480 : 0;
10481 : 0;
10482 : 0;
10483 : 1;
10484 : 1;
10485 : 0;
10486 : 1;
10487 : 0;
10488 : 1;
10489 : 1;
10490 : 1;
10491 : 1;
10492 : 0;
10493 : 0;
10494 : 1;
10495 : 0;
10496 : 1;
10497 : 1;
10498 : 1;
10499 : 1;
10500 : 1;
10501 : 0;
10502 : 1;
10503 : 1;
10504 : 0;
10505 : 0;
10506 : 0;
10507 : 0;
10508 : 0;
10509 : 0;
10510 : 1;
10511 : 1;
10512 : 1;
10513 : 0;
10514 : 1;
10515 : 0;
10516 : 0;
10517 : 0;
10518 : 1;
10519 : 1;
10520 : 0;
10521 : 0;
10522 : 0;
10523 : 1;
10524 : 1;
10525 : 0;
10526 : 1;
10527 : 0;
10528 : 0;
10529 : 0;
10530 : 1;
10531 : 0;
10532 : 0;
10533 : 1;
10534 : 0;
10535 : 0;
10536 : 1;
10537 : 1;
10538 : 1;
10539 : 1;
10540 : 0;
10541 : 1;
10542 : 0;
10543 : 0;
10544 : 1;
10545 : 0;
10546 : 1;
10547 : 0;
10548 : 1;
10549 : 1;
10550 : 1;
10551 : 1;
10552 : 1;
10553 : 0;
10554 : 1;
10555 : 1;
10556 : 0;
10557 : 0;
10558 : 1;
10559 : 1;
10560 : 0;
10561 : 1;
10562 : 0;
10563 : 1;
10564 : 0;
10565 : 0;
10566 : 0;
10567 : 0;
10568 : 1;
10569 : 1;
10570 : 0;
10571 : 1;
10572 : 1;
10573 : 0;
10574 : 0;
10575 : 0;
10576 : 1;
10577 : 1;
10578 : 1;
10579 : 0;
10580 : 0;
10581 : 1;
10582 : 1;
10583 : 0;
10584 : 1;
10585 : 0;
10586 : 0;
10587 : 1;
10588 : 0;
10589 : 0;
10590 : 1;
10591 : 0;
10592 : 0;
10593 : 0;
10594 : 0;
10595 : 1;
10596 : 1;
10597 : 0;
10598 : 1;
10599 : 1;
10600 : 1;
10601 : 1;
10602 : 1;
10603 : 1;
10604 : 0;
10605 : 1;
10606 : 1;
10607 : 1;
10608 : 0;
10609 : 0;
10610 : 0;
10611 : 0;
10612 : 1;
10613 : 1;
10614 : 0;
10615 : 1;
10616 : 0;
10617 : 0;
10618 : 0;
10619 : 0;
10620 : 1;
10621 : 1;
10622 : 0;
10623 : 0;
10624 : 1;
10625 : 0;
10626 : 1;
10627 : 1;
10628 : 1;
10629 : 0;
10630 : 0;
10631 : 1;
10632 : 1;
10633 : 0;
10634 : 1;
10635 : 1;
10636 : 0;
10637 : 0;
10638 : 0;
10639 : 1;
10640 : 1;
10641 : 0;
10642 : 1;
10643 : 0;
10644 : 1;
10645 : 0;
10646 : 1;
10647 : 1;
10648 : 0;
10649 : 1;
10650 : 1;
10651 : 0;
10652 : 1;
10653 : 1;
10654 : 1;
10655 : 0;
10656 : 0;
10657 : 0;
10658 : 0;
10659 : 1;
10660 : 1;
10661 : 0;
10662 : 1;
10663 : 1;
10664 : 1;
10665 : 0;
10666 : 0;
10667 : 0;
10668 : 1;
10669 : 0;
10670 : 0;
10671 : 0;
10672 : 0;
10673 : 0;
10674 : 0;
10675 : 0;
10676 : 0;
10677 : 1;
10678 : 1;
10679 : 1;
10680 : 0;
10681 : 1;
10682 : 0;
10683 : 0;
10684 : 1;
10685 : 1;
10686 : 0;
10687 : 1;
10688 : 0;
10689 : 0;
10690 : 0;
10691 : 0;
10692 : 1;
10693 : 0;
10694 : 0;
10695 : 0;
10696 : 1;
10697 : 1;
10698 : 0;
10699 : 1;
10700 : 1;
10701 : 0;
10702 : 1;
10703 : 0;
10704 : 1;
10705 : 0;
10706 : 0;
10707 : 0;
10708 : 1;
10709 : 1;
10710 : 0;
10711 : 1;
10712 : 1;
10713 : 0;
10714 : 1;
10715 : 0;
10716 : 0;
10717 : 0;
10718 : 1;
10719 : 1;
10720 : 0;
10721 : 0;
10722 : 0;
10723 : 1;
10724 : 1;
10725 : 1;
10726 : 1;
10727 : 1;
10728 : 1;
10729 : 1;
10730 : 0;
10731 : 1;
10732 : 0;
10733 : 0;
10734 : 1;
10735 : 1;
10736 : 1;
10737 : 1;
10738 : 0;
10739 : 0;
10740 : 1;
10741 : 1;
10742 : 1;
10743 : 0;
10744 : 0;
10745 : 1;
10746 : 1;
10747 : 1;
10748 : 1;
10749 : 0;
10750 : 1;
10751 : 0;
10752 : 1;
10753 : 0;
10754 : 1;
10755 : 1;
10756 : 0;
10757 : 1;
10758 : 0;
10759 : 1;
10760 : 1;
10761 : 1;
10762 : 1;
10763 : 1;
10764 : 1;
10765 : 1;
10766 : 1;
10767 : 1;
10768 : 1;
10769 : 0;
10770 : 1;
10771 : 1;
10772 : 0;
10773 : 1;
10774 : 0;
10775 : 1;
10776 : 1;
10777 : 1;
10778 : 1;
10779 : 1;
10780 : 0;
10781 : 0;
10782 : 0;
10783 : 0;
10784 : 1;
10785 : 0;
10786 : 1;
10787 : 1;
10788 : 0;
10789 : 0;
10790 : 1;
10791 : 0;
10792 : 1;
10793 : 1;
10794 : 1;
10795 : 0;
10796 : 0;
10797 : 1;
10798 : 1;
10799 : 1;
10800 : 1;
10801 : 1;
10802 : 1;
10803 : 1;
10804 : 1;
10805 : 0;
10806 : 0;
10807 : 1;
10808 : 1;
10809 : 0;
10810 : 0;
10811 : 0;
10812 : 0;
10813 : 1;
10814 : 1;
10815 : 1;
10816 : 1;
10817 : 1;
10818 : 1;
10819 : 1;
10820 : 0;
10821 : 0;
10822 : 1;
10823 : 1;
10824 : 0;
10825 : 0;
10826 : 0;
10827 : 1;
10828 : 1;
10829 : 1;
10830 : 0;
10831 : 0;
10832 : 0;
10833 : 0;
10834 : 0;
10835 : 1;
10836 : 0;
10837 : 1;
10838 : 0;
10839 : 0;
10840 : 1;
10841 : 0;
10842 : 0;
10843 : 1;
10844 : 1;
10845 : 1;
10846 : 0;
10847 : 0;
10848 : 1;
10849 : 0;
10850 : 0;
10851 : 1;
10852 : 1;
10853 : 1;
10854 : 1;
10855 : 0;
10856 : 0;
10857 : 0;
10858 : 0;
10859 : 1;
10860 : 1;
10861 : 0;
10862 : 1;
10863 : 0;
10864 : 0;
10865 : 1;
10866 : 1;
10867 : 1;
10868 : 0;
10869 : 1;
10870 : 0;
10871 : 0;
10872 : 0;
10873 : 0;
10874 : 1;
10875 : 0;
10876 : 1;
10877 : 1;
10878 : 1;
10879 : 0;
10880 : 0;
10881 : 1;
10882 : 0;
10883 : 0;
10884 : 1;
10885 : 0;
10886 : 1;
10887 : 1;
10888 : 1;
10889 : 1;
10890 : 0;
10891 : 0;
10892 : 1;
10893 : 1;
10894 : 0;
10895 : 1;
10896 : 0;
10897 : 1;
10898 : 1;
10899 : 1;
10900 : 0;
10901 : 1;
10902 : 1;
10903 : 0;
10904 : 0;
10905 : 0;
10906 : 0;
10907 : 1;
10908 : 0;
10909 : 1;
10910 : 1;
10911 : 0;
10912 : 1;
10913 : 0;
10914 : 0;
10915 : 1;
10916 : 0;
10917 : 1;
10918 : 1;
10919 : 1;
10920 : 0;
10921 : 0;
10922 : 0;
10923 : 0;
10924 : 1;
10925 : 1;
10926 : 1;
10927 : 0;
10928 : 1;
10929 : 0;
10930 : 1;
10931 : 1;
10932 : 1;
10933 : 1;
10934 : 0;
10935 : 0;
10936 : 1;
10937 : 1;
10938 : 1;
10939 : 0;
10940 : 1;
10941 : 0;
10942 : 1;
10943 : 0;
10944 : 1;
10945 : 0;
10946 : 1;
10947 : 0;
10948 : 0;
10949 : 1;
10950 : 0;
10951 : 0;
10952 : 0;
10953 : 1;
10954 : 0;
10955 : 0;
10956 : 0;
10957 : 0;
10958 : 0;
10959 : 1;
10960 : 0;
10961 : 1;
10962 : 1;
10963 : 0;
10964 : 1;
10965 : 0;
10966 : 1;
10967 : 1;
10968 : 0;
10969 : 1;
10970 : 0;
10971 : 1;
10972 : 0;
10973 : 1;
10974 : 0;
10975 : 0;
10976 : 1;
10977 : 0;
10978 : 1;
10979 : 1;
10980 : 1;
10981 : 1;
10982 : 1;
10983 : 0;
10984 : 0;
10985 : 0;
10986 : 0;
10987 : 0;
10988 : 0;
10989 : 1;
10990 : 1;
10991 : 0;
10992 : 0;
10993 : 0;
10994 : 1;
10995 : 1;
10996 : 0;
10997 : 1;
10998 : 1;
10999 : 1;
11000 : 0;
11001 : 0;
11002 : 1;
11003 : 0;
11004 : 0;
11005 : 1;
11006 : 1;
11007 : 0;
11008 : 0;
11009 : 1;
11010 : 1;
11011 : 1;
11012 : 0;
11013 : 0;
11014 : 1;
11015 : 0;
11016 : 1;
11017 : 1;
11018 : 1;
11019 : 0;
11020 : 1;
11021 : 0;
11022 : 0;
11023 : 0;
11024 : 1;
11025 : 0;
11026 : 0;
11027 : 1;
11028 : 0;
11029 : 0;
11030 : 1;
11031 : 0;
11032 : 1;
11033 : 0;
11034 : 0;
11035 : 1;
11036 : 0;
11037 : 0;
11038 : 0;
11039 : 1;
11040 : 0;
11041 : 0;
11042 : 1;
11043 : 0;
11044 : 1;
11045 : 1;
11046 : 0;
11047 : 0;
11048 : 0;
11049 : 0;
11050 : 1;
11051 : 0;
11052 : 1;
11053 : 1;
11054 : 0;
11055 : 1;
11056 : 1;
11057 : 1;
11058 : 1;
11059 : 0;
11060 : 1;
11061 : 1;
11062 : 0;
11063 : 0;
11064 : 0;
11065 : 1;
11066 : 0;
11067 : 0;
11068 : 0;
11069 : 0;
11070 : 1;
11071 : 0;
11072 : 1;
11073 : 0;
11074 : 0;
11075 : 0;
11076 : 1;
11077 : 0;
11078 : 0;
11079 : 0;
11080 : 1;
11081 : 0;
11082 : 1;
11083 : 0;
11084 : 1;
11085 : 0;
11086 : 0;
11087 : 0;
11088 : 1;
11089 : 0;
11090 : 0;
11091 : 0;
11092 : 1;
11093 : 0;
11094 : 0;
11095 : 0;
11096 : 1;
11097 : 1;
11098 : 1;
11099 : 1;
11100 : 1;
11101 : 1;
11102 : 0;
11103 : 0;
11104 : 0;
11105 : 0;
11106 : 1;
11107 : 1;
11108 : 1;
11109 : 1;
11110 : 1;
11111 : 0;
11112 : 1;
11113 : 0;
11114 : 1;
11115 : 1;
11116 : 0;
11117 : 0;
11118 : 1;
11119 : 1;
11120 : 0;
11121 : 1;
11122 : 0;
11123 : 1;
11124 : 1;
11125 : 1;
11126 : 0;
11127 : 1;
11128 : 1;
11129 : 0;
11130 : 0;
11131 : 1;
11132 : 1;
11133 : 1;
11134 : 1;
11135 : 1;
11136 : 1;
11137 : 1;
11138 : 1;
11139 : 1;
11140 : 1;
11141 : 0;
11142 : 0;
11143 : 1;
11144 : 0;
11145 : 0;
11146 : 0;
11147 : 1;
11148 : 1;
11149 : 0;
11150 : 1;
11151 : 0;
11152 : 0;
11153 : 1;
11154 : 1;
11155 : 1;
11156 : 0;
11157 : 0;
11158 : 0;
11159 : 1;
11160 : 0;
11161 : 0;
11162 : 0;
11163 : 1;
11164 : 1;
11165 : 1;
11166 : 1;
11167 : 0;
11168 : 0;
11169 : 1;
11170 : 0;
11171 : 1;
11172 : 1;
11173 : 1;
11174 : 0;
11175 : 0;
11176 : 0;
11177 : 0;
11178 : 0;
11179 : 1;
11180 : 1;
11181 : 0;
11182 : 1;
11183 : 0;
11184 : 0;
11185 : 0;
11186 : 1;
11187 : 0;
11188 : 0;
11189 : 1;
11190 : 0;
11191 : 0;
11192 : 0;
11193 : 0;
11194 : 0;
11195 : 1;
11196 : 1;
11197 : 0;
11198 : 0;
11199 : 0;
11200 : 0;
11201 : 0;
11202 : 0;
11203 : 1;
11204 : 0;
11205 : 1;
11206 : 0;
11207 : 1;
11208 : 0;
11209 : 0;
11210 : 1;
11211 : 0;
11212 : 1;
11213 : 0;
11214 : 0;
11215 : 0;
11216 : 0;
11217 : 1;
11218 : 0;
11219 : 0;
11220 : 1;
11221 : 1;
11222 : 1;
11223 : 1;
11224 : 0;
11225 : 1;
11226 : 1;
11227 : 1;
11228 : 0;
11229 : 1;
11230 : 0;
11231 : 1;
11232 : 1;
11233 : 0;
11234 : 0;
11235 : 0;
11236 : 0;
11237 : 1;
11238 : 1;
11239 : 1;
11240 : 0;
11241 : 1;
11242 : 1;
11243 : 0;
11244 : 0;
11245 : 1;
11246 : 0;
11247 : 0;
11248 : 1;
11249 : 0;
11250 : 0;
11251 : 0;
11252 : 0;
11253 : 0;
11254 : 1;
11255 : 0;
11256 : 1;
11257 : 0;
11258 : 0;
11259 : 0;
11260 : 0;
11261 : 0;
11262 : 0;
11263 : 0;
11264 : 1;
11265 : 1;
11266 : 1;
11267 : 1;
11268 : 1;
11269 : 0;
11270 : 1;
11271 : 0;
11272 : 0;
11273 : 0;
11274 : 0;
11275 : 1;
11276 : 1;
11277 : 0;
11278 : 1;
11279 : 0;
11280 : 1;
11281 : 1;
11282 : 1;
11283 : 0;
11284 : 0;
11285 : 0;
11286 : 1;
11287 : 0;
11288 : 0;
11289 : 1;
11290 : 0;
11291 : 0;
11292 : 0;
11293 : 0;
11294 : 1;
11295 : 0;
11296 : 0;
11297 : 0;
11298 : 1;
11299 : 1;
11300 : 1;
11301 : 1;
11302 : 0;
11303 : 0;
11304 : 0;
11305 : 0;
11306 : 1;
11307 : 0;
11308 : 1;
11309 : 1;
11310 : 1;
11311 : 1;
11312 : 1;
11313 : 1;
11314 : 1;
11315 : 1;
11316 : 1;
11317 : 1;
11318 : 0;
11319 : 1;
11320 : 1;
11321 : 1;
11322 : 1;
11323 : 1;
11324 : 0;
11325 : 0;
11326 : 1;
11327 : 0;
11328 : 0;
11329 : 1;
11330 : 0;
11331 : 0;
11332 : 1;
11333 : 1;
11334 : 1;
11335 : 1;
11336 : 0;
11337 : 1;
11338 : 0;
11339 : 0;
11340 : 0;
11341 : 0;
11342 : 1;
11343 : 1;
11344 : 1;
11345 : 1;
11346 : 1;
11347 : 1;
11348 : 1;
11349 : 0;
11350 : 1;
11351 : 1;
11352 : 0;
11353 : 0;
11354 : 0;
11355 : 1;
11356 : 0;
11357 : 1;
11358 : 1;
11359 : 0;
11360 : 0;
11361 : 0;
11362 : 0;
11363 : 0;
11364 : 0;
11365 : 0;
11366 : 0;
11367 : 1;
11368 : 1;
11369 : 0;
11370 : 1;
11371 : 0;
11372 : 0;
11373 : 1;
11374 : 0;
11375 : 1;
11376 : 1;
11377 : 1;
11378 : 1;
11379 : 0;
11380 : 0;
11381 : 1;
11382 : 1;
11383 : 0;
11384 : 0;
11385 : 0;
11386 : 0;
11387 : 0;
11388 : 1;
11389 : 0;
11390 : 1;
11391 : 0;
11392 : 0;
11393 : 1;
11394 : 1;
11395 : 1;
11396 : 1;
11397 : 0;
11398 : 1;
11399 : 1;
11400 : 0;
11401 : 0;
11402 : 0;
11403 : 0;
11404 : 0;
11405 : 1;
11406 : 0;
11407 : 0;
11408 : 0;
11409 : 1;
11410 : 0;
11411 : 1;
11412 : 1;
11413 : 1;
11414 : 0;
11415 : 0;
11416 : 0;
11417 : 0;
11418 : 1;
11419 : 0;
11420 : 1;
11421 : 0;
11422 : 0;
11423 : 1;
11424 : 0;
11425 : 0;
11426 : 1;
11427 : 0;
11428 : 1;
11429 : 0;
11430 : 1;
11431 : 0;
11432 : 1;
11433 : 0;
11434 : 0;
11435 : 1;
11436 : 1;
11437 : 0;
11438 : 0;
11439 : 1;
11440 : 1;
11441 : 0;
11442 : 1;
11443 : 1;
11444 : 1;
11445 : 1;
11446 : 1;
11447 : 1;
11448 : 0;
11449 : 1;
11450 : 1;
11451 : 0;
11452 : 1;
11453 : 1;
11454 : 0;
11455 : 1;
11456 : 1;
11457 : 1;
11458 : 1;
11459 : 0;
11460 : 1;
11461 : 0;
11462 : 0;
11463 : 1;
11464 : 1;
11465 : 1;
11466 : 0;
11467 : 0;
11468 : 0;
11469 : 1;
11470 : 1;
11471 : 0;
11472 : 1;
11473 : 0;
11474 : 0;
11475 : 1;
11476 : 1;
11477 : 1;
11478 : 0;
11479 : 1;
11480 : 1;
11481 : 1;
11482 : 0;
11483 : 0;
11484 : 0;
11485 : 0;
11486 : 1;
11487 : 1;
11488 : 0;
11489 : 0;
11490 : 1;
11491 : 0;
11492 : 1;
11493 : 0;
11494 : 0;
11495 : 0;
11496 : 1;
11497 : 1;
11498 : 1;
11499 : 0;
11500 : 0;
11501 : 1;
11502 : 0;
11503 : 0;
11504 : 0;
11505 : 1;
11506 : 1;
11507 : 1;
11508 : 0;
11509 : 0;
11510 : 1;
11511 : 0;
11512 : 1;
11513 : 0;
11514 : 0;
11515 : 0;
11516 : 0;
11517 : 1;
11518 : 1;
11519 : 0;
11520 : 1;
11521 : 1;
11522 : 1;
11523 : 1;
11524 : 1;
11525 : 0;
11526 : 0;
11527 : 0;
11528 : 1;
11529 : 0;
11530 : 0;
11531 : 1;
11532 : 1;
11533 : 0;
11534 : 1;
11535 : 0;
11536 : 0;
11537 : 0;
11538 : 1;
11539 : 0;
11540 : 0;
11541 : 1;
11542 : 1;
11543 : 1;
11544 : 1;
11545 : 0;
11546 : 0;
11547 : 1;
11548 : 1;
11549 : 1;
11550 : 1;
11551 : 0;
11552 : 0;
11553 : 1;
11554 : 0;
11555 : 0;
11556 : 0;
11557 : 1;
11558 : 1;
11559 : 0;
11560 : 1;
11561 : 1;
11562 : 1;
11563 : 1;
11564 : 0;
11565 : 1;
11566 : 1;
11567 : 1;
11568 : 1;
11569 : 0;
11570 : 0;
11571 : 0;
11572 : 1;
11573 : 1;
11574 : 0;
11575 : 1;
11576 : 1;
11577 : 0;
11578 : 0;
11579 : 0;
11580 : 1;
11581 : 0;
11582 : 0;
11583 : 1;
11584 : 1;
11585 : 1;
11586 : 1;
11587 : 0;
11588 : 1;
11589 : 0;
11590 : 1;
11591 : 0;
11592 : 1;
11593 : 0;
11594 : 1;
11595 : 0;
11596 : 1;
11597 : 0;
11598 : 1;
11599 : 0;
11600 : 0;
11601 : 0;
11602 : 0;
11603 : 1;
11604 : 1;
11605 : 0;
11606 : 1;
11607 : 0;
11608 : 1;
11609 : 1;
11610 : 0;
11611 : 0;
11612 : 0;
11613 : 0;
11614 : 0;
11615 : 0;
11616 : 1;
11617 : 1;
11618 : 0;
11619 : 1;
11620 : 0;
11621 : 1;
11622 : 0;
11623 : 1;
11624 : 1;
11625 : 0;
11626 : 0;
11627 : 0;
11628 : 0;
11629 : 1;
11630 : 1;
11631 : 0;
11632 : 0;
11633 : 1;
11634 : 1;
11635 : 0;
11636 : 1;
11637 : 0;
11638 : 0;
11639 : 0;
11640 : 1;
11641 : 1;
11642 : 0;
11643 : 1;
11644 : 1;
11645 : 0;
11646 : 1;
11647 : 0;
11648 : 1;
11649 : 1;
11650 : 1;
11651 : 1;
11652 : 0;
11653 : 0;
11654 : 1;
11655 : 1;
11656 : 1;
11657 : 0;
11658 : 1;
11659 : 0;
11660 : 0;
11661 : 0;
11662 : 1;
11663 : 0;
11664 : 1;
11665 : 1;
11666 : 0;
11667 : 0;
11668 : 1;
11669 : 1;
11670 : 0;
11671 : 1;
11672 : 1;
11673 : 0;
11674 : 0;
11675 : 1;
11676 : 1;
11677 : 0;
11678 : 1;
11679 : 0;
11680 : 0;
11681 : 1;
11682 : 1;
11683 : 0;
11684 : 1;
11685 : 0;
11686 : 1;
11687 : 1;
11688 : 0;
11689 : 0;
11690 : 1;
11691 : 0;
11692 : 0;
11693 : 0;
11694 : 0;
11695 : 1;
11696 : 0;
11697 : 0;
11698 : 0;
11699 : 1;
11700 : 0;
11701 : 0;
11702 : 1;
11703 : 1;
11704 : 0;
11705 : 1;
11706 : 0;
11707 : 0;
11708 : 0;
11709 : 1;
11710 : 0;
11711 : 1;
11712 : 0;
11713 : 0;
11714 : 1;
11715 : 0;
11716 : 1;
11717 : 0;
11718 : 1;
11719 : 0;
11720 : 1;
11721 : 0;
11722 : 1;
11723 : 1;
11724 : 1;
11725 : 1;
11726 : 0;
11727 : 1;
11728 : 1;
11729 : 1;
11730 : 1;
11731 : 0;
11732 : 1;
11733 : 0;
11734 : 0;
11735 : 0;
11736 : 1;
11737 : 1;
11738 : 0;
11739 : 0;
11740 : 1;
11741 : 1;
11742 : 1;
11743 : 0;
11744 : 1;
11745 : 1;
11746 : 1;
11747 : 0;
11748 : 1;
11749 : 0;
11750 : 1;
11751 : 1;
11752 : 1;
11753 : 1;
11754 : 1;
11755 : 1;
11756 : 1;
11757 : 1;
11758 : 1;
11759 : 0;
11760 : 1;
11761 : 0;
11762 : 1;
11763 : 1;
11764 : 1;
11765 : 0;
11766 : 0;
11767 : 0;
11768 : 0;
11769 : 1;
11770 : 1;
11771 : 1;
11772 : 0;
11773 : 0;
11774 : 0;
11775 : 1;
11776 : 1;
11777 : 0;
11778 : 1;
11779 : 1;
11780 : 0;
11781 : 1;
11782 : 0;
11783 : 1;
11784 : 1;
11785 : 0;
11786 : 1;
11787 : 0;
11788 : 0;
11789 : 0;
11790 : 1;
11791 : 0;
11792 : 0;
11793 : 1;
11794 : 1;
11795 : 0;
11796 : 1;
11797 : 0;
11798 : 1;
11799 : 0;
11800 : 1;
11801 : 1;
11802 : 1;
11803 : 0;
11804 : 1;
11805 : 1;
11806 : 1;
11807 : 1;
11808 : 1;
11809 : 0;
11810 : 1;
11811 : 1;
11812 : 1;
11813 : 0;
11814 : 1;
11815 : 0;
11816 : 1;
11817 : 0;
11818 : 0;
11819 : 1;
11820 : 1;
11821 : 0;
11822 : 0;
11823 : 0;
11824 : 0;
11825 : 1;
11826 : 0;
11827 : 0;
11828 : 0;
11829 : 0;
11830 : 0;
11831 : 1;
11832 : 1;
11833 : 1;
11834 : 1;
11835 : 1;
11836 : 1;
11837 : 1;
11838 : 0;
11839 : 1;
11840 : 1;
11841 : 0;
11842 : 0;
11843 : 1;
11844 : 0;
11845 : 1;
11846 : 1;
11847 : 0;
11848 : 1;
11849 : 0;
11850 : 0;
11851 : 1;
11852 : 0;
11853 : 1;
11854 : 1;
11855 : 1;
11856 : 1;
11857 : 0;
11858 : 0;
11859 : 0;
11860 : 0;
11861 : 0;
11862 : 0;
11863 : 1;
11864 : 1;
11865 : 0;
11866 : 0;
11867 : 1;
11868 : 0;
11869 : 0;
11870 : 0;
11871 : 0;
11872 : 1;
11873 : 1;
11874 : 1;
11875 : 1;
11876 : 0;
11877 : 0;
11878 : 0;
11879 : 0;
11880 : 1;
11881 : 0;
11882 : 0;
11883 : 1;
11884 : 0;
11885 : 0;
11886 : 0;
11887 : 1;
11888 : 1;
11889 : 0;
11890 : 1;
11891 : 1;
11892 : 1;
11893 : 1;
11894 : 0;
11895 : 0;
11896 : 1;
11897 : 1;
11898 : 1;
11899 : 1;
11900 : 1;
11901 : 1;
11902 : 0;
11903 : 1;
11904 : 0;
11905 : 0;
11906 : 1;
11907 : 1;
11908 : 1;
11909 : 0;
11910 : 1;
11911 : 0;
11912 : 0;
11913 : 1;
11914 : 0;
11915 : 0;
11916 : 1;
11917 : 1;
11918 : 1;
11919 : 0;
11920 : 1;
11921 : 1;
11922 : 0;
11923 : 0;
11924 : 0;
11925 : 0;
11926 : 0;
11927 : 1;
11928 : 0;
11929 : 1;
11930 : 1;
11931 : 1;
11932 : 1;
11933 : 1;
11934 : 0;
11935 : 1;
11936 : 1;
11937 : 0;
11938 : 0;
11939 : 1;
11940 : 1;
11941 : 1;
11942 : 0;
11943 : 0;
11944 : 1;
11945 : 1;
11946 : 1;
11947 : 0;
11948 : 1;
11949 : 0;
11950 : 0;
11951 : 0;
11952 : 1;
11953 : 0;
11954 : 0;
11955 : 0;
11956 : 0;
11957 : 0;
11958 : 0;
11959 : 0;
11960 : 0;
11961 : 0;
11962 : 0;
11963 : 1;
11964 : 0;
11965 : 1;
11966 : 0;
11967 : 0;
11968 : 1;
11969 : 0;
11970 : 1;
11971 : 0;
11972 : 0;
11973 : 0;
11974 : 1;
11975 : 1;
11976 : 1;
11977 : 1;
11978 : 0;
11979 : 0;
11980 : 1;
11981 : 0;
11982 : 0;
11983 : 1;
11984 : 1;
11985 : 1;
11986 : 0;
11987 : 1;
11988 : 1;
11989 : 1;
11990 : 0;
11991 : 0;
11992 : 0;
11993 : 1;
11994 : 1;
11995 : 0;
11996 : 0;
11997 : 0;
11998 : 1;
11999 : 0;
12000 : 0;
12001 : 1;
12002 : 1;
12003 : 0;
12004 : 1;
12005 : 0;
12006 : 1;
12007 : 0;
12008 : 1;
12009 : 1;
12010 : 1;
12011 : 1;
12012 : 1;
12013 : 1;
12014 : 1;
12015 : 1;
12016 : 0;
12017 : 0;
12018 : 0;
12019 : 0;
12020 : 0;
12021 : 0;
12022 : 1;
12023 : 1;
12024 : 1;
12025 : 0;
12026 : 1;
12027 : 0;
12028 : 0;
12029 : 1;
12030 : 1;
12031 : 1;
12032 : 1;
12033 : 1;
12034 : 0;
12035 : 0;
12036 : 1;
12037 : 1;
12038 : 0;
12039 : 1;
12040 : 0;
12041 : 0;
12042 : 0;
12043 : 1;
12044 : 1;
12045 : 0;
12046 : 1;
12047 : 0;
12048 : 0;
12049 : 1;
12050 : 0;
12051 : 0;
12052 : 0;
12053 : 0;
12054 : 0;
12055 : 0;
12056 : 0;
12057 : 0;
12058 : 1;
12059 : 0;
12060 : 1;
12061 : 1;
12062 : 0;
12063 : 0;
12064 : 0;
12065 : 1;
12066 : 1;
12067 : 0;
12068 : 1;
12069 : 1;
12070 : 0;
12071 : 1;
12072 : 1;
12073 : 1;
12074 : 0;
12075 : 1;
12076 : 1;
12077 : 0;
12078 : 0;
12079 : 0;
12080 : 1;
12081 : 0;
12082 : 1;
12083 : 1;
12084 : 0;
12085 : 1;
12086 : 1;
12087 : 0;
12088 : 0;
12089 : 1;
12090 : 0;
12091 : 0;
12092 : 1;
12093 : 0;
12094 : 0;
12095 : 0;
12096 : 1;
12097 : 1;
12098 : 1;
12099 : 1;
12100 : 1;
12101 : 1;
12102 : 1;
12103 : 1;
12104 : 1;
12105 : 0;
12106 : 0;
12107 : 0;
12108 : 1;
12109 : 0;
12110 : 0;
12111 : 1;
12112 : 0;
12113 : 0;
12114 : 1;
12115 : 0;
12116 : 1;
12117 : 0;
12118 : 1;
12119 : 1;
12120 : 1;
12121 : 1;
12122 : 0;
12123 : 0;
12124 : 0;
12125 : 0;
12126 : 1;
12127 : 0;
12128 : 1;
12129 : 1;
12130 : 0;
12131 : 0;
12132 : 1;
12133 : 0;
12134 : 0;
12135 : 0;
12136 : 0;
12137 : 0;
12138 : 1;
12139 : 0;
12140 : 1;
12141 : 1;
12142 : 0;
12143 : 1;
12144 : 0;
12145 : 0;
12146 : 0;
12147 : 0;
12148 : 1;
12149 : 1;
12150 : 0;
12151 : 0;
12152 : 0;
12153 : 1;
12154 : 1;
12155 : 1;
12156 : 0;
12157 : 0;
12158 : 1;
12159 : 1;
12160 : 1;
12161 : 0;
12162 : 1;
12163 : 1;
12164 : 0;
12165 : 0;
12166 : 1;
12167 : 0;
12168 : 1;
12169 : 1;
12170 : 0;
12171 : 0;
12172 : 0;
12173 : 1;
12174 : 0;
12175 : 1;
12176 : 1;
12177 : 1;
12178 : 0;
12179 : 1;
12180 : 0;
12181 : 1;
12182 : 0;
12183 : 1;
12184 : 1;
12185 : 0;
12186 : 1;
12187 : 0;
12188 : 1;
12189 : 0;
12190 : 0;
12191 : 0;
12192 : 0;
12193 : 0;
12194 : 0;
12195 : 1;
12196 : 1;
12197 : 1;
12198 : 0;
12199 : 1;
12200 : 1;
12201 : 0;
12202 : 1;
12203 : 1;
12204 : 0;
12205 : 0;
12206 : 1;
12207 : 0;
12208 : 1;
12209 : 0;
12210 : 1;
12211 : 0;
12212 : 0;
12213 : 0;
12214 : 0;
12215 : 1;
12216 : 0;
12217 : 0;
12218 : 0;
12219 : 0;
12220 : 1;
12221 : 1;
12222 : 0;
12223 : 1;
12224 : 0;
12225 : 1;
12226 : 1;
12227 : 0;
12228 : 1;
12229 : 0;
12230 : 1;
12231 : 0;
12232 : 0;
12233 : 1;
12234 : 1;
12235 : 1;
12236 : 0;
12237 : 1;
12238 : 1;
12239 : 0;
12240 : 0;
12241 : 1;
12242 : 0;
12243 : 1;
12244 : 0;
12245 : 1;
12246 : 0;
12247 : 0;
12248 : 0;
12249 : 0;
12250 : 1;
12251 : 1;
12252 : 0;
12253 : 0;
12254 : 0;
12255 : 1;
12256 : 0;
12257 : 0;
12258 : 0;
12259 : 1;
12260 : 0;
12261 : 1;
12262 : 0;
12263 : 0;
12264 : 0;
12265 : 1;
12266 : 1;
12267 : 1;
12268 : 0;
12269 : 0;
12270 : 0;
12271 : 1;
12272 : 0;
12273 : 1;
12274 : 0;
12275 : 0;
12276 : 0;
12277 : 1;
12278 : 1;
12279 : 0;
12280 : 0;
12281 : 1;
12282 : 1;
12283 : 0;
12284 : 0;
12285 : 0;
12286 : 0;
12287 : 0;
12288 : 1;
12289 : 1;
12290 : 1;
12291 : 1;
12292 : 1;
12293 : 1;
12294 : 0;
12295 : 1;
12296 : 0;
12297 : 0;
12298 : 1;
12299 : 0;
12300 : 1;
12301 : 0;
12302 : 0;
12303 : 1;
12304 : 1;
12305 : 1;
12306 : 1;
12307 : 0;
12308 : 1;
12309 : 0;
12310 : 1;
12311 : 1;
12312 : 0;
12313 : 1;
12314 : 0;
12315 : 0;
12316 : 1;
12317 : 0;
12318 : 1;
12319 : 0;
12320 : 1;
12321 : 1;
12322 : 1;
12323 : 1;
12324 : 1;
12325 : 0;
12326 : 0;
12327 : 0;
12328 : 0;
12329 : 0;
12330 : 1;
12331 : 0;
12332 : 1;
12333 : 0;
12334 : 0;
12335 : 1;
12336 : 1;
12337 : 0;
12338 : 1;
12339 : 1;
12340 : 1;
12341 : 0;
12342 : 0;
12343 : 1;
12344 : 1;
12345 : 0;
12346 : 0;
12347 : 0;
12348 : 0;
12349 : 1;
12350 : 1;
12351 : 1;
12352 : 0;
12353 : 0;
12354 : 1;
12355 : 1;
12356 : 1;
12357 : 0;
12358 : 1;
12359 : 1;
12360 : 1;
12361 : 0;
12362 : 1;
12363 : 0;
12364 : 0;
12365 : 1;
12366 : 1;
12367 : 0;
12368 : 0;
12369 : 0;
12370 : 0;
12371 : 0;
12372 : 0;
12373 : 0;
12374 : 1;
12375 : 1;
12376 : 1;
12377 : 0;
12378 : 1;
12379 : 1;
12380 : 0;
12381 : 0;
12382 : 1;
12383 : 1;
12384 : 1;
12385 : 0;
12386 : 0;
12387 : 1;
12388 : 1;
12389 : 1;
12390 : 0;
12391 : 1;
12392 : 0;
12393 : 1;
12394 : 0;
12395 : 0;
12396 : 0;
12397 : 1;
12398 : 1;
12399 : 1;
12400 : 0;
12401 : 0;
12402 : 1;
12403 : 0;
12404 : 1;
12405 : 1;
12406 : 0;
12407 : 1;
12408 : 1;
12409 : 0;
12410 : 1;
12411 : 0;
12412 : 0;
12413 : 1;
12414 : 1;
12415 : 0;
12416 : 1;
12417 : 1;
12418 : 1;
12419 : 0;
12420 : 1;
12421 : 1;
12422 : 1;
12423 : 1;
12424 : 0;
12425 : 0;
12426 : 1;
12427 : 0;
12428 : 0;
12429 : 0;
12430 : 1;
12431 : 0;
12432 : 1;
12433 : 0;
12434 : 0;
12435 : 1;
12436 : 0;
12437 : 0;
12438 : 0;
12439 : 1;
12440 : 1;
12441 : 1;
12442 : 0;
12443 : 0;
12444 : 0;
12445 : 0;
12446 : 0;
12447 : 1;
12448 : 1;
12449 : 1;
12450 : 0;
12451 : 0;
12452 : 1;
12453 : 0;
12454 : 1;
12455 : 1;
12456 : 1;
12457 : 1;
12458 : 0;
12459 : 0;
12460 : 1;
12461 : 0;
12462 : 1;
12463 : 1;
12464 : 1;
12465 : 0;
12466 : 0;
12467 : 1;
12468 : 0;
12469 : 1;
12470 : 1;
12471 : 1;
12472 : 0;
12473 : 1;
12474 : 1;
12475 : 1;
12476 : 1;
12477 : 1;
12478 : 0;
12479 : 1;
12480 : 1;
12481 : 0;
12482 : 1;
12483 : 0;
12484 : 1;
12485 : 1;
12486 : 0;
12487 : 1;
12488 : 0;
12489 : 0;
12490 : 0;
12491 : 0;
12492 : 1;
12493 : 0;
12494 : 0;
12495 : 0;
12496 : 0;
12497 : 1;
12498 : 0;
12499 : 1;
12500 : 0;
12501 : 1;
12502 : 1;
12503 : 1;
12504 : 0;
12505 : 0;
12506 : 0;
12507 : 1;
12508 : 1;
12509 : 0;
12510 : 0;
12511 : 0;
12512 : 1;
12513 : 1;
12514 : 0;
12515 : 0;
12516 : 0;
12517 : 0;
12518 : 0;
12519 : 0;
12520 : 1;
12521 : 0;
12522 : 1;
12523 : 1;
12524 : 1;
12525 : 1;
12526 : 1;
12527 : 0;
12528 : 1;
12529 : 0;
12530 : 0;
12531 : 1;
12532 : 1;
12533 : 1;
12534 : 1;
12535 : 0;
12536 : 1;
12537 : 0;
12538 : 0;
12539 : 1;
12540 : 0;
12541 : 0;
12542 : 0;
12543 : 0;
12544 : 1;
12545 : 1;
12546 : 1;
12547 : 1;
12548 : 1;
12549 : 0;
12550 : 0;
12551 : 0;
12552 : 0;
12553 : 0;
12554 : 1;
12555 : 0;
12556 : 0;
12557 : 0;
12558 : 0;
12559 : 1;
12560 : 1;
12561 : 0;
12562 : 0;
12563 : 1;
12564 : 1;
12565 : 0;
12566 : 0;
12567 : 1;
12568 : 1;
12569 : 0;
12570 : 1;
12571 : 0;
12572 : 0;
12573 : 0;
12574 : 0;
12575 : 0;
12576 : 0;
12577 : 1;
12578 : 0;
12579 : 1;
12580 : 0;
12581 : 1;
12582 : 1;
12583 : 0;
12584 : 0;
12585 : 0;
12586 : 0;
12587 : 0;
12588 : 1;
12589 : 0;
12590 : 0;
12591 : 0;
12592 : 1;
12593 : 1;
12594 : 1;
12595 : 1;
12596 : 1;
12597 : 1;
12598 : 0;
12599 : 1;
12600 : 0;
12601 : 1;
12602 : 1;
12603 : 1;
12604 : 1;
12605 : 1;
12606 : 0;
12607 : 1;
12608 : 0;
12609 : 0;
12610 : 1;
12611 : 0;
12612 : 0;
12613 : 0;
12614 : 0;
12615 : 1;
12616 : 1;
12617 : 0;
12618 : 1;
12619 : 1;
12620 : 1;
12621 : 1;
12622 : 0;
12623 : 1;
12624 : 0;
12625 : 0;
12626 : 1;
12627 : 1;
12628 : 0;
12629 : 0;
12630 : 0;
12631 : 0;
12632 : 1;
12633 : 1;
12634 : 0;
12635 : 1;
12636 : 1;
12637 : 0;
12638 : 0;
12639 : 0;
12640 : 0;
12641 : 0;
12642 : 0;
12643 : 0;
12644 : 1;
12645 : 0;
12646 : 0;
12647 : 0;
12648 : 1;
12649 : 0;
12650 : 0;
12651 : 1;
12652 : 0;
12653 : 0;
12654 : 0;
12655 : 1;
12656 : 1;
12657 : 1;
12658 : 1;
12659 : 1;
12660 : 1;
12661 : 0;
12662 : 0;
12663 : 1;
12664 : 0;
12665 : 1;
12666 : 1;
12667 : 1;
12668 : 1;
12669 : 1;
12670 : 0;
12671 : 0;
12672 : 0;
12673 : 0;
12674 : 0;
12675 : 1;
12676 : 0;
12677 : 0;
12678 : 0;
12679 : 0;
12680 : 1;
12681 : 0;
12682 : 1;
12683 : 0;
12684 : 0;
12685 : 1;
12686 : 0;
12687 : 1;
12688 : 1;
12689 : 0;
12690 : 1;
12691 : 0;
12692 : 0;
12693 : 0;
12694 : 1;
12695 : 1;
12696 : 0;
12697 : 1;
12698 : 0;
12699 : 0;
12700 : 1;
12701 : 1;
12702 : 0;
12703 : 0;
12704 : 0;
12705 : 1;
12706 : 1;
12707 : 1;
12708 : 1;
12709 : 1;
12710 : 0;
12711 : 0;
12712 : 1;
12713 : 1;
12714 : 1;
12715 : 0;
12716 : 1;
12717 : 1;
12718 : 0;
12719 : 1;
12720 : 0;
12721 : 1;
12722 : 1;
12723 : 0;
12724 : 1;
12725 : 0;
12726 : 1;
12727 : 0;
12728 : 1;
12729 : 0;
12730 : 1;
12731 : 1;
12732 : 1;
12733 : 0;
12734 : 0;
12735 : 1;
12736 : 0;
12737 : 0;
12738 : 1;
12739 : 0;
12740 : 0;
12741 : 1;
12742 : 0;
12743 : 1;
12744 : 1;
12745 : 0;
12746 : 1;
12747 : 0;
12748 : 1;
12749 : 1;
12750 : 0;
12751 : 0;
12752 : 1;
12753 : 0;
12754 : 0;
12755 : 0;
12756 : 0;
12757 : 1;
12758 : 1;
12759 : 0;
12760 : 1;
12761 : 0;
12762 : 1;
12763 : 0;
12764 : 0;
12765 : 0;
12766 : 1;
12767 : 1;
12768 : 0;
12769 : 1;
12770 : 0;
12771 : 0;
12772 : 0;
12773 : 0;
12774 : 1;
12775 : 0;
12776 : 0;
12777 : 0;
12778 : 0;
12779 : 0;
12780 : 1;
12781 : 1;
12782 : 0;
12783 : 0;
12784 : 1;
12785 : 1;
12786 : 0;
12787 : 1;
12788 : 0;
12789 : 0;
12790 : 0;
12791 : 1;
12792 : 0;
12793 : 1;
12794 : 1;
12795 : 1;
12796 : 0;
12797 : 0;
12798 : 1;
12799 : 0;
12800 : 1;
12801 : 1;
12802 : 0;
12803 : 0;
12804 : 1;
12805 : 0;
12806 : 1;
12807 : 0;
12808 : 0;
12809 : 1;
12810 : 0;
12811 : 0;
12812 : 0;
12813 : 1;
12814 : 1;
12815 : 1;
12816 : 1;
12817 : 1;
12818 : 0;
12819 : 0;
12820 : 1;
12821 : 1;
12822 : 1;
12823 : 1;
12824 : 1;
12825 : 0;
12826 : 0;
12827 : 1;
12828 : 0;
12829 : 1;
12830 : 0;
12831 : 1;
12832 : 0;
12833 : 0;
12834 : 1;
12835 : 1;
12836 : 1;
12837 : 0;
12838 : 0;
12839 : 1;
12840 : 0;
12841 : 1;
12842 : 1;
12843 : 1;
12844 : 0;
12845 : 0;
12846 : 1;
12847 : 0;
12848 : 1;
12849 : 1;
12850 : 1;
12851 : 1;
12852 : 0;
12853 : 1;
12854 : 0;
12855 : 1;
12856 : 1;
12857 : 1;
12858 : 1;
12859 : 0;
12860 : 1;
12861 : 0;
12862 : 0;
12863 : 1;
12864 : 0;
12865 : 1;
12866 : 1;
12867 : 1;
12868 : 1;
12869 : 0;
12870 : 0;
12871 : 0;
12872 : 1;
12873 : 1;
12874 : 0;
12875 : 1;
12876 : 0;
12877 : 1;
12878 : 0;
12879 : 0;
12880 : 1;
12881 : 1;
12882 : 0;
12883 : 0;
12884 : 0;
12885 : 1;
12886 : 1;
12887 : 1;
12888 : 1;
12889 : 1;
12890 : 1;
12891 : 0;
12892 : 1;
12893 : 1;
12894 : 0;
12895 : 1;
12896 : 0;
12897 : 0;
12898 : 0;
12899 : 1;
12900 : 1;
12901 : 1;
12902 : 0;
12903 : 1;
12904 : 1;
12905 : 0;
12906 : 1;
12907 : 0;
12908 : 1;
12909 : 1;
12910 : 0;
12911 : 1;
12912 : 0;
12913 : 0;
12914 : 0;
12915 : 1;
12916 : 1;
12917 : 1;
12918 : 1;
12919 : 1;
12920 : 0;
12921 : 0;
12922 : 1;
12923 : 0;
12924 : 0;
12925 : 1;
12926 : 0;
12927 : 1;
12928 : 1;
12929 : 0;
12930 : 1;
12931 : 0;
12932 : 1;
12933 : 1;
12934 : 0;
12935 : 1;
12936 : 1;
12937 : 1;
12938 : 1;
12939 : 1;
12940 : 0;
12941 : 0;
12942 : 0;
12943 : 1;
12944 : 1;
12945 : 0;
12946 : 0;
12947 : 0;
12948 : 1;
12949 : 0;
12950 : 0;
12951 : 0;
12952 : 0;
12953 : 0;
12954 : 0;
12955 : 1;
12956 : 0;
12957 : 0;
12958 : 0;
12959 : 1;
12960 : 0;
12961 : 0;
12962 : 0;
12963 : 1;
12964 : 1;
12965 : 1;
12966 : 1;
12967 : 1;
12968 : 1;
12969 : 0;
12970 : 1;
12971 : 1;
12972 : 1;
12973 : 0;
12974 : 0;
12975 : 1;
12976 : 1;
12977 : 0;
12978 : 0;
12979 : 0;
12980 : 1;
12981 : 0;
12982 : 1;
12983 : 0;
12984 : 0;
12985 : 0;
12986 : 1;
12987 : 1;
12988 : 1;
12989 : 1;
12990 : 1;
12991 : 0;
12992 : 0;
12993 : 1;
12994 : 0;
12995 : 1;
12996 : 1;
12997 : 1;
12998 : 0;
12999 : 1;
13000 : 0;
13001 : 1;
13002 : 1;
13003 : 1;
13004 : 0;
13005 : 1;
13006 : 0;
13007 : 1;
13008 : 1;
13009 : 1;
13010 : 1;
13011 : 0;
13012 : 1;
13013 : 0;
13014 : 1;
13015 : 0;
13016 : 1;
13017 : 1;
13018 : 1;
13019 : 0;
13020 : 1;
13021 : 0;
13022 : 1;
13023 : 1;
13024 : 0;
13025 : 1;
13026 : 0;
13027 : 0;
13028 : 1;
13029 : 1;
13030 : 0;
13031 : 0;
13032 : 1;
13033 : 1;
13034 : 0;
13035 : 1;
13036 : 0;
13037 : 1;
13038 : 0;
13039 : 0;
13040 : 1;
13041 : 0;
13042 : 0;
13043 : 0;
13044 : 1;
13045 : 0;
13046 : 1;
13047 : 0;
13048 : 0;
13049 : 1;
13050 : 1;
13051 : 0;
13052 : 0;
13053 : 1;
13054 : 1;
13055 : 1;
13056 : 1;
13057 : 0;
13058 : 0;
13059 : 0;
13060 : 0;
13061 : 1;
13062 : 1;
13063 : 1;
13064 : 1;
13065 : 0;
13066 : 1;
13067 : 1;
13068 : 0;
13069 : 0;
13070 : 1;
13071 : 0;
13072 : 1;
13073 : 0;
13074 : 0;
13075 : 1;
13076 : 1;
13077 : 0;
13078 : 0;
13079 : 0;
13080 : 1;
13081 : 1;
13082 : 1;
13083 : 0;
13084 : 0;
13085 : 1;
13086 : 1;
13087 : 0;
13088 : 0;
13089 : 0;
13090 : 0;
13091 : 0;
13092 : 1;
13093 : 1;
13094 : 0;
13095 : 1;
13096 : 1;
13097 : 0;
13098 : 0;
13099 : 0;
13100 : 1;
13101 : 1;
13102 : 1;
13103 : 0;
13104 : 1;
13105 : 1;
13106 : 0;
13107 : 1;
13108 : 0;
13109 : 0;
13110 : 1;
13111 : 0;
13112 : 1;
13113 : 0;
13114 : 1;
13115 : 1;
13116 : 0;
13117 : 1;
13118 : 0;
13119 : 0;
13120 : 0;
13121 : 0;
13122 : 0;
13123 : 1;
13124 : 0;
13125 : 1;
13126 : 1;
13127 : 0;
13128 : 1;
13129 : 1;
13130 : 1;
13131 : 1;
13132 : 1;
13133 : 0;
13134 : 0;
13135 : 1;
13136 : 0;
13137 : 1;
13138 : 1;
13139 : 0;
13140 : 0;
13141 : 1;
13142 : 0;
13143 : 0;
13144 : 1;
13145 : 0;
13146 : 1;
13147 : 1;
13148 : 0;
13149 : 1;
13150 : 1;
13151 : 1;
13152 : 1;
13153 : 1;
13154 : 1;
13155 : 0;
13156 : 0;
13157 : 0;
13158 : 0;
13159 : 1;
13160 : 0;
13161 : 0;
13162 : 0;
13163 : 1;
13164 : 0;
13165 : 1;
13166 : 1;
13167 : 1;
13168 : 1;
13169 : 1;
13170 : 1;
13171 : 0;
13172 : 1;
13173 : 0;
13174 : 1;
13175 : 1;
13176 : 1;
13177 : 1;
13178 : 0;
13179 : 1;
13180 : 1;
13181 : 1;
13182 : 1;
13183 : 0;
13184 : 0;
13185 : 1;
13186 : 0;
13187 : 1;
13188 : 0;
13189 : 0;
13190 : 0;
13191 : 1;
13192 : 1;
13193 : 0;
13194 : 0;
13195 : 1;
13196 : 1;
13197 : 1;
13198 : 1;
13199 : 1;
13200 : 0;
13201 : 1;
13202 : 1;
13203 : 0;
13204 : 0;
13205 : 1;
13206 : 0;
13207 : 0;
13208 : 0;
13209 : 1;
13210 : 1;
13211 : 0;
13212 : 0;
13213 : 0;
13214 : 0;
13215 : 1;
13216 : 0;
13217 : 0;
13218 : 0;
13219 : 0;
13220 : 0;
13221 : 0;
13222 : 1;
13223 : 0;
13224 : 0;
13225 : 0;
13226 : 0;
13227 : 0;
13228 : 0;
13229 : 0;
13230 : 0;
13231 : 1;
13232 : 0;
13233 : 1;
13234 : 1;
13235 : 0;
13236 : 0;
13237 : 0;
13238 : 0;
13239 : 0;
13240 : 1;
13241 : 0;
13242 : 0;
13243 : 0;
13244 : 1;
13245 : 0;
13246 : 1;
13247 : 1;
13248 : 0;
13249 : 0;
13250 : 0;
13251 : 0;
13252 : 0;
13253 : 0;
13254 : 0;
13255 : 0;
13256 : 1;
13257 : 1;
13258 : 1;
13259 : 0;
13260 : 1;
13261 : 1;
13262 : 0;
13263 : 0;
13264 : 1;
13265 : 0;
13266 : 1;
13267 : 0;
13268 : 1;
13269 : 1;
13270 : 1;
13271 : 1;
13272 : 0;
13273 : 1;
13274 : 0;
13275 : 1;
13276 : 0;
13277 : 0;
13278 : 0;
13279 : 0;
13280 : 1;
13281 : 1;
13282 : 0;
13283 : 1;
13284 : 0;
13285 : 0;
13286 : 1;
13287 : 1;
13288 : 0;
13289 : 0;
13290 : 0;
13291 : 0;
13292 : 1;
13293 : 0;
13294 : 0;
13295 : 0;
13296 : 1;
13297 : 1;
13298 : 1;
13299 : 0;
13300 : 0;
13301 : 1;
13302 : 1;
13303 : 1;
13304 : 1;
13305 : 0;
13306 : 1;
13307 : 1;
13308 : 0;
13309 : 0;
13310 : 0;
13311 : 0;
13312 : 1;
13313 : 1;
13314 : 1;
13315 : 1;
13316 : 1;
13317 : 1;
13318 : 1;
13319 : 0;
13320 : 1;
13321 : 0;
13322 : 1;
13323 : 1;
13324 : 0;
13325 : 0;
13326 : 0;
13327 : 0;
13328 : 0;
13329 : 1;
13330 : 1;
13331 : 0;
13332 : 1;
13333 : 1;
13334 : 1;
13335 : 1;
13336 : 1;
13337 : 1;
13338 : 0;
13339 : 0;
13340 : 1;
13341 : 1;
13342 : 1;
13343 : 0;
13344 : 1;
13345 : 0;
13346 : 0;
13347 : 1;
13348 : 1;
13349 : 0;
13350 : 1;
13351 : 0;
13352 : 0;
13353 : 0;
13354 : 1;
13355 : 0;
13356 : 1;
13357 : 0;
13358 : 1;
13359 : 0;
13360 : 1;
13361 : 0;
13362 : 0;
13363 : 1;
13364 : 1;
13365 : 0;
13366 : 1;
13367 : 1;
13368 : 1;
13369 : 0;
13370 : 1;
13371 : 1;
13372 : 1;
13373 : 1;
13374 : 0;
13375 : 1;
13376 : 1;
13377 : 0;
13378 : 0;
13379 : 0;
13380 : 0;
13381 : 0;
13382 : 0;
13383 : 1;
13384 : 1;
13385 : 1;
13386 : 0;
13387 : 1;
13388 : 0;
13389 : 1;
13390 : 0;
13391 : 0;
13392 : 1;
13393 : 1;
13394 : 1;
13395 : 1;
13396 : 1;
13397 : 1;
13398 : 1;
13399 : 1;
13400 : 1;
13401 : 1;
13402 : 1;
13403 : 0;
13404 : 0;
13405 : 0;
13406 : 0;
13407 : 1;
13408 : 0;
13409 : 1;
13410 : 0;
13411 : 1;
13412 : 0;
13413 : 0;
13414 : 1;
13415 : 1;
13416 : 0;
13417 : 0;
13418 : 1;
13419 : 1;
13420 : 0;
13421 : 1;
13422 : 1;
13423 : 0;
13424 : 0;
13425 : 1;
13426 : 0;
13427 : 0;
13428 : 1;
13429 : 0;
13430 : 0;
13431 : 0;
13432 : 0;
13433 : 1;
13434 : 1;
13435 : 1;
13436 : 0;
13437 : 0;
13438 : 0;
13439 : 0;
13440 : 1;
13441 : 0;
13442 : 1;
13443 : 0;
13444 : 0;
13445 : 1;
13446 : 0;
13447 : 1;
13448 : 0;
13449 : 0;
13450 : 1;
13451 : 1;
13452 : 0;
13453 : 0;
13454 : 0;
13455 : 1;
13456 : 1;
13457 : 1;
13458 : 1;
13459 : 1;
13460 : 0;
13461 : 1;
13462 : 1;
13463 : 1;
13464 : 0;
13465 : 0;
13466 : 1;
13467 : 1;
13468 : 0;
13469 : 1;
13470 : 0;
13471 : 1;
13472 : 1;
13473 : 0;
13474 : 1;
13475 : 1;
13476 : 1;
13477 : 0;
13478 : 1;
13479 : 1;
13480 : 0;
13481 : 1;
13482 : 1;
13483 : 0;
13484 : 0;
13485 : 0;
13486 : 1;
13487 : 0;
13488 : 1;
13489 : 0;
13490 : 0;
13491 : 0;
13492 : 0;
13493 : 0;
13494 : 1;
13495 : 1;
13496 : 0;
13497 : 1;
13498 : 1;
13499 : 1;
13500 : 0;
13501 : 1;
13502 : 0;
13503 : 1;
13504 : 1;
13505 : 0;
13506 : 0;
13507 : 0;
13508 : 1;
13509 : 1;
13510 : 1;
13511 : 1;
13512 : 0;
13513 : 1;
13514 : 1;
13515 : 0;
13516 : 1;
13517 : 1;
13518 : 1;
13519 : 1;
13520 : 0;
13521 : 0;
13522 : 1;
13523 : 1;
13524 : 0;
13525 : 0;
13526 : 1;
13527 : 0;
13528 : 0;
13529 : 1;
13530 : 1;
13531 : 1;
13532 : 0;
13533 : 1;
13534 : 0;
13535 : 1;
13536 : 0;
13537 : 0;
13538 : 1;
13539 : 1;
13540 : 0;
13541 : 1;
13542 : 0;
13543 : 0;
13544 : 1;
13545 : 0;
13546 : 0;
13547 : 1;
13548 : 0;
13549 : 0;
13550 : 1;
13551 : 1;
13552 : 1;
13553 : 1;
13554 : 1;
13555 : 0;
13556 : 1;
13557 : 0;
13558 : 0;
13559 : 0;
13560 : 1;
13561 : 0;
13562 : 0;
13563 : 1;
13564 : 1;
13565 : 0;
13566 : 1;
13567 : 1;
13568 : 1;
13569 : 1;
13570 : 1;
13571 : 1;
13572 : 1;
13573 : 0;
13574 : 0;
13575 : 0;
13576 : 0;
13577 : 1;
13578 : 1;
13579 : 1;
13580 : 1;
13581 : 1;
13582 : 0;
13583 : 0;
13584 : 0;
13585 : 1;
13586 : 0;
13587 : 0;
13588 : 0;
13589 : 1;
13590 : 1;
13591 : 0;
13592 : 1;
13593 : 0;
13594 : 1;
13595 : 1;
13596 : 1;
13597 : 1;
13598 : 1;
13599 : 1;
13600 : 0;
13601 : 1;
13602 : 0;
13603 : 1;
13604 : 1;
13605 : 1;
13606 : 1;
13607 : 0;
13608 : 0;
13609 : 1;
13610 : 1;
13611 : 1;
13612 : 0;
13613 : 1;
13614 : 1;
13615 : 1;
13616 : 0;
13617 : 1;
13618 : 0;
13619 : 0;
13620 : 0;
13621 : 1;
13622 : 0;
13623 : 1;
13624 : 0;
13625 : 0;
13626 : 0;
13627 : 0;
13628 : 0;
13629 : 1;
13630 : 1;
13631 : 1;
13632 : 0;
13633 : 1;
13634 : 0;
13635 : 0;
13636 : 0;
13637 : 1;
13638 : 0;
13639 : 0;
13640 : 0;
13641 : 0;
13642 : 1;
13643 : 1;
13644 : 0;
13645 : 1;
13646 : 1;
13647 : 0;
13648 : 1;
13649 : 0;
13650 : 1;
13651 : 0;
13652 : 0;
13653 : 1;
13654 : 0;
13655 : 1;
13656 : 1;
13657 : 1;
13658 : 0;
13659 : 1;
13660 : 0;
13661 : 1;
13662 : 0;
13663 : 0;
13664 : 0;
13665 : 1;
13666 : 1;
13667 : 0;
13668 : 0;
13669 : 1;
13670 : 1;
13671 : 0;
13672 : 0;
13673 : 0;
13674 : 0;
13675 : 1;
13676 : 1;
13677 : 0;
13678 : 1;
13679 : 0;
13680 : 0;
13681 : 0;
13682 : 1;
13683 : 1;
13684 : 0;
13685 : 0;
13686 : 0;
13687 : 1;
13688 : 1;
13689 : 0;
13690 : 1;
13691 : 0;
13692 : 1;
13693 : 1;
13694 : 1;
13695 : 1;
13696 : 0;
13697 : 1;
13698 : 1;
13699 : 0;
13700 : 0;
13701 : 0;
13702 : 0;
13703 : 1;
13704 : 0;
13705 : 0;
13706 : 1;
13707 : 0;
13708 : 0;
13709 : 1;
13710 : 1;
13711 : 0;
13712 : 0;
13713 : 0;
13714 : 0;
13715 : 1;
13716 : 0;
13717 : 1;
13718 : 0;
13719 : 0;
13720 : 0;
13721 : 0;
13722 : 1;
13723 : 0;
13724 : 0;
13725 : 1;
13726 : 1;
13727 : 1;
13728 : 0;
13729 : 1;
13730 : 1;
13731 : 1;
13732 : 0;
13733 : 1;
13734 : 1;
13735 : 1;
13736 : 0;
13737 : 0;
13738 : 0;
13739 : 0;
13740 : 1;
13741 : 0;
13742 : 1;
13743 : 1;
13744 : 0;
13745 : 1;
13746 : 0;
13747 : 1;
13748 : 0;
13749 : 1;
13750 : 1;
13751 : 0;
13752 : 0;
13753 : 1;
13754 : 0;
13755 : 0;
13756 : 0;
13757 : 1;
13758 : 1;
13759 : 1;
13760 : 0;
13761 : 0;
13762 : 1;
13763 : 0;
13764 : 0;
13765 : 0;
13766 : 1;
13767 : 0;
13768 : 0;
13769 : 0;
13770 : 1;
13771 : 0;
13772 : 0;
13773 : 1;
13774 : 0;
13775 : 0;
13776 : 0;
13777 : 0;
13778 : 1;
13779 : 1;
13780 : 0;
13781 : 0;
13782 : 0;
13783 : 1;
13784 : 1;
13785 : 0;
13786 : 0;
13787 : 1;
13788 : 0;
13789 : 1;
13790 : 0;
13791 : 1;
13792 : 1;
13793 : 0;
13794 : 0;
13795 : 1;
13796 : 0;
13797 : 1;
13798 : 1;
13799 : 0;
13800 : 1;
13801 : 1;
13802 : 1;
13803 : 1;
13804 : 0;
13805 : 1;
13806 : 0;
13807 : 1;
13808 : 1;
13809 : 1;
13810 : 1;
13811 : 0;
13812 : 0;
13813 : 1;
13814 : 0;
13815 : 1;
13816 : 1;
13817 : 1;
13818 : 1;
13819 : 1;
13820 : 0;
13821 : 0;
13822 : 1;
13823 : 1;
13824 : 0;
13825 : 1;
13826 : 1;
13827 : 1;
13828 : 0;
13829 : 1;
13830 : 0;
13831 : 1;
13832 : 1;
13833 : 0;
13834 : 1;
13835 : 1;
13836 : 0;
13837 : 1;
13838 : 0;
13839 : 1;
13840 : 0;
13841 : 0;
13842 : 0;
13843 : 1;
13844 : 1;
13845 : 1;
13846 : 0;
13847 : 1;
13848 : 0;
13849 : 0;
13850 : 1;
13851 : 0;
13852 : 1;
13853 : 0;
13854 : 0;
13855 : 0;
13856 : 0;
13857 : 1;
13858 : 1;
13859 : 1;
13860 : 1;
13861 : 0;
13862 : 0;
13863 : 0;
13864 : 1;
13865 : 0;
13866 : 0;
13867 : 0;
13868 : 0;
13869 : 1;
13870 : 1;
13871 : 1;
13872 : 1;
13873 : 0;
13874 : 1;
13875 : 0;
13876 : 1;
13877 : 1;
13878 : 1;
13879 : 1;
13880 : 1;
13881 : 1;
13882 : 1;
13883 : 0;
13884 : 0;
13885 : 0;
13886 : 1;
13887 : 1;
13888 : 0;
13889 : 0;
13890 : 0;
13891 : 0;
13892 : 1;
13893 : 1;
13894 : 1;
13895 : 1;
13896 : 1;
13897 : 1;
13898 : 1;
13899 : 1;
13900 : 0;
13901 : 1;
13902 : 0;
13903 : 1;
13904 : 0;
13905 : 1;
13906 : 1;
13907 : 0;
13908 : 0;
13909 : 1;
13910 : 0;
13911 : 0;
13912 : 1;
13913 : 1;
13914 : 0;
13915 : 1;
13916 : 0;
13917 : 0;
13918 : 1;
13919 : 1;
13920 : 1;
13921 : 1;
13922 : 1;
13923 : 0;
13924 : 1;
13925 : 0;
13926 : 1;
13927 : 1;
13928 : 0;
13929 : 0;
13930 : 1;
13931 : 1;
13932 : 0;
13933 : 0;
13934 : 1;
13935 : 1;
13936 : 0;
13937 : 1;
13938 : 0;
13939 : 0;
13940 : 1;
13941 : 1;
13942 : 1;
13943 : 0;
13944 : 1;
13945 : 1;
13946 : 0;
13947 : 0;
13948 : 1;
13949 : 0;
13950 : 0;
13951 : 1;
13952 : 1;
13953 : 1;
13954 : 1;
13955 : 0;
13956 : 0;
13957 : 1;
13958 : 1;
13959 : 0;
13960 : 0;
13961 : 0;
13962 : 1;
13963 : 0;
13964 : 1;
13965 : 1;
13966 : 1;
13967 : 0;
13968 : 0;
13969 : 0;
13970 : 1;
13971 : 0;
13972 : 1;
13973 : 1;
13974 : 0;
13975 : 0;
13976 : 1;
13977 : 0;
13978 : 1;
13979 : 0;
13980 : 0;
13981 : 1;
13982 : 1;
13983 : 1;
13984 : 0;
13985 : 1;
13986 : 0;
13987 : 1;
13988 : 1;
13989 : 1;
13990 : 1;
13991 : 0;
13992 : 0;
13993 : 0;
13994 : 0;
13995 : 1;
13996 : 0;
13997 : 0;
13998 : 0;
13999 : 1;
14000 : 0;
14001 : 0;
14002 : 0;
14003 : 0;
14004 : 1;
14005 : 1;
14006 : 1;
14007 : 1;
14008 : 0;
14009 : 0;
14010 : 1;
14011 : 0;
14012 : 1;
14013 : 0;
14014 : 1;
14015 : 1;
14016 : 0;
14017 : 0;
14018 : 1;
14019 : 0;
14020 : 0;
14021 : 0;
14022 : 1;
14023 : 0;
14024 : 0;
14025 : 0;
14026 : 1;
14027 : 0;
14028 : 1;
14029 : 0;
14030 : 1;
14031 : 1;
14032 : 1;
14033 : 1;
14034 : 1;
14035 : 1;
14036 : 0;
14037 : 0;
14038 : 0;
14039 : 1;
14040 : 1;
14041 : 0;
14042 : 1;
14043 : 0;
14044 : 1;
14045 : 1;
14046 : 1;
14047 : 1;
14048 : 1;
14049 : 1;
14050 : 0;
14051 : 1;
14052 : 1;
14053 : 1;
14054 : 1;
14055 : 1;
14056 : 1;
14057 : 1;
14058 : 0;
14059 : 0;
14060 : 0;
14061 : 0;
14062 : 0;
14063 : 1;
14064 : 0;
14065 : 1;
14066 : 0;
14067 : 0;
14068 : 1;
14069 : 1;
14070 : 1;
14071 : 0;
14072 : 1;
14073 : 0;
14074 : 0;
14075 : 0;
14076 : 0;
14077 : 1;
14078 : 1;
14079 : 1;
14080 : 1;
14081 : 0;
14082 : 1;
14083 : 0;
14084 : 0;
14085 : 0;
14086 : 1;
14087 : 0;
14088 : 1;
14089 : 1;
14090 : 1;
14091 : 0;
14092 : 0;
14093 : 1;
14094 : 1;
14095 : 0;
14096 : 1;
14097 : 1;
14098 : 1;
14099 : 1;
14100 : 0;
14101 : 1;
14102 : 0;
14103 : 0;
14104 : 1;
14105 : 0;
14106 : 0;
14107 : 0;
14108 : 0;
14109 : 0;
14110 : 1;
14111 : 1;
14112 : 0;
14113 : 0;
14114 : 1;
14115 : 1;
14116 : 1;
14117 : 1;
14118 : 0;
14119 : 1;
14120 : 1;
14121 : 0;
14122 : 1;
14123 : 0;
14124 : 0;
14125 : 1;
14126 : 0;
14127 : 1;
14128 : 1;
14129 : 1;
14130 : 1;
14131 : 0;
14132 : 0;
14133 : 0;
14134 : 0;
14135 : 0;
14136 : 1;
14137 : 1;
14138 : 0;
14139 : 0;
14140 : 1;
14141 : 0;
14142 : 1;
14143 : 0;
14144 : 0;
14145 : 1;
14146 : 1;
14147 : 0;
14148 : 0;
14149 : 0;
14150 : 1;
14151 : 0;
14152 : 0;
14153 : 1;
14154 : 0;
14155 : 0;
14156 : 0;
14157 : 0;
14158 : 0;
14159 : 1;
14160 : 0;
14161 : 1;
14162 : 0;
14163 : 0;
14164 : 0;
14165 : 0;
14166 : 1;
14167 : 1;
14168 : 0;
14169 : 0;
14170 : 0;
14171 : 0;
14172 : 1;
14173 : 1;
14174 : 0;
14175 : 1;
14176 : 0;
14177 : 1;
14178 : 1;
14179 : 1;
14180 : 0;
14181 : 1;
14182 : 0;
14183 : 1;
14184 : 1;
14185 : 0;
14186 : 0;
14187 : 0;
14188 : 1;
14189 : 0;
14190 : 1;
14191 : 0;
14192 : 1;
14193 : 0;
14194 : 0;
14195 : 1;
14196 : 1;
14197 : 0;
14198 : 0;
14199 : 0;
14200 : 0;
14201 : 0;
14202 : 0;
14203 : 0;
14204 : 1;
14205 : 0;
14206 : 0;
14207 : 0;
14208 : 1;
14209 : 0;
14210 : 1;
14211 : 0;
14212 : 0;
14213 : 0;
14214 : 0;
14215 : 0;
14216 : 0;
14217 : 0;
14218 : 1;
14219 : 1;
14220 : 0;
14221 : 0;
14222 : 1;
14223 : 0;
14224 : 0;
14225 : 0;
14226 : 1;
14227 : 1;
14228 : 1;
14229 : 1;
14230 : 0;
14231 : 0;
14232 : 1;
14233 : 0;
14234 : 0;
14235 : 0;
14236 : 0;
14237 : 1;
14238 : 0;
14239 : 1;
14240 : 1;
14241 : 0;
14242 : 0;
14243 : 0;
14244 : 1;
14245 : 1;
14246 : 0;
14247 : 1;
14248 : 1;
14249 : 1;
14250 : 0;
14251 : 1;
14252 : 1;
14253 : 0;
14254 : 0;
14255 : 0;
14256 : 1;
14257 : 0;
14258 : 0;
14259 : 0;
14260 : 0;
14261 : 0;
14262 : 0;
14263 : 0;
14264 : 0;
14265 : 1;
14266 : 0;
14267 : 0;
14268 : 1;
14269 : 0;
14270 : 0;
14271 : 0;
14272 : 0;
14273 : 0;
14274 : 1;
14275 : 1;
14276 : 0;
14277 : 1;
14278 : 0;
14279 : 1;
14280 : 1;
14281 : 0;
14282 : 1;
14283 : 0;
14284 : 0;
14285 : 0;
14286 : 0;
14287 : 1;
14288 : 1;
14289 : 1;
14290 : 0;
14291 : 1;
14292 : 0;
14293 : 0;
14294 : 1;
14295 : 0;
14296 : 1;
14297 : 1;
14298 : 1;
14299 : 0;
14300 : 0;
14301 : 0;
14302 : 0;
14303 : 0;
14304 : 0;
14305 : 0;
14306 : 1;
14307 : 1;
14308 : 0;
14309 : 0;
14310 : 0;
14311 : 0;
14312 : 1;
14313 : 0;
14314 : 1;
14315 : 1;
14316 : 0;
14317 : 1;
14318 : 0;
14319 : 0;
14320 : 0;
14321 : 0;
14322 : 1;
14323 : 1;
14324 : 0;
14325 : 1;
14326 : 1;
14327 : 1;
14328 : 0;
14329 : 1;
14330 : 0;
14331 : 1;
14332 : 1;
14333 : 0;
14334 : 0;
14335 : 0;
14336 : 1;
14337 : 1;
14338 : 1;
14339 : 1;
14340 : 1;
14341 : 1;
14342 : 1;
14343 : 1;
14344 : 0;
14345 : 1;
14346 : 1;
14347 : 1;
14348 : 1;
14349 : 1;
14350 : 0;
14351 : 0;
14352 : 1;
14353 : 0;
14354 : 1;
14355 : 0;
14356 : 1;
14357 : 1;
14358 : 0;
14359 : 1;
14360 : 1;
14361 : 0;
14362 : 0;
14363 : 0;
14364 : 1;
14365 : 1;
14366 : 0;
14367 : 0;
14368 : 1;
14369 : 0;
14370 : 1;
14371 : 0;
14372 : 1;
14373 : 0;
14374 : 1;
14375 : 1;
14376 : 0;
14377 : 0;
14378 : 1;
14379 : 0;
14380 : 1;
14381 : 0;
14382 : 1;
14383 : 1;
14384 : 0;
14385 : 0;
14386 : 0;
14387 : 0;
14388 : 1;
14389 : 0;
14390 : 1;
14391 : 0;
14392 : 1;
14393 : 0;
14394 : 1;
14395 : 0;
14396 : 0;
14397 : 0;
14398 : 0;
14399 : 0;
14400 : 1;
14401 : 1;
14402 : 0;
14403 : 1;
14404 : 1;
14405 : 1;
14406 : 0;
14407 : 0;
14408 : 1;
14409 : 1;
14410 : 1;
14411 : 0;
14412 : 1;
14413 : 1;
14414 : 0;
14415 : 1;
14416 : 1;
14417 : 0;
14418 : 0;
14419 : 0;
14420 : 0;
14421 : 0;
14422 : 0;
14423 : 1;
14424 : 1;
14425 : 1;
14426 : 0;
14427 : 0;
14428 : 1;
14429 : 0;
14430 : 0;
14431 : 0;
14432 : 0;
14433 : 0;
14434 : 1;
14435 : 1;
14436 : 0;
14437 : 1;
14438 : 0;
14439 : 0;
14440 : 0;
14441 : 0;
14442 : 0;
14443 : 0;
14444 : 1;
14445 : 1;
14446 : 1;
14447 : 0;
14448 : 1;
14449 : 1;
14450 : 1;
14451 : 1;
14452 : 1;
14453 : 0;
14454 : 1;
14455 : 0;
14456 : 1;
14457 : 0;
14458 : 0;
14459 : 1;
14460 : 1;
14461 : 0;
14462 : 1;
14463 : 1;
14464 : 1;
14465 : 0;
14466 : 0;
14467 : 0;
14468 : 0;
14469 : 0;
14470 : 0;
14471 : 0;
14472 : 0;
14473 : 0;
14474 : 1;
14475 : 1;
14476 : 1;
14477 : 0;
14478 : 0;
14479 : 0;
14480 : 0;
14481 : 1;
14482 : 0;
14483 : 0;
14484 : 0;
14485 : 1;
14486 : 0;
14487 : 0;
14488 : 0;
14489 : 1;
14490 : 0;
14491 : 0;
14492 : 1;
14493 : 1;
14494 : 1;
14495 : 1;
14496 : 1;
14497 : 0;
14498 : 0;
14499 : 0;
14500 : 0;
14501 : 0;
14502 : 1;
14503 : 1;
14504 : 0;
14505 : 0;
14506 : 1;
14507 : 1;
14508 : 0;
14509 : 1;
14510 : 1;
14511 : 0;
14512 : 0;
14513 : 0;
14514 : 0;
14515 : 0;
14516 : 1;
14517 : 0;
14518 : 0;
14519 : 1;
14520 : 0;
14521 : 1;
14522 : 1;
14523 : 1;
14524 : 0;
14525 : 0;
14526 : 0;
14527 : 1;
14528 : 1;
14529 : 0;
14530 : 0;
14531 : 1;
14532 : 1;
14533 : 1;
14534 : 1;
14535 : 0;
14536 : 0;
14537 : 1;
14538 : 0;
14539 : 1;
14540 : 1;
14541 : 1;
14542 : 0;
14543 : 0;
14544 : 1;
14545 : 0;
14546 : 0;
14547 : 0;
14548 : 0;
14549 : 0;
14550 : 0;
14551 : 0;
14552 : 1;
14553 : 1;
14554 : 0;
14555 : 0;
14556 : 0;
14557 : 0;
14558 : 1;
14559 : 1;
14560 : 1;
14561 : 1;
14562 : 0;
14563 : 0;
14564 : 1;
14565 : 1;
14566 : 1;
14567 : 0;
14568 : 1;
14569 : 0;
14570 : 0;
14571 : 0;
14572 : 0;
14573 : 1;
14574 : 0;
14575 : 1;
14576 : 0;
14577 : 1;
14578 : 0;
14579 : 1;
14580 : 0;
14581 : 0;
14582 : 1;
14583 : 1;
14584 : 1;
14585 : 0;
14586 : 0;
14587 : 1;
14588 : 1;
14589 : 1;
14590 : 1;
14591 : 0;
14592 : 0;
14593 : 1;
14594 : 1;
14595 : 1;
14596 : 1;
14597 : 0;
14598 : 0;
14599 : 0;
14600 : 0;
14601 : 1;
14602 : 0;
14603 : 1;
14604 : 0;
14605 : 0;
14606 : 1;
14607 : 0;
14608 : 1;
14609 : 0;
14610 : 1;
14611 : 0;
14612 : 1;
14613 : 0;
14614 : 0;
14615 : 1;
14616 : 0;
14617 : 0;
14618 : 1;
14619 : 1;
14620 : 0;
14621 : 0;
14622 : 0;
14623 : 0;
14624 : 1;
14625 : 1;
14626 : 0;
14627 : 1;
14628 : 1;
14629 : 0;
14630 : 1;
14631 : 0;
14632 : 0;
14633 : 1;
14634 : 0;
14635 : 0;
14636 : 1;
14637 : 0;
14638 : 0;
14639 : 0;
14640 : 1;
14641 : 0;
14642 : 0;
14643 : 1;
14644 : 1;
14645 : 0;
14646 : 0;
14647 : 1;
14648 : 0;
14649 : 0;
14650 : 1;
14651 : 1;
14652 : 1;
14653 : 0;
14654 : 1;
14655 : 0;
14656 : 0;
14657 : 1;
14658 : 1;
14659 : 1;
14660 : 0;
14661 : 1;
14662 : 1;
14663 : 0;
14664 : 1;
14665 : 1;
14666 : 1;
14667 : 1;
14668 : 0;
14669 : 0;
14670 : 1;
14671 : 1;
14672 : 0;
14673 : 1;
14674 : 1;
14675 : 0;
14676 : 1;
14677 : 1;
14678 : 1;
14679 : 1;
14680 : 0;
14681 : 1;
14682 : 0;
14683 : 1;
14684 : 0;
14685 : 0;
14686 : 1;
14687 : 0;
14688 : 0;
14689 : 1;
14690 : 0;
14691 : 1;
14692 : 0;
14693 : 0;
14694 : 0;
14695 : 1;
14696 : 0;
14697 : 1;
14698 : 0;
14699 : 1;
14700 : 1;
14701 : 1;
14702 : 1;
14703 : 1;
14704 : 1;
14705 : 1;
14706 : 0;
14707 : 1;
14708 : 0;
14709 : 1;
14710 : 0;
14711 : 1;
14712 : 1;
14713 : 1;
14714 : 0;
14715 : 0;
14716 : 0;
14717 : 1;
14718 : 1;
14719 : 0;
14720 : 1;
14721 : 1;
14722 : 0;
14723 : 1;
14724 : 1;
14725 : 0;
14726 : 0;
14727 : 1;
14728 : 1;
14729 : 1;
14730 : 1;
14731 : 0;
14732 : 0;
14733 : 1;
14734 : 1;
14735 : 1;
14736 : 1;
14737 : 1;
14738 : 0;
14739 : 0;
14740 : 1;
14741 : 1;
14742 : 1;
14743 : 1;
14744 : 1;
14745 : 0;
14746 : 0;
14747 : 1;
14748 : 0;
14749 : 0;
14750 : 1;
14751 : 0;
14752 : 1;
14753 : 1;
14754 : 1;
14755 : 1;
14756 : 0;
14757 : 0;
14758 : 1;
14759 : 0;
14760 : 1;
14761 : 1;
14762 : 1;
14763 : 1;
14764 : 1;
14765 : 0;
14766 : 0;
14767 : 0;
14768 : 0;
14769 : 1;
14770 : 0;
14771 : 0;
14772 : 1;
14773 : 0;
14774 : 0;
14775 : 0;
14776 : 0;
14777 : 0;
14778 : 1;
14779 : 1;
14780 : 1;
14781 : 0;
14782 : 0;
14783 : 0;
14784 : 0;
14785 : 0;
14786 : 1;
14787 : 0;
14788 : 0;
14789 : 0;
14790 : 0;
14791 : 1;
14792 : 1;
14793 : 1;
14794 : 1;
14795 : 0;
14796 : 0;
14797 : 0;
14798 : 0;
14799 : 0;
14800 : 0;
14801 : 1;
14802 : 1;
14803 : 0;
14804 : 1;
14805 : 0;
14806 : 1;
14807 : 0;
14808 : 0;
14809 : 0;
14810 : 0;
14811 : 0;
14812 : 1;
14813 : 1;
14814 : 1;
14815 : 0;
14816 : 1;
14817 : 1;
14818 : 1;
14819 : 1;
14820 : 1;
14821 : 1;
14822 : 0;
14823 : 0;
14824 : 1;
14825 : 0;
14826 : 0;
14827 : 0;
14828 : 1;
14829 : 0;
14830 : 0;
14831 : 1;
14832 : 0;
14833 : 1;
14834 : 1;
14835 : 1;
14836 : 1;
14837 : 1;
14838 : 1;
14839 : 1;
14840 : 1;
14841 : 0;
14842 : 1;
14843 : 1;
14844 : 0;
14845 : 0;
14846 : 1;
14847 : 1;
14848 : 1;
14849 : 0;
14850 : 1;
14851 : 0;
14852 : 1;
14853 : 0;
14854 : 1;
14855 : 0;
14856 : 0;
14857 : 1;
14858 : 0;
14859 : 0;
14860 : 1;
14861 : 1;
14862 : 0;
14863 : 0;
14864 : 0;
14865 : 1;
14866 : 1;
14867 : 1;
14868 : 0;
14869 : 1;
14870 : 0;
14871 : 0;
14872 : 0;
14873 : 1;
14874 : 1;
14875 : 1;
14876 : 0;
14877 : 1;
14878 : 1;
14879 : 0;
14880 : 1;
14881 : 1;
14882 : 0;
14883 : 1;
14884 : 1;
14885 : 0;
14886 : 0;
14887 : 0;
14888 : 0;
14889 : 1;
14890 : 1;
14891 : 1;
14892 : 1;
14893 : 1;
14894 : 0;
14895 : 1;
14896 : 0;
14897 : 0;
14898 : 0;
14899 : 0;
14900 : 0;
14901 : 0;
14902 : 1;
14903 : 0;
14904 : 1;
14905 : 1;
14906 : 1;
14907 : 0;
14908 : 0;
14909 : 1;
14910 : 1;
14911 : 0;
14912 : 0;
14913 : 0;
14914 : 1;
14915 : 1;
14916 : 0;
14917 : 1;
14918 : 0;
14919 : 0;
14920 : 0;
14921 : 1;
14922 : 1;
14923 : 0;
14924 : 0;
14925 : 1;
14926 : 0;
14927 : 1;
14928 : 1;
14929 : 0;
14930 : 1;
14931 : 1;
14932 : 0;
14933 : 1;
14934 : 0;
14935 : 1;
14936 : 0;
14937 : 1;
14938 : 0;
14939 : 0;
14940 : 1;
14941 : 1;
14942 : 0;
14943 : 0;
14944 : 1;
14945 : 0;
14946 : 0;
14947 : 1;
14948 : 0;
14949 : 0;
14950 : 0;
14951 : 0;
14952 : 0;
14953 : 1;
14954 : 1;
14955 : 1;
14956 : 1;
14957 : 1;
14958 : 0;
14959 : 0;
14960 : 0;
14961 : 1;
14962 : 1;
14963 : 0;
14964 : 0;
14965 : 1;
14966 : 1;
14967 : 0;
14968 : 0;
14969 : 0;
14970 : 1;
14971 : 1;
14972 : 1;
14973 : 1;
14974 : 1;
14975 : 1;
14976 : 1;
14977 : 1;
14978 : 0;
14979 : 0;
14980 : 0;
14981 : 0;
14982 : 1;
14983 : 1;
14984 : 1;
14985 : 1;
14986 : 0;
14987 : 0;
14988 : 0;
14989 : 0;
14990 : 0;
14991 : 1;
14992 : 1;
14993 : 1;
14994 : 1;
14995 : 1;
14996 : 1;
14997 : 1;
14998 : 1;
14999 : 0;
15000 : 1;
15001 : 1;
15002 : 1;
15003 : 1;
15004 : 1;
15005 : 1;
15006 : 0;
15007 : 0;
15008 : 0;
15009 : 1;
15010 : 1;
15011 : 1;
15012 : 1;
15013 : 1;
15014 : 1;
15015 : 0;
15016 : 1;
15017 : 1;
15018 : 0;
15019 : 0;
15020 : 0;
15021 : 1;
15022 : 0;
15023 : 1;
15024 : 0;
15025 : 1;
15026 : 0;
15027 : 0;
15028 : 1;
15029 : 1;
15030 : 0;
15031 : 1;
15032 : 1;
15033 : 0;
15034 : 1;
15035 : 0;
15036 : 0;
15037 : 0;
15038 : 0;
15039 : 1;
15040 : 1;
15041 : 0;
15042 : 0;
15043 : 1;
15044 : 1;
15045 : 1;
15046 : 0;
15047 : 1;
15048 : 1;
15049 : 0;
15050 : 0;
15051 : 0;
15052 : 0;
15053 : 1;
15054 : 0;
15055 : 0;
15056 : 1;
15057 : 1;
15058 : 1;
15059 : 1;
15060 : 1;
15061 : 1;
15062 : 0;
15063 : 0;
15064 : 0;
15065 : 0;
15066 : 0;
15067 : 0;
15068 : 1;
15069 : 1;
15070 : 0;
15071 : 1;
15072 : 1;
15073 : 0;
15074 : 0;
15075 : 1;
15076 : 0;
15077 : 1;
15078 : 1;
15079 : 0;
15080 : 0;
15081 : 1;
15082 : 0;
15083 : 0;
15084 : 1;
15085 : 0;
15086 : 1;
15087 : 1;
15088 : 1;
15089 : 0;
15090 : 1;
15091 : 0;
15092 : 1;
15093 : 1;
15094 : 0;
15095 : 0;
15096 : 1;
15097 : 1;
15098 : 1;
15099 : 1;
15100 : 0;
15101 : 1;
15102 : 1;
15103 : 1;
15104 : 1;
15105 : 0;
15106 : 1;
15107 : 1;
15108 : 0;
15109 : 0;
15110 : 0;
15111 : 0;
15112 : 0;
15113 : 1;
15114 : 0;
15115 : 0;
15116 : 1;
15117 : 1;
15118 : 0;
15119 : 0;
15120 : 1;
15121 : 1;
15122 : 0;
15123 : 0;
15124 : 0;
15125 : 0;
15126 : 1;
15127 : 0;
15128 : 1;
15129 : 0;
15130 : 1;
15131 : 1;
15132 : 0;
15133 : 0;
15134 : 0;
15135 : 1;
15136 : 1;
15137 : 0;
15138 : 1;
15139 : 0;
15140 : 0;
15141 : 1;
15142 : 0;
15143 : 1;
15144 : 1;
15145 : 0;
15146 : 1;
15147 : 1;
15148 : 0;
15149 : 0;
15150 : 0;
15151 : 0;
15152 : 0;
15153 : 1;
15154 : 1;
15155 : 1;
15156 : 1;
15157 : 0;
15158 : 0;
15159 : 1;
15160 : 1;
15161 : 1;
15162 : 1;
15163 : 1;
15164 : 0;
15165 : 1;
15166 : 0;
15167 : 1;
15168 : 0;
15169 : 1;
15170 : 0;
15171 : 1;
15172 : 1;
15173 : 0;
15174 : 0;
15175 : 0;
15176 : 0;
15177 : 0;
15178 : 0;
15179 : 1;
15180 : 1;
15181 : 1;
15182 : 0;
15183 : 1;
15184 : 0;
15185 : 1;
15186 : 0;
15187 : 1;
15188 : 0;
15189 : 0;
15190 : 0;
15191 : 0;
15192 : 1;
15193 : 1;
15194 : 0;
15195 : 1;
15196 : 0;
15197 : 0;
15198 : 0;
15199 : 0;
15200 : 0;
15201 : 0;
15202 : 1;
15203 : 1;
15204 : 1;
15205 : 1;
15206 : 1;
15207 : 1;
15208 : 1;
15209 : 1;
15210 : 0;
15211 : 0;
15212 : 0;
15213 : 1;
15214 : 0;
15215 : 0;
15216 : 0;
15217 : 0;
15218 : 1;
15219 : 0;
15220 : 0;
15221 : 0;
15222 : 0;
15223 : 1;
15224 : 1;
15225 : 1;
15226 : 1;
15227 : 0;
15228 : 0;
15229 : 0;
15230 : 1;
15231 : 1;
15232 : 1;
15233 : 1;
15234 : 0;
15235 : 1;
15236 : 1;
15237 : 0;
15238 : 0;
15239 : 0;
15240 : 1;
15241 : 1;
15242 : 1;
15243 : 0;
15244 : 0;
15245 : 1;
15246 : 0;
15247 : 0;
15248 : 1;
15249 : 0;
15250 : 0;
15251 : 1;
15252 : 0;
15253 : 0;
15254 : 0;
15255 : 0;
15256 : 1;
15257 : 1;
15258 : 1;
15259 : 1;
15260 : 0;
15261 : 1;
15262 : 1;
15263 : 1;
15264 : 1;
15265 : 1;
15266 : 0;
15267 : 0;
15268 : 1;
15269 : 0;
15270 : 1;
15271 : 0;
15272 : 0;
15273 : 0;
15274 : 1;
15275 : 1;
15276 : 0;
15277 : 1;
15278 : 0;
15279 : 0;
15280 : 0;
15281 : 1;
15282 : 1;
15283 : 1;
15284 : 0;
15285 : 0;
15286 : 0;
15287 : 0;
15288 : 0;
15289 : 0;
15290 : 1;
15291 : 0;
15292 : 1;
15293 : 0;
15294 : 0;
15295 : 1;
15296 : 1;
15297 : 0;
15298 : 1;
15299 : 0;
15300 : 1;
15301 : 1;
15302 : 1;
15303 : 1;
15304 : 0;
15305 : 0;
15306 : 0;
15307 : 0;
15308 : 0;
15309 : 1;
15310 : 1;
15311 : 1;
15312 : 0;
15313 : 1;
15314 : 1;
15315 : 0;
15316 : 1;
15317 : 1;
15318 : 0;
15319 : 0;
15320 : 0;
15321 : 0;
15322 : 1;
15323 : 1;
15324 : 1;
15325 : 0;
15326 : 0;
15327 : 0;
15328 : 0;
15329 : 1;
15330 : 0;
15331 : 0;
15332 : 0;
15333 : 0;
15334 : 0;
15335 : 1;
15336 : 0;
15337 : 1;
15338 : 1;
15339 : 0;
15340 : 1;
15341 : 0;
15342 : 1;
15343 : 0;
15344 : 0;
15345 : 1;
15346 : 0;
15347 : 1;
15348 : 1;
15349 : 1;
15350 : 1;
15351 : 1;
15352 : 0;
15353 : 0;
15354 : 1;
15355 : 0;
15356 : 1;
15357 : 1;
15358 : 0;
15359 : 0;
15360 : 1;
15361 : 1;
15362 : 1;
15363 : 1;
15364 : 1;
15365 : 1;
15366 : 1;
15367 : 1;
15368 : 1;
15369 : 0;
15370 : 0;
15371 : 1;
15372 : 1;
15373 : 0;
15374 : 1;
15375 : 0;
15376 : 1;
15377 : 1;
15378 : 0;
15379 : 0;
15380 : 1;
15381 : 1;
15382 : 0;
15383 : 0;
15384 : 1;
15385 : 0;
15386 : 1;
15387 : 0;
15388 : 1;
15389 : 1;
15390 : 0;
15391 : 1;
15392 : 1;
15393 : 0;
15394 : 1;
15395 : 1;
15396 : 0;
15397 : 0;
15398 : 1;
15399 : 1;
15400 : 1;
15401 : 0;
15402 : 1;
15403 : 0;
15404 : 1;
15405 : 0;
15406 : 1;
15407 : 1;
15408 : 1;
15409 : 1;
15410 : 0;
15411 : 0;
15412 : 0;
15413 : 0;
15414 : 1;
15415 : 0;
15416 : 0;
15417 : 0;
15418 : 1;
15419 : 0;
15420 : 1;
15421 : 1;
15422 : 1;
15423 : 0;
15424 : 0;
15425 : 1;
15426 : 1;
15427 : 1;
15428 : 0;
15429 : 0;
15430 : 1;
15431 : 0;
15432 : 0;
15433 : 1;
15434 : 1;
15435 : 1;
15436 : 0;
15437 : 0;
15438 : 0;
15439 : 1;
15440 : 0;
15441 : 0;
15442 : 1;
15443 : 1;
15444 : 1;
15445 : 1;
15446 : 1;
15447 : 0;
15448 : 1;
15449 : 1;
15450 : 0;
15451 : 1;
15452 : 1;
15453 : 1;
15454 : 0;
15455 : 0;
15456 : 1;
15457 : 0;
15458 : 0;
15459 : 0;
15460 : 0;
15461 : 1;
15462 : 1;
15463 : 1;
15464 : 1;
15465 : 0;
15466 : 0;
15467 : 1;
15468 : 0;
15469 : 0;
15470 : 1;
15471 : 0;
15472 : 1;
15473 : 0;
15474 : 1;
15475 : 0;
15476 : 0;
15477 : 0;
15478 : 1;
15479 : 1;
15480 : 1;
15481 : 1;
15482 : 1;
15483 : 0;
15484 : 1;
15485 : 1;
15486 : 1;
15487 : 0;
15488 : 0;
15489 : 0;
15490 : 0;
15491 : 1;
15492 : 0;
15493 : 0;
15494 : 1;
15495 : 0;
15496 : 1;
15497 : 0;
15498 : 1;
15499 : 1;
15500 : 1;
15501 : 1;
15502 : 0;
15503 : 0;
15504 : 1;
15505 : 0;
15506 : 0;
15507 : 1;
15508 : 1;
15509 : 1;
15510 : 0;
15511 : 1;
15512 : 1;
15513 : 1;
15514 : 1;
15515 : 1;
15516 : 0;
15517 : 0;
15518 : 1;
15519 : 0;
15520 : 1;
15521 : 0;
15522 : 0;
15523 : 1;
15524 : 1;
15525 : 1;
15526 : 1;
15527 : 1;
15528 : 0;
15529 : 0;
15530 : 0;
15531 : 1;
15532 : 1;
15533 : 1;
15534 : 0;
15535 : 0;
15536 : 0;
15537 : 1;
15538 : 0;
15539 : 0;
15540 : 1;
15541 : 1;
15542 : 0;
15543 : 0;
15544 : 0;
15545 : 1;
15546 : 1;
15547 : 1;
15548 : 0;
15549 : 0;
15550 : 1;
15551 : 1;
15552 : 1;
15553 : 0;
15554 : 0;
15555 : 1;
15556 : 0;
15557 : 1;
15558 : 1;
15559 : 0;
15560 : 1;
15561 : 1;
15562 : 0;
15563 : 0;
15564 : 0;
15565 : 1;
15566 : 0;
15567 : 1;
15568 : 0;
15569 : 1;
15570 : 0;
15571 : 1;
15572 : 1;
15573 : 0;
15574 : 0;
15575 : 1;
15576 : 1;
15577 : 0;
15578 : 0;
15579 : 1;
15580 : 1;
15581 : 0;
15582 : 0;
15583 : 0;
15584 : 1;
15585 : 0;
15586 : 1;
15587 : 1;
15588 : 0;
15589 : 0;
15590 : 1;
15591 : 1;
15592 : 1;
15593 : 0;
15594 : 0;
15595 : 0;
15596 : 1;
15597 : 1;
15598 : 1;
15599 : 0;
15600 : 0;
15601 : 0;
15602 : 0;
15603 : 0;
15604 : 1;
15605 : 1;
15606 : 1;
15607 : 0;
15608 : 0;
15609 : 0;
15610 : 0;
15611 : 1;
15612 : 1;
15613 : 1;
15614 : 0;
15615 : 0;
15616 : 1;
15617 : 0;
15618 : 1;
15619 : 1;
15620 : 1;
15621 : 0;
15622 : 0;
15623 : 0;
15624 : 0;
15625 : 1;
15626 : 0;
15627 : 0;
15628 : 0;
15629 : 1;
15630 : 0;
15631 : 1;
15632 : 1;
15633 : 1;
15634 : 0;
15635 : 1;
15636 : 1;
15637 : 1;
15638 : 1;
15639 : 0;
15640 : 1;
15641 : 1;
15642 : 1;
15643 : 1;
15644 : 0;
15645 : 1;
15646 : 1;
15647 : 1;
15648 : 0;
15649 : 0;
15650 : 0;
15651 : 1;
15652 : 1;
15653 : 0;
15654 : 0;
15655 : 0;
15656 : 0;
15657 : 1;
15658 : 0;
15659 : 1;
15660 : 0;
15661 : 1;
15662 : 1;
15663 : 1;
15664 : 0;
15665 : 1;
15666 : 1;
15667 : 1;
15668 : 0;
15669 : 1;
15670 : 1;
15671 : 1;
15672 : 0;
15673 : 0;
15674 : 1;
15675 : 0;
15676 : 0;
15677 : 1;
15678 : 0;
15679 : 0;
15680 : 1;
15681 : 1;
15682 : 1;
15683 : 0;
15684 : 1;
15685 : 1;
15686 : 1;
15687 : 1;
15688 : 1;
15689 : 0;
15690 : 0;
15691 : 1;
15692 : 0;
15693 : 0;
15694 : 0;
15695 : 1;
15696 : 1;
15697 : 0;
15698 : 0;
15699 : 0;
15700 : 1;
15701 : 0;
15702 : 1;
15703 : 0;
15704 : 0;
15705 : 0;
15706 : 0;
15707 : 1;
15708 : 0;
15709 : 0;
15710 : 0;
15711 : 1;
15712 : 0;
15713 : 1;
15714 : 0;
15715 : 0;
15716 : 1;
15717 : 0;
15718 : 1;
15719 : 0;
15720 : 1;
15721 : 1;
15722 : 1;
15723 : 1;
15724 : 1;
15725 : 1;
15726 : 0;
15727 : 1;
15728 : 0;
15729 : 0;
15730 : 1;
15731 : 0;
15732 : 0;
15733 : 1;
15734 : 1;
15735 : 1;
15736 : 1;
15737 : 1;
15738 : 1;
15739 : 1;
15740 : 0;
15741 : 0;
15742 : 1;
15743 : 0;
15744 : 0;
15745 : 0;
15746 : 0;
15747 : 0;
15748 : 0;
15749 : 1;
15750 : 0;
15751 : 1;
15752 : 1;
15753 : 0;
15754 : 0;
15755 : 0;
15756 : 0;
15757 : 1;
15758 : 1;
15759 : 1;
15760 : 0;
15761 : 0;
15762 : 1;
15763 : 0;
15764 : 0;
15765 : 0;
15766 : 1;
15767 : 0;
15768 : 0;
15769 : 1;
15770 : 0;
15771 : 0;
15772 : 1;
15773 : 0;
15774 : 0;
15775 : 0;
15776 : 0;
15777 : 0;
15778 : 1;
15779 : 1;
15780 : 0;
15781 : 0;
15782 : 0;
15783 : 0;
15784 : 0;
15785 : 0;
15786 : 0;
15787 : 0;
15788 : 0;
15789 : 0;
15790 : 0;
15791 : 1;
15792 : 1;
15793 : 1;
15794 : 0;
15795 : 0;
15796 : 0;
15797 : 1;
15798 : 1;
15799 : 1;
15800 : 0;
15801 : 0;
15802 : 0;
15803 : 0;
15804 : 0;
15805 : 1;
15806 : 1;
15807 : 1;
15808 : 1;
15809 : 0;
15810 : 1;
15811 : 0;
15812 : 0;
15813 : 0;
15814 : 0;
15815 : 0;
15816 : 0;
15817 : 0;
15818 : 0;
15819 : 0;
15820 : 0;
15821 : 0;
15822 : 1;
15823 : 0;
15824 : 0;
15825 : 1;
15826 : 0;
15827 : 0;
15828 : 0;
15829 : 1;
15830 : 1;
15831 : 1;
15832 : 1;
15833 : 1;
15834 : 0;
15835 : 0;
15836 : 0;
15837 : 0;
15838 : 1;
15839 : 1;
15840 : 0;
15841 : 1;
15842 : 0;
15843 : 0;
15844 : 1;
15845 : 0;
15846 : 0;
15847 : 1;
15848 : 1;
15849 : 0;
15850 : 1;
15851 : 1;
15852 : 0;
15853 : 1;
15854 : 1;
15855 : 1;
15856 : 0;
15857 : 0;
15858 : 1;
15859 : 1;
15860 : 0;
15861 : 0;
15862 : 1;
15863 : 0;
15864 : 1;
15865 : 0;
15866 : 0;
15867 : 1;
15868 : 0;
15869 : 0;
15870 : 1;
15871 : 1;
15872 : 1;
15873 : 1;
15874 : 0;
15875 : 0;
15876 : 0;
15877 : 1;
15878 : 0;
15879 : 1;
15880 : 1;
15881 : 0;
15882 : 1;
15883 : 1;
15884 : 0;
15885 : 0;
15886 : 0;
15887 : 0;
15888 : 1;
15889 : 1;
15890 : 0;
15891 : 0;
15892 : 0;
15893 : 0;
15894 : 0;
15895 : 0;
15896 : 1;
15897 : 1;
15898 : 0;
15899 : 1;
15900 : 1;
15901 : 0;
15902 : 0;
15903 : 1;
15904 : 1;
15905 : 0;
15906 : 0;
15907 : 0;
15908 : 1;
15909 : 0;
15910 : 0;
15911 : 0;
15912 : 0;
15913 : 0;
15914 : 0;
15915 : 0;
15916 : 0;
15917 : 0;
15918 : 0;
15919 : 0;
15920 : 0;
15921 : 1;
15922 : 0;
15923 : 1;
15924 : 0;
15925 : 1;
15926 : 0;
15927 : 0;
15928 : 0;
15929 : 1;
15930 : 1;
15931 : 0;
15932 : 0;
15933 : 1;
15934 : 0;
15935 : 0;
15936 : 1;
15937 : 0;
15938 : 1;
15939 : 0;
15940 : 1;
15941 : 0;
15942 : 0;
15943 : 1;
15944 : 1;
15945 : 0;
15946 : 1;
15947 : 0;
15948 : 1;
15949 : 1;
15950 : 0;
15951 : 1;
15952 : 1;
15953 : 1;
15954 : 0;
15955 : 1;
15956 : 1;
15957 : 1;
15958 : 0;
15959 : 1;
15960 : 1;
15961 : 0;
15962 : 0;
15963 : 0;
15964 : 0;
15965 : 0;
15966 : 1;
15967 : 1;
15968 : 0;
15969 : 0;
15970 : 1;
15971 : 0;
15972 : 1;
15973 : 1;
15974 : 0;
15975 : 1;
15976 : 1;
15977 : 1;
15978 : 0;
15979 : 1;
15980 : 1;
15981 : 0;
15982 : 1;
15983 : 1;
15984 : 1;
15985 : 1;
15986 : 1;
15987 : 1;
15988 : 0;
15989 : 0;
15990 : 1;
15991 : 0;
15992 : 0;
15993 : 1;
15994 : 0;
15995 : 0;
15996 : 0;
15997 : 1;
15998 : 0;
15999 : 0;
16000 : 1;
16001 : 1;
16002 : 0;
16003 : 1;
16004 : 0;
16005 : 0;
16006 : 0;
16007 : 1;
16008 : 0;
16009 : 0;
16010 : 1;
16011 : 1;
16012 : 0;
16013 : 1;
16014 : 1;
16015 : 0;
16016 : 0;
16017 : 0;
16018 : 0;
16019 : 1;
16020 : 0;
16021 : 1;
16022 : 1;
16023 : 1;
16024 : 1;
16025 : 1;
16026 : 0;
16027 : 1;
16028 : 0;
16029 : 0;
16030 : 0;
16031 : 1;
16032 : 1;
16033 : 1;
16034 : 1;
16035 : 0;
16036 : 1;
16037 : 1;
16038 : 1;
16039 : 0;
16040 : 1;
16041 : 0;
16042 : 1;
16043 : 0;
16044 : 1;
16045 : 1;
16046 : 1;
16047 : 1;
16048 : 0;
16049 : 1;
16050 : 1;
16051 : 0;
16052 : 1;
16053 : 1;
16054 : 0;
16055 : 0;
16056 : 1;
16057 : 1;
16058 : 1;
16059 : 0;
16060 : 0;
16061 : 1;
16062 : 0;
16063 : 0;
16064 : 1;
16065 : 1;
16066 : 0;
16067 : 0;
16068 : 0;
16069 : 0;
16070 : 1;
16071 : 0;
16072 : 0;
16073 : 1;
16074 : 0;
16075 : 1;
16076 : 0;
16077 : 0;
16078 : 1;
16079 : 1;
16080 : 0;
16081 : 1;
16082 : 1;
16083 : 1;
16084 : 1;
16085 : 0;
16086 : 1;
16087 : 0;
16088 : 1;
16089 : 1;
16090 : 0;
16091 : 1;
16092 : 1;
16093 : 1;
16094 : 0;
16095 : 0;
16096 : 1;
16097 : 0;
16098 : 1;
16099 : 1;
16100 : 0;
16101 : 0;
16102 : 1;
16103 : 0;
16104 : 1;
16105 : 0;
16106 : 0;
16107 : 0;
16108 : 1;
16109 : 1;
16110 : 1;
16111 : 0;
16112 : 1;
16113 : 1;
16114 : 0;
16115 : 1;
16116 : 1;
16117 : 1;
16118 : 0;
16119 : 1;
16120 : 1;
16121 : 1;
16122 : 0;
16123 : 0;
16124 : 1;
16125 : 1;
16126 : 1;
16127 : 1;
16128 : 1;
16129 : 0;
16130 : 1;
16131 : 1;
16132 : 1;
16133 : 0;
16134 : 0;
16135 : 1;
16136 : 0;
16137 : 0;
16138 : 0;
16139 : 1;
16140 : 1;
16141 : 0;
16142 : 0;
16143 : 1;
16144 : 1;
16145 : 1;
16146 : 0;
16147 : 1;
16148 : 1;
16149 : 0;
16150 : 0;
16151 : 1;
16152 : 1;
16153 : 0;
16154 : 1;
16155 : 0;
16156 : 1;
16157 : 0;
16158 : 0;
16159 : 0;
16160 : 1;
16161 : 1;
16162 : 1;
16163 : 0;
16164 : 1;
16165 : 0;
16166 : 0;
16167 : 1;
16168 : 1;
16169 : 0;
16170 : 1;
16171 : 1;
16172 : 1;
16173 : 0;
16174 : 1;
16175 : 0;
16176 : 1;
16177 : 0;
16178 : 1;
16179 : 1;
16180 : 0;
16181 : 1;
16182 : 0;
16183 : 1;
16184 : 0;
16185 : 1;
16186 : 1;
16187 : 0;
16188 : 1;
16189 : 0;
16190 : 1;
16191 : 0;
16192 : 1;
16193 : 1;
16194 : 0;
16195 : 0;
16196 : 0;
16197 : 1;
16198 : 0;
16199 : 1;
16200 : 0;
16201 : 0;
16202 : 1;
16203 : 1;
16204 : 0;
16205 : 0;
16206 : 1;
16207 : 1;
16208 : 0;
16209 : 1;
16210 : 0;
16211 : 1;
16212 : 1;
16213 : 0;
16214 : 0;
16215 : 1;
16216 : 0;
16217 : 0;
16218 : 1;
16219 : 1;
16220 : 1;
16221 : 1;
16222 : 1;
16223 : 0;
16224 : 1;
16225 : 0;
16226 : 0;
16227 : 1;
16228 : 1;
16229 : 0;
16230 : 1;
16231 : 0;
16232 : 1;
16233 : 1;
16234 : 1;
16235 : 0;
16236 : 0;
16237 : 0;
16238 : 1;
16239 : 1;
16240 : 0;
16241 : 1;
16242 : 1;
16243 : 1;
16244 : 1;
16245 : 1;
16246 : 0;
16247 : 1;
16248 : 0;
16249 : 0;
16250 : 0;
16251 : 1;
16252 : 0;
16253 : 1;
16254 : 1;
16255 : 0;
16256 : 0;
16257 : 1;
16258 : 1;
16259 : 0;
16260 : 0;
16261 : 1;
16262 : 0;
16263 : 0;
16264 : 1;
16265 : 0;
16266 : 0;
16267 : 0;
16268 : 1;
16269 : 1;
16270 : 1;
16271 : 1;
16272 : 1;
16273 : 1;
16274 : 0;
16275 : 0;
16276 : 0;
16277 : 1;
16278 : 1;
16279 : 0;
16280 : 1;
16281 : 1;
16282 : 0;
16283 : 0;
16284 : 1;
16285 : 1;
16286 : 1;
16287 : 0;
16288 : 1;
16289 : 1;
16290 : 1;
16291 : 0;
16292 : 1;
16293 : 0;
16294 : 0;
16295 : 1;
16296 : 1;
16297 : 1;
16298 : 0;
16299 : 0;
16300 : 0;
16301 : 0;
16302 : 1;
16303 : 0;
16304 : 0;
16305 : 0;
16306 : 0;
16307 : 0;
16308 : 1;
16309 : 0;
16310 : 0;
16311 : 0;
16312 : 0;
16313 : 0;
16314 : 0;
16315 : 1;
16316 : 1;
16317 : 0;
16318 : 0;
16319 : 1;
16320 : 0;
16321 : 1;
16322 : 1;
16323 : 0;
16324 : 0;
16325 : 0;
16326 : 1;
16327 : 0;
16328 : 0;
16329 : 1;
16330 : 0;
16331 : 1;
16332 : 0;
16333 : 1;
16334 : 0;
16335 : 0;
16336 : 0;
16337 : 0;
16338 : 1;
16339 : 1;
16340 : 0;
16341 : 0;
16342 : 1;
16343 : 1;
16344 : 0;
16345 : 1;
16346 : 0;
16347 : 1;
16348 : 0;
16349 : 1;
16350 : 0;
16351 : 0;
16352 : 0;
16353 : 1;
16354 : 1;
16355 : 1;
16356 : 1;
16357 : 0;
16358 : 0;
16359 : 1;
16360 : 1;
16361 : 0;
16362 : 0;
16363 : 0;
16364 : 0;
16365 : 1;
16366 : 0;
16367 : 1;
16368 : 0;
16369 : 1;
16370 : 1;
16371 : 0;
16372 : 1;
16373 : 0;
16374 : 1;
16375 : 1;
16376 : 0;
16377 : 0;
16378 : 0;
16379 : 1;
16380 : 0;
16381 : 1;
16382 : 1;
16383 : 0;
16384 : 1;
16385 : 0;
16386 : 0;
16387 : 1;
16388 : 1;
16389 : 0;
16390 : 1;
16391 : 1;
16392 : 1;
16393 : 0;
16394 : 0;
16395 : 0;
16396 : 0;
16397 : 0;
16398 : 0;
16399 : 0;
16400 : 0;
16401 : 1;
16402 : 0;
16403 : 0;
16404 : 0;
16405 : 1;
16406 : 0;
16407 : 0;
16408 : 1;
16409 : 1;
16410 : 1;
16411 : 1;
16412 : 1;
16413 : 1;
16414 : 0;
16415 : 0;
16416 : 1;
16417 : 1;
16418 : 1;
16419 : 0;
16420 : 0;
16421 : 1;
16422 : 0;
16423 : 0;
16424 : 0;
16425 : 1;
16426 : 0;
16427 : 1;
16428 : 1;
16429 : 1;
16430 : 1;
16431 : 0;
16432 : 0;
16433 : 0;
16434 : 1;
16435 : 0;
16436 : 0;
16437 : 0;
16438 : 1;
16439 : 1;
16440 : 1;
16441 : 0;
16442 : 0;
16443 : 1;
16444 : 1;
16445 : 0;
16446 : 1;
16447 : 0;
16448 : 0;
16449 : 0;
16450 : 1;
16451 : 1;
16452 : 1;
16453 : 0;
16454 : 1;
16455 : 1;
16456 : 0;
16457 : 1;
16458 : 0;
16459 : 0;
16460 : 0;
16461 : 0;
16462 : 0;
16463 : 0;
16464 : 0;
16465 : 1;
16466 : 1;
16467 : 0;
16468 : 0;
16469 : 0;
16470 : 1;
16471 : 0;
16472 : 1;
16473 : 0;
16474 : 0;
16475 : 1;
16476 : 0;
16477 : 0;
16478 : 1;
16479 : 0;
16480 : 1;
16481 : 0;
16482 : 0;
16483 : 0;
16484 : 0;
16485 : 1;
16486 : 0;
16487 : 1;
16488 : 1;
16489 : 1;
16490 : 0;
16491 : 0;
16492 : 0;
16493 : 1;
16494 : 1;
16495 : 1;
16496 : 1;
16497 : 1;
16498 : 1;
16499 : 0;
16500 : 0;
16501 : 1;
16502 : 0;
16503 : 1;
16504 : 0;
16505 : 0;
16506 : 1;
16507 : 0;
16508 : 1;
16509 : 0;
16510 : 0;
16511 : 0;
16512 : 0;
16513 : 1;
16514 : 0;
16515 : 0;
16516 : 0;
16517 : 0;
16518 : 0;
16519 : 1;
16520 : 1;
16521 : 0;
16522 : 1;
16523 : 1;
16524 : 1;
16525 : 1;
16526 : 1;
16527 : 0;
16528 : 0;
16529 : 0;
16530 : 1;
16531 : 0;
16532 : 1;
16533 : 1;
16534 : 1;
16535 : 0;
16536 : 1;
16537 : 1;
16538 : 0;
16539 : 1;
16540 : 0;
16541 : 1;
16542 : 0;
16543 : 1;
16544 : 0;
16545 : 1;
16546 : 1;
16547 : 1;
16548 : 1;
16549 : 0;
16550 : 0;
16551 : 0;
16552 : 0;
16553 : 1;
16554 : 0;
16555 : 1;
16556 : 0;
16557 : 1;
16558 : 1;
16559 : 1;
16560 : 1;
16561 : 1;
16562 : 0;
16563 : 0;
16564 : 1;
16565 : 1;
16566 : 1;
16567 : 0;
16568 : 0;
16569 : 0;
16570 : 0;
16571 : 0;
16572 : 1;
16573 : 0;
16574 : 0;
16575 : 0;
16576 : 0;
16577 : 0;
16578 : 1;
16579 : 1;
16580 : 1;
16581 : 1;
16582 : 1;
16583 : 1;
16584 : 1;
16585 : 0;
16586 : 0;
16587 : 0;
16588 : 1;
16589 : 1;
16590 : 0;
16591 : 0;
16592 : 1;
16593 : 0;
16594 : 0;
16595 : 0;
16596 : 1;
16597 : 1;
16598 : 1;
16599 : 0;
16600 : 1;
16601 : 0;
16602 : 1;
16603 : 0;
16604 : 0;
16605 : 1;
16606 : 0;
16607 : 1;
16608 : 1;
16609 : 1;
16610 : 0;
16611 : 1;
16612 : 1;
16613 : 1;
16614 : 0;
16615 : 0;
16616 : 1;
16617 : 0;
16618 : 0;
16619 : 1;
16620 : 0;
16621 : 1;
16622 : 0;
16623 : 0;
16624 : 1;
16625 : 1;
16626 : 0;
16627 : 1;
16628 : 1;
16629 : 0;
16630 : 1;
16631 : 1;
16632 : 1;
16633 : 0;
16634 : 0;
16635 : 1;
16636 : 0;
16637 : 0;
16638 : 1;
16639 : 0;
16640 : 1;
16641 : 1;
16642 : 1;
16643 : 1;
16644 : 0;
16645 : 0;
16646 : 0;
16647 : 0;
16648 : 1;
16649 : 0;
16650 : 1;
16651 : 1;
16652 : 1;
16653 : 0;
16654 : 0;
16655 : 0;
16656 : 0;
16657 : 1;
16658 : 0;
16659 : 0;
16660 : 0;
16661 : 0;
16662 : 0;
16663 : 0;
16664 : 1;
16665 : 1;
16666 : 1;
16667 : 1;
16668 : 1;
16669 : 0;
16670 : 1;
16671 : 1;
16672 : 0;
16673 : 0;
16674 : 1;
16675 : 0;
16676 : 1;
16677 : 0;
16678 : 1;
16679 : 1;
16680 : 0;
16681 : 0;
16682 : 0;
16683 : 0;
16684 : 0;
16685 : 0;
16686 : 1;
16687 : 1;
16688 : 1;
16689 : 0;
16690 : 1;
16691 : 0;
16692 : 0;
16693 : 0;
16694 : 0;
16695 : 0;
16696 : 1;
16697 : 1;
16698 : 1;
16699 : 1;
16700 : 1;
16701 : 1;
16702 : 1;
16703 : 1;
16704 : 1;
16705 : 1;
16706 : 1;
16707 : 0;
16708 : 0;
16709 : 0;
16710 : 0;
16711 : 1;
16712 : 1;
16713 : 0;
16714 : 1;
16715 : 0;
16716 : 1;
16717 : 0;
16718 : 1;
16719 : 0;
16720 : 0;
16721 : 1;
16722 : 0;
16723 : 0;
16724 : 0;
16725 : 1;
16726 : 1;
16727 : 1;
16728 : 0;
16729 : 0;
16730 : 0;
16731 : 1;
16732 : 1;
16733 : 1;
16734 : 1;
16735 : 1;
16736 : 1;
16737 : 1;
16738 : 0;
16739 : 0;
16740 : 1;
16741 : 0;
16742 : 1;
16743 : 0;
16744 : 1;
16745 : 0;
16746 : 0;
16747 : 0;
16748 : 1;
16749 : 1;
16750 : 1;
16751 : 0;
16752 : 0;
16753 : 0;
16754 : 0;
16755 : 1;
16756 : 0;
16757 : 1;
16758 : 1;
16759 : 1;
16760 : 0;
16761 : 1;
16762 : 1;
16763 : 0;
16764 : 0;
16765 : 0;
16766 : 1;
16767 : 0;
16768 : 1;
16769 : 0;
16770 : 0;
16771 : 0;
16772 : 1;
16773 : 0;
16774 : 0;
16775 : 1;
16776 : 1;
16777 : 1;
16778 : 0;
16779 : 0;
16780 : 0;
16781 : 1;
16782 : 1;
16783 : 1;
16784 : 0;
16785 : 1;
16786 : 0;
16787 : 0;
16788 : 0;
16789 : 1;
16790 : 1;
16791 : 0;
16792 : 0;
16793 : 0;
16794 : 0;
16795 : 0;
16796 : 1;
16797 : 1;
16798 : 1;
16799 : 1;
16800 : 0;
16801 : 1;
16802 : 1;
16803 : 0;
16804 : 0;
16805 : 1;
16806 : 1;
16807 : 1;
16808 : 0;
16809 : 1;
16810 : 0;
16811 : 0;
16812 : 1;
16813 : 1;
16814 : 1;
16815 : 1;
16816 : 1;
16817 : 0;
16818 : 0;
16819 : 1;
16820 : 1;
16821 : 0;
16822 : 0;
16823 : 0;
16824 : 1;
16825 : 0;
16826 : 0;
16827 : 0;
16828 : 1;
16829 : 1;
16830 : 0;
16831 : 1;
16832 : 1;
16833 : 1;
16834 : 1;
16835 : 1;
16836 : 1;
16837 : 0;
16838 : 0;
16839 : 1;
16840 : 1;
16841 : 1;
16842 : 0;
16843 : 0;
16844 : 1;
16845 : 1;
16846 : 0;
16847 : 0;
16848 : 0;
16849 : 1;
16850 : 1;
16851 : 0;
16852 : 1;
16853 : 0;
16854 : 1;
16855 : 1;
16856 : 0;
16857 : 1;
16858 : 1;
16859 : 1;
16860 : 1;
16861 : 0;
16862 : 0;
16863 : 1;
16864 : 1;
16865 : 0;
16866 : 0;
16867 : 0;
16868 : 0;
16869 : 0;
16870 : 0;
16871 : 0;
16872 : 1;
16873 : 1;
16874 : 1;
16875 : 1;
16876 : 0;
16877 : 1;
16878 : 0;
16879 : 1;
16880 : 0;
16881 : 1;
16882 : 0;
16883 : 1;
16884 : 1;
16885 : 1;
16886 : 1;
16887 : 0;
16888 : 0;
16889 : 1;
16890 : 0;
16891 : 0;
16892 : 1;
16893 : 1;
16894 : 0;
16895 : 1;
16896 : 0;
16897 : 1;
16898 : 0;
16899 : 0;
16900 : 1;
16901 : 0;
16902 : 1;
16903 : 1;
16904 : 1;
16905 : 0;
16906 : 1;
16907 : 0;
16908 : 0;
16909 : 1;
16910 : 0;
16911 : 1;
16912 : 1;
16913 : 1;
16914 : 1;
16915 : 0;
16916 : 0;
16917 : 0;
16918 : 1;
16919 : 0;
16920 : 0;
16921 : 1;
16922 : 0;
16923 : 1;
16924 : 1;
16925 : 0;
16926 : 0;
16927 : 0;
16928 : 1;
16929 : 0;
16930 : 0;
16931 : 0;
16932 : 1;
16933 : 1;
16934 : 0;
16935 : 0;
16936 : 0;
16937 : 1;
16938 : 0;
16939 : 0;
16940 : 1;
16941 : 1;
16942 : 0;
16943 : 0;
16944 : 1;
16945 : 0;
16946 : 1;
16947 : 1;
16948 : 1;
16949 : 0;
16950 : 0;
16951 : 0;
16952 : 1;
16953 : 1;
16954 : 0;
16955 : 0;
16956 : 1;
16957 : 0;
16958 : 0;
16959 : 1;
16960 : 0;
16961 : 0;
16962 : 0;
16963 : 1;
16964 : 0;
16965 : 1;
16966 : 1;
16967 : 1;
16968 : 0;
16969 : 0;
16970 : 1;
16971 : 0;
16972 : 1;
16973 : 0;
16974 : 0;
16975 : 0;
16976 : 0;
16977 : 1;
16978 : 1;
16979 : 1;
16980 : 0;
16981 : 0;
16982 : 1;
16983 : 1;
16984 : 0;
16985 : 1;
16986 : 0;
16987 : 0;
16988 : 0;
16989 : 0;
16990 : 1;
16991 : 0;
16992 : 0;
16993 : 1;
16994 : 0;
16995 : 0;
16996 : 1;
16997 : 1;
16998 : 0;
16999 : 1;
17000 : 1;
17001 : 1;
17002 : 0;
17003 : 1;
17004 : 0;
17005 : 0;
17006 : 0;
17007 : 0;
17008 : 0;
17009 : 1;
17010 : 0;
17011 : 0;
17012 : 1;
17013 : 0;
17014 : 0;
17015 : 1;
17016 : 1;
17017 : 0;
17018 : 1;
17019 : 0;
17020 : 0;
17021 : 1;
17022 : 1;
17023 : 1;
17024 : 0;
17025 : 0;
17026 : 1;
17027 : 1;
17028 : 0;
17029 : 0;
17030 : 0;
17031 : 0;
17032 : 0;
17033 : 0;
17034 : 1;
17035 : 1;
17036 : 1;
17037 : 0;
17038 : 0;
17039 : 1;
17040 : 1;
17041 : 1;
17042 : 1;
17043 : 0;
17044 : 0;
17045 : 0;
17046 : 0;
17047 : 0;
17048 : 1;
17049 : 1;
17050 : 0;
17051 : 1;
17052 : 1;
17053 : 1;
17054 : 1;
17055 : 0;
17056 : 1;
17057 : 0;
17058 : 1;
17059 : 0;
17060 : 0;
17061 : 0;
17062 : 1;
17063 : 0;
17064 : 0;
17065 : 0;
17066 : 0;
17067 : 1;
17068 : 1;
17069 : 1;
17070 : 1;
17071 : 0;
17072 : 0;
17073 : 0;
17074 : 0;
17075 : 1;
17076 : 1;
17077 : 1;
17078 : 1;
17079 : 0;
17080 : 0;
17081 : 1;
17082 : 0;
17083 : 0;
17084 : 0;
17085 : 1;
17086 : 0;
17087 : 1;
17088 : 0;
17089 : 1;
17090 : 0;
17091 : 0;
17092 : 1;
17093 : 1;
17094 : 1;
17095 : 1;
17096 : 1;
17097 : 0;
17098 : 0;
17099 : 0;
17100 : 0;
17101 : 0;
17102 : 1;
17103 : 0;
17104 : 0;
17105 : 0;
17106 : 0;
17107 : 0;
17108 : 0;
17109 : 0;
17110 : 1;
17111 : 1;
17112 : 1;
17113 : 1;
17114 : 0;
17115 : 0;
17116 : 0;
17117 : 1;
17118 : 1;
17119 : 0;
17120 : 1;
17121 : 1;
17122 : 0;
17123 : 1;
17124 : 1;
17125 : 1;
17126 : 0;
17127 : 0;
17128 : 1;
17129 : 0;
17130 : 1;
17131 : 1;
17132 : 1;
17133 : 1;
17134 : 1;
17135 : 0;
17136 : 1;
17137 : 0;
17138 : 1;
17139 : 0;
17140 : 1;
17141 : 0;
17142 : 1;
17143 : 1;
17144 : 0;
17145 : 0;
17146 : 1;
17147 : 0;
17148 : 0;
17149 : 0;
17150 : 1;
17151 : 0;
17152 : 1;
17153 : 1;
17154 : 0;
17155 : 1;
17156 : 1;
17157 : 0;
17158 : 0;
17159 : 0;
17160 : 0;
17161 : 1;
17162 : 1;
17163 : 0;
17164 : 0;
17165 : 1;
17166 : 0;
17167 : 1;
17168 : 0;
17169 : 0;
17170 : 0;
17171 : 1;
17172 : 1;
17173 : 1;
17174 : 1;
17175 : 0;
17176 : 0;
17177 : 0;
17178 : 1;
17179 : 1;
17180 : 0;
17181 : 1;
17182 : 1;
17183 : 1;
17184 : 0;
17185 : 0;
17186 : 1;
17187 : 0;
17188 : 1;
17189 : 0;
17190 : 0;
17191 : 1;
17192 : 0;
17193 : 1;
17194 : 0;
17195 : 0;
17196 : 1;
17197 : 0;
17198 : 1;
17199 : 1;
17200 : 1;
17201 : 0;
17202 : 1;
17203 : 0;
17204 : 0;
17205 : 0;
17206 : 1;
17207 : 1;
17208 : 1;
17209 : 0;
17210 : 0;
17211 : 0;
17212 : 1;
17213 : 1;
17214 : 0;
17215 : 0;
17216 : 0;
17217 : 0;
17218 : 0;
17219 : 1;
17220 : 1;
17221 : 1;
17222 : 1;
17223 : 1;
17224 : 1;
17225 : 0;
17226 : 1;
17227 : 0;
17228 : 1;
17229 : 1;
17230 : 0;
17231 : 0;
17232 : 0;
17233 : 1;
17234 : 1;
17235 : 1;
17236 : 1;
17237 : 1;
17238 : 1;
17239 : 1;
17240 : 1;
17241 : 0;
17242 : 1;
17243 : 0;
17244 : 1;
17245 : 1;
17246 : 1;
17247 : 0;
17248 : 1;
17249 : 0;
17250 : 1;
17251 : 0;
17252 : 1;
17253 : 1;
17254 : 0;
17255 : 1;
17256 : 0;
17257 : 0;
17258 : 0;
17259 : 1;
17260 : 1;
17261 : 1;
17262 : 0;
17263 : 1;
17264 : 0;
17265 : 0;
17266 : 1;
17267 : 0;
17268 : 0;
17269 : 1;
17270 : 1;
17271 : 1;
17272 : 0;
17273 : 1;
17274 : 0;
17275 : 0;
17276 : 0;
17277 : 0;
17278 : 0;
17279 : 1;
17280 : 1;
17281 : 1;
17282 : 0;
17283 : 0;
17284 : 1;
17285 : 1;
17286 : 0;
17287 : 0;
17288 : 1;
17289 : 0;
17290 : 1;
17291 : 1;
17292 : 0;
17293 : 0;
17294 : 0;
17295 : 1;
17296 : 0;
17297 : 1;
17298 : 1;
17299 : 0;
17300 : 1;
17301 : 1;
17302 : 0;
17303 : 1;
17304 : 1;
17305 : 0;
17306 : 0;
17307 : 0;
17308 : 1;
17309 : 1;
17310 : 1;
17311 : 1;
17312 : 1;
17313 : 0;
17314 : 1;
17315 : 0;
17316 : 0;
17317 : 1;
17318 : 1;
17319 : 1;
17320 : 0;
17321 : 0;
17322 : 1;
17323 : 0;
17324 : 0;
17325 : 1;
17326 : 1;
17327 : 0;
17328 : 0;
17329 : 0;
17330 : 1;
17331 : 1;
17332 : 1;
17333 : 1;
17334 : 0;
17335 : 0;
17336 : 0;
17337 : 1;
17338 : 1;
17339 : 1;
17340 : 1;
17341 : 1;
17342 : 1;
17343 : 0;
17344 : 1;
17345 : 0;
17346 : 1;
17347 : 1;
17348 : 1;
17349 : 1;
17350 : 0;
17351 : 0;
17352 : 1;
17353 : 0;
17354 : 0;
17355 : 0;
17356 : 0;
17357 : 1;
17358 : 1;
17359 : 1;
17360 : 1;
17361 : 1;
17362 : 1;
17363 : 1;
17364 : 1;
17365 : 0;
17366 : 0;
17367 : 1;
17368 : 0;
17369 : 1;
17370 : 1;
17371 : 0;
17372 : 1;
17373 : 0;
17374 : 0;
17375 : 1;
17376 : 1;
17377 : 1;
17378 : 1;
17379 : 1;
17380 : 0;
17381 : 0;
17382 : 0;
17383 : 0;
17384 : 1;
17385 : 1;
17386 : 1;
17387 : 1;
17388 : 1;
17389 : 1;
17390 : 1;
17391 : 0;
17392 : 1;
17393 : 0;
17394 : 0;
17395 : 1;
17396 : 1;
17397 : 1;
17398 : 1;
17399 : 1;
17400 : 1;
17401 : 0;
17402 : 0;
17403 : 0;
17404 : 0;
17405 : 0;
17406 : 0;
17407 : 0;
17408 : 1;
17409 : 1;
17410 : 0;
17411 : 0;
17412 : 1;
17413 : 1;
17414 : 0;
17415 : 1;
17416 : 1;
17417 : 1;
17418 : 1;
17419 : 0;
17420 : 0;
17421 : 1;
17422 : 0;
17423 : 0;
17424 : 1;
17425 : 0;
17426 : 1;
17427 : 1;
17428 : 1;
17429 : 0;
17430 : 0;
17431 : 0;
17432 : 0;
17433 : 0;
17434 : 0;
17435 : 1;
17436 : 0;
17437 : 1;
17438 : 0;
17439 : 1;
17440 : 1;
17441 : 0;
17442 : 0;
17443 : 1;
17444 : 0;
17445 : 1;
17446 : 0;
17447 : 0;
17448 : 0;
17449 : 0;
17450 : 0;
17451 : 1;
17452 : 0;
17453 : 0;
17454 : 0;
17455 : 1;
17456 : 0;
17457 : 1;
17458 : 0;
17459 : 1;
17460 : 0;
17461 : 1;
17462 : 1;
17463 : 0;
17464 : 1;
17465 : 0;
17466 : 1;
17467 : 1;
17468 : 0;
17469 : 0;
17470 : 1;
17471 : 1;
17472 : 0;
17473 : 0;
17474 : 0;
17475 : 0;
17476 : 0;
17477 : 0;
17478 : 0;
17479 : 1;
17480 : 1;
17481 : 0;
17482 : 1;
17483 : 0;
17484 : 0;
17485 : 1;
17486 : 1;
17487 : 1;
17488 : 1;
17489 : 1;
17490 : 0;
17491 : 0;
17492 : 1;
17493 : 1;
17494 : 1;
17495 : 1;
17496 : 0;
17497 : 1;
17498 : 1;
17499 : 1;
17500 : 0;
17501 : 0;
17502 : 0;
17503 : 1;
17504 : 1;
17505 : 1;
17506 : 0;
17507 : 1;
17508 : 1;
17509 : 1;
17510 : 1;
17511 : 1;
17512 : 0;
17513 : 1;
17514 : 1;
17515 : 1;
17516 : 0;
17517 : 1;
17518 : 1;
17519 : 0;
17520 : 0;
17521 : 0;
17522 : 1;
17523 : 0;
17524 : 1;
17525 : 1;
17526 : 0;
17527 : 0;
17528 : 0;
17529 : 0;
17530 : 1;
17531 : 1;
17532 : 0;
17533 : 1;
17534 : 1;
17535 : 1;
17536 : 1;
17537 : 1;
17538 : 1;
17539 : 1;
17540 : 0;
17541 : 0;
17542 : 1;
17543 : 0;
17544 : 0;
17545 : 1;
17546 : 1;
17547 : 1;
17548 : 1;
17549 : 1;
17550 : 1;
17551 : 1;
17552 : 1;
17553 : 0;
17554 : 1;
17555 : 0;
17556 : 1;
17557 : 0;
17558 : 0;
17559 : 0;
17560 : 1;
17561 : 0;
17562 : 1;
17563 : 1;
17564 : 1;
17565 : 1;
17566 : 1;
17567 : 1;
17568 : 1;
17569 : 1;
17570 : 1;
17571 : 0;
17572 : 0;
17573 : 0;
17574 : 1;
17575 : 0;
17576 : 1;
17577 : 0;
17578 : 1;
17579 : 0;
17580 : 1;
17581 : 1;
17582 : 0;
17583 : 0;
17584 : 1;
17585 : 0;
17586 : 1;
17587 : 0;
17588 : 1;
17589 : 1;
17590 : 1;
17591 : 1;
17592 : 1;
17593 : 1;
17594 : 0;
17595 : 0;
17596 : 1;
17597 : 1;
17598 : 1;
17599 : 1;
17600 : 0;
17601 : 1;
17602 : 0;
17603 : 0;
17604 : 0;
17605 : 1;
17606 : 1;
17607 : 0;
17608 : 0;
17609 : 0;
17610 : 1;
17611 : 0;
17612 : 1;
17613 : 1;
17614 : 0;
17615 : 1;
17616 : 0;
17617 : 1;
17618 : 0;
17619 : 1;
17620 : 1;
17621 : 1;
17622 : 1;
17623 : 0;
17624 : 1;
17625 : 0;
17626 : 1;
17627 : 0;
17628 : 1;
17629 : 0;
17630 : 1;
17631 : 1;
17632 : 1;
17633 : 0;
17634 : 1;
17635 : 1;
17636 : 1;
17637 : 0;
17638 : 1;
17639 : 0;
17640 : 1;
17641 : 0;
17642 : 0;
17643 : 0;
17644 : 0;
17645 : 1;
17646 : 1;
17647 : 0;
17648 : 1;
17649 : 1;
17650 : 0;
17651 : 0;
17652 : 1;
17653 : 0;
17654 : 1;
17655 : 0;
17656 : 0;
17657 : 0;
17658 : 0;
17659 : 1;
17660 : 1;
17661 : 0;
17662 : 1;
17663 : 0;
17664 : 1;
17665 : 1;
17666 : 1;
17667 : 1;
17668 : 1;
17669 : 1;
17670 : 0;
17671 : 0;
17672 : 0;
17673 : 0;
17674 : 1;
17675 : 1;
17676 : 0;
17677 : 0;
17678 : 0;
17679 : 0;
17680 : 1;
17681 : 0;
17682 : 1;
17683 : 0;
17684 : 1;
17685 : 0;
17686 : 1;
17687 : 0;
17688 : 0;
17689 : 0;
17690 : 0;
17691 : 1;
17692 : 0;
17693 : 0;
17694 : 1;
17695 : 0;
17696 : 1;
17697 : 1;
17698 : 1;
17699 : 0;
17700 : 0;
17701 : 0;
17702 : 0;
17703 : 0;
17704 : 1;
17705 : 1;
17706 : 1;
17707 : 1;
17708 : 0;
17709 : 0;
17710 : 1;
17711 : 0;
17712 : 1;
17713 : 1;
17714 : 1;
17715 : 0;
17716 : 1;
17717 : 0;
17718 : 1;
17719 : 1;
17720 : 1;
17721 : 1;
17722 : 0;
17723 : 0;
17724 : 0;
17725 : 1;
17726 : 1;
17727 : 0;
17728 : 0;
17729 : 0;
17730 : 1;
17731 : 0;
17732 : 0;
17733 : 1;
17734 : 0;
17735 : 0;
17736 : 0;
17737 : 0;
17738 : 1;
17739 : 1;
17740 : 1;
17741 : 1;
17742 : 0;
17743 : 1;
17744 : 0;
17745 : 0;
17746 : 0;
17747 : 1;
17748 : 1;
17749 : 1;
17750 : 1;
17751 : 0;
17752 : 0;
17753 : 0;
17754 : 1;
17755 : 1;
17756 : 0;
17757 : 1;
17758 : 1;
17759 : 1;
17760 : 1;
17761 : 0;
17762 : 0;
17763 : 0;
17764 : 0;
17765 : 1;
17766 : 1;
17767 : 1;
17768 : 0;
17769 : 0;
17770 : 0;
17771 : 1;
17772 : 0;
17773 : 1;
17774 : 0;
17775 : 1;
17776 : 1;
17777 : 1;
17778 : 0;
17779 : 0;
17780 : 0;
17781 : 1;
17782 : 1;
17783 : 0;
17784 : 1;
17785 : 0;
17786 : 1;
17787 : 0;
17788 : 0;
17789 : 0;
17790 : 0;
17791 : 0;
17792 : 0;
17793 : 0;
17794 : 1;
17795 : 0;
17796 : 1;
17797 : 1;
17798 : 0;
17799 : 1;
17800 : 1;
17801 : 0;
17802 : 0;
17803 : 1;
17804 : 0;
17805 : 1;
17806 : 1;
17807 : 1;
17808 : 0;
17809 : 1;
17810 : 1;
17811 : 0;
17812 : 0;
17813 : 1;
17814 : 1;
17815 : 0;
17816 : 1;
17817 : 0;
17818 : 0;
17819 : 0;
17820 : 0;
17821 : 1;
17822 : 1;
17823 : 0;
17824 : 1;
17825 : 1;
17826 : 1;
17827 : 1;
17828 : 1;
17829 : 0;
17830 : 1;
17831 : 0;
17832 : 1;
17833 : 1;
17834 : 0;
17835 : 1;
17836 : 1;
17837 : 0;
17838 : 1;
17839 : 0;
17840 : 0;
17841 : 0;
17842 : 1;
17843 : 0;
17844 : 1;
17845 : 1;
17846 : 1;
17847 : 1;
17848 : 0;
17849 : 1;
17850 : 0;
17851 : 1;
17852 : 1;
17853 : 1;
17854 : 0;
17855 : 1;
17856 : 0;
17857 : 1;
17858 : 0;
17859 : 0;
17860 : 1;
17861 : 1;
17862 : 0;
17863 : 0;
17864 : 0;
17865 : 0;
17866 : 0;
17867 : 1;
17868 : 0;
17869 : 1;
17870 : 0;
17871 : 0;
17872 : 0;
17873 : 1;
17874 : 0;
17875 : 0;
17876 : 0;
17877 : 1;
17878 : 1;
17879 : 1;
17880 : 0;
17881 : 1;
17882 : 1;
17883 : 1;
17884 : 1;
17885 : 0;
17886 : 0;
17887 : 0;
17888 : 1;
17889 : 1;
17890 : 1;
17891 : 1;
17892 : 0;
17893 : 1;
17894 : 1;
17895 : 1;
17896 : 1;
17897 : 0;
17898 : 0;
17899 : 0;
17900 : 1;
17901 : 0;
17902 : 0;
17903 : 1;
17904 : 0;
17905 : 0;
17906 : 1;
17907 : 0;
17908 : 0;
17909 : 0;
17910 : 1;
17911 : 0;
17912 : 0;
17913 : 1;
17914 : 1;
17915 : 0;
17916 : 1;
17917 : 1;
17918 : 0;
17919 : 0;
17920 : 1;
17921 : 0;
17922 : 1;
17923 : 1;
17924 : 0;
17925 : 1;
17926 : 0;
17927 : 1;
17928 : 0;
17929 : 1;
17930 : 0;
17931 : 0;
17932 : 0;
17933 : 1;
17934 : 0;
17935 : 0;
17936 : 0;
17937 : 0;
17938 : 0;
17939 : 0;
17940 : 1;
17941 : 0;
17942 : 1;
17943 : 1;
17944 : 1;
17945 : 1;
17946 : 0;
17947 : 0;
17948 : 1;
17949 : 1;
17950 : 1;
17951 : 0;
17952 : 1;
17953 : 0;
17954 : 1;
17955 : 0;
17956 : 0;
17957 : 0;
17958 : 1;
17959 : 0;
17960 : 0;
17961 : 0;
17962 : 0;
17963 : 1;
17964 : 1;
17965 : 0;
17966 : 0;
17967 : 0;
17968 : 1;
17969 : 0;
17970 : 0;
17971 : 0;
17972 : 1;
17973 : 0;
17974 : 0;
17975 : 1;
17976 : 0;
17977 : 1;
17978 : 1;
17979 : 1;
17980 : 0;
17981 : 0;
17982 : 1;
17983 : 1;
17984 : 0;
17985 : 0;
17986 : 1;
17987 : 1;
17988 : 1;
17989 : 0;
17990 : 0;
17991 : 0;
17992 : 0;
17993 : 0;
17994 : 0;
17995 : 0;
17996 : 1;
17997 : 0;
17998 : 1;
17999 : 1;
18000 : 0;
18001 : 0;
18002 : 1;
18003 : 1;
18004 : 1;
18005 : 1;
18006 : 1;
18007 : 0;
18008 : 1;
18009 : 0;
18010 : 0;
18011 : 0;
18012 : 0;
18013 : 1;
18014 : 0;
18015 : 0;
18016 : 0;
18017 : 1;
18018 : 0;
18019 : 0;
18020 : 0;
18021 : 0;
18022 : 1;
18023 : 1;
18024 : 0;
18025 : 0;
18026 : 0;
18027 : 0;
18028 : 1;
18029 : 1;
18030 : 0;
18031 : 1;
18032 : 1;
18033 : 1;
18034 : 1;
18035 : 0;
18036 : 0;
18037 : 1;
18038 : 0;
18039 : 1;
18040 : 1;
18041 : 0;
18042 : 0;
18043 : 0;
18044 : 1;
18045 : 0;
18046 : 0;
18047 : 0;
18048 : 1;
18049 : 0;
18050 : 1;
18051 : 0;
18052 : 1;
18053 : 0;
18054 : 0;
18055 : 0;
18056 : 1;
18057 : 1;
18058 : 0;
18059 : 0;
18060 : 1;
18061 : 0;
18062 : 1;
18063 : 0;
18064 : 0;
18065 : 0;
18066 : 0;
18067 : 1;
18068 : 1;
18069 : 0;
18070 : 0;
18071 : 0;
18072 : 1;
18073 : 1;
18074 : 0;
18075 : 0;
18076 : 0;
18077 : 0;
18078 : 0;
18079 : 0;
18080 : 1;
18081 : 0;
18082 : 0;
18083 : 0;
18084 : 0;
18085 : 0;
18086 : 0;
18087 : 0;
18088 : 1;
18089 : 1;
18090 : 0;
18091 : 0;
18092 : 0;
18093 : 0;
18094 : 1;
18095 : 0;
18096 : 1;
18097 : 1;
18098 : 0;
18099 : 0;
18100 : 0;
18101 : 1;
18102 : 0;
18103 : 1;
18104 : 0;
18105 : 0;
18106 : 0;
18107 : 1;
18108 : 0;
18109 : 1;
18110 : 1;
18111 : 0;
18112 : 1;
18113 : 0;
18114 : 1;
18115 : 0;
18116 : 1;
18117 : 0;
18118 : 1;
18119 : 1;
18120 : 0;
18121 : 1;
18122 : 0;
18123 : 1;
18124 : 0;
18125 : 0;
18126 : 0;
18127 : 0;
18128 : 0;
18129 : 0;
18130 : 0;
18131 : 0;
18132 : 0;
18133 : 1;
18134 : 0;
18135 : 1;
18136 : 0;
18137 : 0;
18138 : 1;
18139 : 1;
18140 : 1;
18141 : 0;
18142 : 0;
18143 : 1;
18144 : 0;
18145 : 0;
18146 : 0;
18147 : 1;
18148 : 0;
18149 : 1;
18150 : 1;
18151 : 1;
18152 : 1;
18153 : 1;
18154 : 1;
18155 : 1;
18156 : 0;
18157 : 1;
18158 : 0;
18159 : 0;
18160 : 0;
18161 : 1;
18162 : 0;
18163 : 1;
18164 : 1;
18165 : 1;
18166 : 1;
18167 : 0;
18168 : 0;
18169 : 0;
18170 : 1;
18171 : 0;
18172 : 0;
18173 : 1;
18174 : 0;
18175 : 1;
18176 : 0;
18177 : 0;
18178 : 0;
18179 : 0;
18180 : 1;
18181 : 1;
18182 : 0;
18183 : 1;
18184 : 0;
18185 : 0;
18186 : 0;
18187 : 0;
18188 : 1;
18189 : 1;
18190 : 0;
18191 : 1;
18192 : 0;
18193 : 0;
18194 : 1;
18195 : 1;
18196 : 0;
18197 : 1;
18198 : 1;
18199 : 1;
18200 : 1;
18201 : 1;
18202 : 1;
18203 : 0;
18204 : 1;
18205 : 0;
18206 : 1;
18207 : 1;
18208 : 1;
18209 : 0;
18210 : 1;
18211 : 0;
18212 : 1;
18213 : 1;
18214 : 1;
18215 : 1;
18216 : 1;
18217 : 1;
18218 : 0;
18219 : 0;
18220 : 0;
18221 : 1;
18222 : 1;
18223 : 1;
18224 : 0;
18225 : 1;
18226 : 0;
18227 : 1;
18228 : 1;
18229 : 0;
18230 : 0;
18231 : 0;
18232 : 0;
18233 : 1;
18234 : 0;
18235 : 1;
18236 : 0;
18237 : 1;
18238 : 1;
18239 : 0;
18240 : 0;
18241 : 1;
18242 : 1;
18243 : 0;
18244 : 0;
18245 : 1;
18246 : 1;
18247 : 0;
18248 : 1;
18249 : 1;
18250 : 1;
18251 : 0;
18252 : 1;
18253 : 0;
18254 : 1;
18255 : 1;
18256 : 1;
18257 : 1;
18258 : 0;
18259 : 0;
18260 : 1;
18261 : 1;
18262 : 1;
18263 : 0;
18264 : 1;
18265 : 0;
18266 : 0;
18267 : 0;
18268 : 0;
18269 : 0;
18270 : 0;
18271 : 1;
18272 : 1;
18273 : 1;
18274 : 0;
18275 : 1;
18276 : 0;
18277 : 0;
18278 : 1;
18279 : 1;
18280 : 1;
18281 : 0;
18282 : 0;
18283 : 0;
18284 : 1;
18285 : 1;
18286 : 1;
18287 : 1;
18288 : 1;
18289 : 1;
18290 : 1;
18291 : 1;
18292 : 1;
18293 : 1;
18294 : 1;
18295 : 0;
18296 : 0;
18297 : 1;
18298 : 0;
18299 : 0;
18300 : 0;
18301 : 1;
18302 : 1;
18303 : 1;
18304 : 0;
18305 : 1;
18306 : 1;
18307 : 0;
18308 : 1;
18309 : 1;
18310 : 1;
18311 : 0;
18312 : 1;
18313 : 0;
18314 : 1;
18315 : 0;
18316 : 0;
18317 : 1;
18318 : 0;
18319 : 1;
18320 : 0;
18321 : 0;
18322 : 1;
18323 : 1;
18324 : 1;
18325 : 0;
18326 : 0;
18327 : 0;
18328 : 0;
18329 : 1;
18330 : 1;
18331 : 1;
18332 : 0;
18333 : 0;
18334 : 1;
18335 : 0;
18336 : 1;
18337 : 1;
18338 : 0;
18339 : 1;
18340 : 1;
18341 : 1;
18342 : 1;
18343 : 1;
18344 : 0;
18345 : 1;
18346 : 0;
18347 : 0;
18348 : 1;
18349 : 0;
18350 : 1;
18351 : 1;
18352 : 0;
18353 : 0;
18354 : 1;
18355 : 0;
18356 : 1;
18357 : 1;
18358 : 1;
18359 : 0;
18360 : 0;
18361 : 0;
18362 : 1;
18363 : 1;
18364 : 0;
18365 : 0;
18366 : 1;
18367 : 0;
18368 : 1;
18369 : 1;
18370 : 1;
18371 : 0;
18372 : 1;
18373 : 0;
18374 : 1;
18375 : 1;
18376 : 1;
18377 : 0;
18378 : 0;
18379 : 1;
18380 : 0;
18381 : 1;
18382 : 0;
18383 : 0;
18384 : 0;
18385 : 1;
18386 : 1;
18387 : 1;
18388 : 1;
18389 : 0;
18390 : 0;
18391 : 1;
18392 : 1;
18393 : 1;
18394 : 1;
18395 : 1;
18396 : 1;
18397 : 1;
18398 : 0;
18399 : 0;
18400 : 1;
18401 : 0;
18402 : 1;
18403 : 0;
18404 : 0;
18405 : 0;
18406 : 0;
18407 : 1;
18408 : 0;
18409 : 1;
18410 : 0;
18411 : 0;
18412 : 1;
18413 : 1;
18414 : 1;
18415 : 1;
18416 : 0;
18417 : 0;
18418 : 0;
18419 : 0;
18420 : 1;
18421 : 0;
18422 : 1;
18423 : 1;
18424 : 0;
18425 : 1;
18426 : 0;
18427 : 0;
18428 : 0;
18429 : 0;
18430 : 0;
18431 : 0;
18432 : 1;
18433 : 1;
18434 : 1;
18435 : 0;
18436 : 0;
18437 : 1;
18438 : 1;
18439 : 0;
18440 : 1;
18441 : 1;
18442 : 0;
18443 : 1;
18444 : 0;
18445 : 1;
18446 : 1;
18447 : 0;
18448 : 1;
18449 : 1;
18450 : 0;
18451 : 0;
18452 : 0;
18453 : 1;
18454 : 1;
18455 : 0;
18456 : 0;
18457 : 1;
18458 : 1;
18459 : 0;
18460 : 0;
18461 : 0;
18462 : 0;
18463 : 1;
18464 : 0;
18465 : 0;
18466 : 1;
18467 : 0;
18468 : 1;
18469 : 1;
18470 : 0;
18471 : 0;
18472 : 0;
18473 : 0;
18474 : 1;
18475 : 1;
18476 : 0;
18477 : 1;
18478 : 1;
18479 : 0;
18480 : 1;
18481 : 1;
18482 : 1;
18483 : 0;
18484 : 1;
18485 : 1;
18486 : 0;
18487 : 0;
18488 : 0;
18489 : 0;
18490 : 1;
18491 : 0;
18492 : 0;
18493 : 1;
18494 : 1;
18495 : 1;
18496 : 1;
18497 : 0;
18498 : 0;
18499 : 1;
18500 : 1;
18501 : 1;
18502 : 0;
18503 : 0;
18504 : 1;
18505 : 1;
18506 : 0;
18507 : 1;
18508 : 0;
18509 : 1;
18510 : 0;
18511 : 0;
18512 : 0;
18513 : 0;
18514 : 0;
18515 : 1;
18516 : 1;
18517 : 0;
18518 : 0;
18519 : 1;
18520 : 1;
18521 : 0;
18522 : 0;
18523 : 0;
18524 : 0;
18525 : 0;
18526 : 0;
18527 : 0;
18528 : 0;
18529 : 1;
18530 : 1;
18531 : 1;
18532 : 0;
18533 : 0;
18534 : 1;
18535 : 0;
18536 : 0;
18537 : 0;
18538 : 1;
18539 : 0;
18540 : 1;
18541 : 1;
18542 : 1;
18543 : 0;
18544 : 1;
18545 : 1;
18546 : 0;
18547 : 0;
18548 : 1;
18549 : 0;
18550 : 0;
18551 : 0;
18552 : 1;
18553 : 0;
18554 : 1;
18555 : 1;
18556 : 1;
18557 : 0;
18558 : 0;
18559 : 0;
18560 : 0;
18561 : 0;
18562 : 1;
18563 : 0;
18564 : 1;
18565 : 0;
18566 : 1;
18567 : 1;
18568 : 1;
18569 : 0;
18570 : 0;
18571 : 1;
18572 : 1;
18573 : 1;
18574 : 1;
18575 : 1;
18576 : 0;
18577 : 1;
18578 : 1;
18579 : 0;
18580 : 1;
18581 : 0;
18582 : 1;
18583 : 1;
18584 : 1;
18585 : 0;
18586 : 0;
18587 : 0;
18588 : 1;
18589 : 0;
18590 : 1;
18591 : 0;
18592 : 1;
18593 : 0;
18594 : 1;
18595 : 0;
18596 : 1;
18597 : 1;
18598 : 1;
18599 : 1;
18600 : 1;
18601 : 1;
18602 : 0;
18603 : 1;
18604 : 0;
18605 : 0;
18606 : 0;
18607 : 1;
18608 : 0;
18609 : 0;
18610 : 0;
18611 : 1;
18612 : 1;
18613 : 1;
18614 : 1;
18615 : 1;
18616 : 0;
18617 : 0;
18618 : 1;
18619 : 0;
18620 : 1;
18621 : 1;
18622 : 0;
18623 : 0;
18624 : 1;
18625 : 1;
18626 : 1;
18627 : 1;
18628 : 1;
18629 : 0;
18630 : 1;
18631 : 0;
18632 : 1;
18633 : 1;
18634 : 1;
18635 : 1;
18636 : 1;
18637 : 1;
18638 : 0;
18639 : 1;
18640 : 1;
18641 : 0;
18642 : 1;
18643 : 1;
18644 : 0;
18645 : 1;
18646 : 1;
18647 : 0;
18648 : 1;
18649 : 0;
18650 : 1;
18651 : 0;
18652 : 1;
18653 : 1;
18654 : 0;
18655 : 0;
18656 : 1;
18657 : 0;
18658 : 0;
18659 : 0;
18660 : 1;
18661 : 0;
18662 : 0;
18663 : 1;
18664 : 1;
18665 : 0;
18666 : 0;
18667 : 0;
18668 : 1;
18669 : 1;
18670 : 1;
18671 : 1;
18672 : 1;
18673 : 1;
18674 : 0;
18675 : 0;
18676 : 0;
18677 : 0;
18678 : 1;
18679 : 0;
18680 : 1;
18681 : 1;
18682 : 0;
18683 : 1;
18684 : 1;
18685 : 1;
18686 : 1;
18687 : 0;
18688 : 1;
18689 : 1;
18690 : 1;
18691 : 1;
18692 : 1;
18693 : 0;
18694 : 1;
18695 : 0;
18696 : 0;
18697 : 1;
18698 : 1;
18699 : 1;
18700 : 0;
18701 : 1;
18702 : 0;
18703 : 0;
18704 : 1;
18705 : 1;
18706 : 0;
18707 : 1;
18708 : 1;
18709 : 1;
18710 : 1;
18711 : 1;
18712 : 0;
18713 : 1;
18714 : 1;
18715 : 0;
18716 : 0;
18717 : 1;
18718 : 1;
18719 : 0;
18720 : 0;
18721 : 0;
18722 : 0;
18723 : 0;
18724 : 0;
18725 : 1;
18726 : 0;
18727 : 1;
18728 : 0;
18729 : 0;
18730 : 0;
18731 : 0;
18732 : 1;
18733 : 0;
18734 : 1;
18735 : 0;
18736 : 0;
18737 : 1;
18738 : 0;
18739 : 0;
18740 : 1;
18741 : 1;
18742 : 1;
18743 : 0;
18744 : 0;
18745 : 1;
18746 : 0;
18747 : 1;
18748 : 1;
18749 : 0;
18750 : 1;
18751 : 0;
18752 : 1;
18753 : 1;
18754 : 0;
18755 : 0;
18756 : 0;
18757 : 1;
18758 : 1;
18759 : 0;
18760 : 1;
18761 : 1;
18762 : 1;
18763 : 1;
18764 : 0;
18765 : 1;
18766 : 1;
18767 : 0;
18768 : 1;
18769 : 0;
18770 : 1;
18771 : 1;
18772 : 0;
18773 : 0;
18774 : 1;
18775 : 0;
18776 : 1;
18777 : 0;
18778 : 1;
18779 : 0;
18780 : 0;
18781 : 0;
18782 : 1;
18783 : 1;
18784 : 1;
18785 : 0;
18786 : 1;
18787 : 0;
18788 : 0;
18789 : 0;
18790 : 0;
18791 : 1;
18792 : 1;
18793 : 1;
18794 : 0;
18795 : 1;
18796 : 1;
18797 : 0;
18798 : 0;
18799 : 0;
18800 : 0;
18801 : 0;
18802 : 1;
18803 : 0;
18804 : 1;
18805 : 1;
18806 : 1;
18807 : 0;
18808 : 0;
18809 : 1;
18810 : 0;
18811 : 0;
18812 : 0;
18813 : 0;
18814 : 0;
18815 : 1;
18816 : 0;
18817 : 1;
18818 : 1;
18819 : 1;
18820 : 1;
18821 : 1;
18822 : 1;
18823 : 1;
18824 : 1;
18825 : 0;
18826 : 1;
18827 : 1;
18828 : 1;
18829 : 1;
18830 : 1;
18831 : 1;
18832 : 0;
18833 : 1;
18834 : 1;
18835 : 1;
18836 : 0;
18837 : 1;
18838 : 1;
18839 : 0;
18840 : 1;
18841 : 1;
18842 : 0;
18843 : 0;
18844 : 0;
18845 : 0;
18846 : 1;
18847 : 0;
18848 : 0;
18849 : 0;
18850 : 1;
18851 : 1;
18852 : 0;
18853 : 1;
18854 : 0;
18855 : 0;
18856 : 0;
18857 : 0;
18858 : 0;
18859 : 1;
18860 : 0;
18861 : 0;
18862 : 0;
18863 : 0;
18864 : 1;
18865 : 1;
18866 : 1;
18867 : 1;
18868 : 0;
18869 : 1;
18870 : 0;
18871 : 0;
18872 : 1;
18873 : 0;
18874 : 1;
18875 : 1;
18876 : 0;
18877 : 1;
18878 : 0;
18879 : 1;
18880 : 0;
18881 : 0;
18882 : 0;
18883 : 1;
18884 : 0;
18885 : 1;
18886 : 1;
18887 : 0;
18888 : 1;
18889 : 1;
18890 : 1;
18891 : 1;
18892 : 1;
18893 : 0;
18894 : 0;
18895 : 0;
18896 : 0;
18897 : 1;
18898 : 0;
18899 : 1;
18900 : 0;
18901 : 0;
18902 : 0;
18903 : 1;
18904 : 0;
18905 : 1;
18906 : 1;
18907 : 1;
18908 : 1;
18909 : 0;
18910 : 0;
18911 : 0;
18912 : 0;
18913 : 1;
18914 : 0;
18915 : 0;
18916 : 1;
18917 : 1;
18918 : 0;
18919 : 0;
18920 : 0;
18921 : 0;
18922 : 1;
18923 : 1;
18924 : 0;
18925 : 1;
18926 : 1;
18927 : 1;
18928 : 0;
18929 : 0;
18930 : 0;
18931 : 1;
18932 : 1;
18933 : 1;
18934 : 0;
18935 : 0;
18936 : 0;
18937 : 1;
18938 : 1;
18939 : 1;
18940 : 1;
18941 : 1;
18942 : 0;
18943 : 0;
18944 : 0;
18945 : 1;
18946 : 0;
18947 : 0;
18948 : 1;
18949 : 0;
18950 : 1;
18951 : 0;
18952 : 0;
18953 : 0;
18954 : 1;
18955 : 1;
18956 : 0;
18957 : 1;
18958 : 0;
18959 : 0;
18960 : 1;
18961 : 1;
18962 : 1;
18963 : 1;
18964 : 1;
18965 : 1;
18966 : 1;
18967 : 1;
18968 : 0;
18969 : 0;
18970 : 0;
18971 : 0;
18972 : 0;
18973 : 1;
18974 : 0;
18975 : 1;
18976 : 1;
18977 : 0;
18978 : 1;
18979 : 1;
18980 : 0;
18981 : 1;
18982 : 0;
18983 : 1;
18984 : 0;
18985 : 0;
18986 : 1;
18987 : 1;
18988 : 0;
18989 : 0;
18990 : 1;
18991 : 0;
18992 : 1;
18993 : 0;
18994 : 0;
18995 : 1;
18996 : 0;
18997 : 0;
18998 : 0;
18999 : 1;
19000 : 1;
19001 : 0;
19002 : 1;
19003 : 0;
19004 : 1;
19005 : 1;
19006 : 1;
19007 : 0;
19008 : 0;
19009 : 0;
19010 : 1;
19011 : 0;
19012 : 1;
19013 : 1;
19014 : 1;
19015 : 1;
19016 : 1;
19017 : 0;
19018 : 0;
19019 : 1;
19020 : 1;
19021 : 0;
19022 : 1;
19023 : 0;
19024 : 1;
19025 : 0;
19026 : 0;
19027 : 1;
19028 : 1;
19029 : 0;
19030 : 0;
19031 : 0;
19032 : 0;
19033 : 1;
19034 : 1;
19035 : 0;
19036 : 0;
19037 : 1;
19038 : 1;
19039 : 1;
19040 : 0;
19041 : 1;
19042 : 0;
19043 : 0;
19044 : 0;
19045 : 1;
19046 : 0;
19047 : 0;
19048 : 0;
19049 : 1;
19050 : 1;
19051 : 0;
19052 : 0;
19053 : 0;
19054 : 1;
19055 : 1;
19056 : 0;
19057 : 0;
19058 : 1;
19059 : 1;
19060 : 0;
19061 : 0;
19062 : 1;
19063 : 1;
19064 : 1;
19065 : 0;
19066 : 0;
19067 : 1;
19068 : 1;
19069 : 1;
19070 : 1;
19071 : 1;
19072 : 0;
19073 : 1;
19074 : 1;
19075 : 0;
19076 : 0;
19077 : 1;
19078 : 0;
19079 : 0;
19080 : 1;
19081 : 0;
19082 : 1;
19083 : 1;
19084 : 0;
19085 : 0;
19086 : 1;
19087 : 1;
19088 : 1;
19089 : 1;
19090 : 1;
19091 : 0;
19092 : 0;
19093 : 1;
19094 : 0;
19095 : 0;
19096 : 1;
19097 : 1;
19098 : 0;
19099 : 0;
19100 : 1;
19101 : 1;
19102 : 1;
19103 : 1;
19104 : 1;
19105 : 0;
19106 : 0;
19107 : 1;
19108 : 0;
19109 : 0;
19110 : 0;
19111 : 1;
19112 : 1;
19113 : 0;
19114 : 1;
19115 : 0;
19116 : 1;
19117 : 1;
19118 : 0;
19119 : 0;
19120 : 1;
19121 : 0;
19122 : 1;
19123 : 0;
19124 : 1;
19125 : 0;
19126 : 0;
19127 : 0;
19128 : 1;
19129 : 0;
19130 : 1;
19131 : 1;
19132 : 1;
19133 : 1;
19134 : 1;
19135 : 1;
19136 : 0;
19137 : 1;
19138 : 0;
19139 : 1;
19140 : 1;
19141 : 0;
19142 : 0;
19143 : 1;
19144 : 0;
19145 : 0;
19146 : 1;
19147 : 1;
19148 : 1;
19149 : 0;
19150 : 0;
19151 : 1;
19152 : 0;
19153 : 0;
19154 : 0;
19155 : 0;
19156 : 0;
19157 : 1;
19158 : 1;
19159 : 0;
19160 : 0;
19161 : 1;
19162 : 0;
19163 : 0;
19164 : 0;
19165 : 1;
19166 : 1;
19167 : 0;
19168 : 1;
19169 : 1;
19170 : 1;
19171 : 1;
19172 : 0;
19173 : 0;
19174 : 1;
19175 : 0;
19176 : 0;
19177 : 1;
19178 : 0;
19179 : 1;
19180 : 0;
19181 : 0;
19182 : 0;
19183 : 1;
19184 : 0;
19185 : 0;
19186 : 1;
19187 : 0;
19188 : 0;
19189 : 1;
19190 : 0;
19191 : 0;
19192 : 1;
19193 : 0;
19194 : 1;
19195 : 0;
19196 : 0;
19197 : 1;
19198 : 1;
19199 : 0;
19200 : 1;
19201 : 1;
19202 : 1;
19203 : 0;
19204 : 0;
19205 : 1;
19206 : 1;
19207 : 1;
19208 : 1;
19209 : 0;
19210 : 1;
19211 : 1;
19212 : 1;
19213 : 0;
19214 : 0;
19215 : 1;
19216 : 0;
19217 : 0;
19218 : 1;
19219 : 0;
19220 : 0;
19221 : 0;
19222 : 1;
19223 : 1;
19224 : 0;
19225 : 0;
19226 : 0;
19227 : 0;
19228 : 0;
19229 : 1;
19230 : 0;
19231 : 1;
19232 : 1;
19233 : 1;
19234 : 1;
19235 : 0;
19236 : 1;
19237 : 1;
19238 : 0;
19239 : 0;
19240 : 1;
19241 : 0;
19242 : 0;
19243 : 0;
19244 : 0;
19245 : 0;
19246 : 0;
19247 : 1;
19248 : 0;
19249 : 0;
19250 : 1;
19251 : 0;
19252 : 0;
19253 : 1;
19254 : 0;
19255 : 1;
19256 : 1;
19257 : 0;
19258 : 1;
19259 : 1;
19260 : 1;
19261 : 0;
19262 : 1;
19263 : 1;
19264 : 0;
19265 : 1;
19266 : 0;
19267 : 1;
19268 : 1;
19269 : 0;
19270 : 1;
19271 : 0;
19272 : 0;
19273 : 1;
19274 : 0;
19275 : 0;
19276 : 1;
19277 : 0;
19278 : 0;
19279 : 0;
19280 : 0;
19281 : 0;
19282 : 0;
19283 : 1;
19284 : 0;
19285 : 1;
19286 : 1;
19287 : 0;
19288 : 0;
19289 : 0;
19290 : 0;
19291 : 1;
19292 : 0;
19293 : 1;
19294 : 1;
19295 : 0;
19296 : 0;
19297 : 1;
19298 : 1;
19299 : 0;
19300 : 1;
19301 : 1;
19302 : 0;
19303 : 0;
19304 : 1;
19305 : 1;
19306 : 0;
19307 : 0;
19308 : 0;
19309 : 1;
19310 : 1;
19311 : 0;
19312 : 1;
19313 : 0;
19314 : 0;
19315 : 1;
19316 : 0;
19317 : 0;
19318 : 1;
19319 : 0;
19320 : 1;
19321 : 1;
19322 : 0;
19323 : 0;
19324 : 0;
19325 : 1;
19326 : 0;
19327 : 0;
19328 : 0;
19329 : 0;
19330 : 1;
19331 : 1;
19332 : 1;
19333 : 1;
19334 : 1;
19335 : 1;
19336 : 1;
19337 : 0;
19338 : 1;
19339 : 0;
19340 : 1;
19341 : 1;
19342 : 1;
19343 : 1;
19344 : 0;
19345 : 0;
19346 : 0;
19347 : 1;
19348 : 0;
19349 : 0;
19350 : 1;
19351 : 0;
19352 : 1;
19353 : 0;
19354 : 0;
19355 : 0;
19356 : 1;
19357 : 1;
19358 : 0;
19359 : 0;
19360 : 0;
19361 : 1;
19362 : 1;
19363 : 0;
19364 : 0;
19365 : 0;
19366 : 1;
19367 : 1;
19368 : 0;
19369 : 1;
19370 : 1;
19371 : 1;
19372 : 1;
19373 : 1;
19374 : 0;
19375 : 1;
19376 : 1;
19377 : 0;
19378 : 1;
19379 : 0;
19380 : 0;
19381 : 1;
19382 : 1;
19383 : 1;
19384 : 0;
19385 : 0;
19386 : 0;
19387 : 1;
19388 : 0;
19389 : 1;
19390 : 0;
19391 : 0;
19392 : 1;
19393 : 1;
19394 : 0;
19395 : 0;
19396 : 0;
19397 : 0;
19398 : 0;
19399 : 0;
19400 : 0;
19401 : 0;
19402 : 0;
19403 : 1;
19404 : 1;
19405 : 1;
19406 : 0;
19407 : 1;
19408 : 1;
19409 : 0;
19410 : 1;
19411 : 1;
19412 : 1;
19413 : 0;
19414 : 0;
19415 : 1;
19416 : 1;
19417 : 0;
19418 : 1;
19419 : 1;
19420 : 0;
19421 : 1;
19422 : 1;
19423 : 0;
19424 : 0;
19425 : 0;
19426 : 0;
19427 : 0;
19428 : 1;
19429 : 0;
19430 : 0;
19431 : 1;
19432 : 1;
19433 : 0;
19434 : 0;
19435 : 1;
19436 : 0;
19437 : 1;
19438 : 1;
19439 : 1;
19440 : 1;
19441 : 1;
19442 : 0;
19443 : 0;
19444 : 0;
19445 : 0;
19446 : 0;
19447 : 1;
19448 : 0;
19449 : 0;
19450 : 1;
19451 : 0;
19452 : 0;
19453 : 0;
19454 : 0;
19455 : 0;
19456 : 1;
19457 : 1;
19458 : 1;
19459 : 1;
19460 : 0;
19461 : 0;
19462 : 1;
19463 : 1;
19464 : 0;
19465 : 1;
19466 : 0;
19467 : 0;
19468 : 1;
19469 : 1;
19470 : 1;
19471 : 1;
19472 : 1;
19473 : 1;
19474 : 1;
19475 : 1;
19476 : 1;
19477 : 0;
19478 : 0;
19479 : 1;
19480 : 0;
19481 : 1;
19482 : 0;
19483 : 1;
19484 : 1;
19485 : 0;
19486 : 1;
19487 : 1;
19488 : 0;
19489 : 1;
19490 : 1;
19491 : 1;
19492 : 0;
19493 : 0;
19494 : 0;
19495 : 0;
19496 : 0;
19497 : 0;
19498 : 1;
19499 : 0;
19500 : 0;
19501 : 1;
19502 : 0;
19503 : 1;
19504 : 0;
19505 : 0;
19506 : 1;
19507 : 1;
19508 : 0;
19509 : 0;
19510 : 0;
19511 : 1;
19512 : 0;
19513 : 1;
19514 : 1;
19515 : 0;
19516 : 1;
19517 : 1;
19518 : 0;
19519 : 1;
19520 : 1;
19521 : 1;
19522 : 0;
19523 : 1;
19524 : 0;
19525 : 0;
19526 : 1;
19527 : 0;
19528 : 0;
19529 : 1;
19530 : 1;
19531 : 0;
19532 : 1;
19533 : 1;
19534 : 0;
19535 : 1;
19536 : 1;
19537 : 1;
19538 : 1;
19539 : 1;
19540 : 0;
19541 : 0;
19542 : 1;
19543 : 0;
19544 : 1;
19545 : 1;
19546 : 1;
19547 : 1;
19548 : 1;
19549 : 0;
19550 : 0;
19551 : 0;
19552 : 1;
19553 : 0;
19554 : 1;
19555 : 0;
19556 : 0;
19557 : 1;
19558 : 0;
19559 : 0;
19560 : 1;
19561 : 0;
19562 : 0;
19563 : 0;
19564 : 0;
19565 : 0;
19566 : 1;
19567 : 0;
19568 : 1;
19569 : 0;
19570 : 1;
19571 : 1;
19572 : 1;
19573 : 0;
19574 : 1;
19575 : 0;
19576 : 1;
19577 : 1;
19578 : 1;
19579 : 1;
19580 : 1;
19581 : 1;
19582 : 1;
19583 : 1;
19584 : 1;
19585 : 1;
19586 : 0;
19587 : 0;
19588 : 0;
19589 : 1;
19590 : 1;
19591 : 1;
19592 : 0;
19593 : 1;
19594 : 1;
19595 : 0;
19596 : 1;
19597 : 1;
19598 : 1;
19599 : 1;
19600 : 0;
19601 : 0;
19602 : 0;
19603 : 0;
19604 : 1;
19605 : 0;
19606 : 1;
19607 : 0;
19608 : 0;
19609 : 0;
19610 : 0;
19611 : 1;
19612 : 0;
19613 : 0;
19614 : 0;
19615 : 0;
19616 : 0;
19617 : 0;
19618 : 0;
19619 : 0;
19620 : 1;
19621 : 0;
19622 : 0;
19623 : 1;
19624 : 0;
19625 : 1;
19626 : 1;
19627 : 0;
19628 : 1;
19629 : 1;
19630 : 1;
19631 : 1;
19632 : 1;
19633 : 1;
19634 : 0;
19635 : 0;
19636 : 0;
19637 : 1;
19638 : 1;
19639 : 1;
19640 : 0;
19641 : 1;
19642 : 0;
19643 : 1;
19644 : 1;
19645 : 1;
19646 : 0;
19647 : 1;
19648 : 0;
19649 : 0;
19650 : 1;
19651 : 0;
19652 : 0;
19653 : 1;
19654 : 0;
19655 : 0;
19656 : 1;
19657 : 0;
19658 : 0;
19659 : 1;
19660 : 0;
19661 : 1;
19662 : 0;
19663 : 1;
19664 : 1;
19665 : 1;
19666 : 0;
19667 : 0;
19668 : 0;
19669 : 0;
19670 : 1;
19671 : 0;
19672 : 1;
19673 : 0;
19674 : 1;
19675 : 0;
19676 : 1;
19677 : 1;
19678 : 1;
19679 : 1;
19680 : 0;
19681 : 0;
19682 : 0;
19683 : 1;
19684 : 0;
19685 : 0;
19686 : 0;
19687 : 0;
19688 : 0;
19689 : 0;
19690 : 0;
19691 : 0;
19692 : 1;
19693 : 0;
19694 : 1;
19695 : 1;
19696 : 0;
19697 : 1;
19698 : 0;
19699 : 0;
19700 : 0;
19701 : 1;
19702 : 1;
19703 : 0;
19704 : 1;
19705 : 0;
19706 : 1;
19707 : 1;
19708 : 1;
19709 : 1;
19710 : 0;
19711 : 0;
19712 : 1;
19713 : 1;
19714 : 1;
19715 : 1;
19716 : 1;
19717 : 0;
19718 : 0;
19719 : 1;
19720 : 0;
19721 : 1;
19722 : 0;
19723 : 1;
19724 : 0;
19725 : 1;
19726 : 1;
19727 : 0;
19728 : 1;
19729 : 1;
19730 : 1;
19731 : 0;
19732 : 0;
19733 : 1;
19734 : 0;
19735 : 1;
19736 : 1;
19737 : 1;
19738 : 0;
19739 : 1;
19740 : 1;
19741 : 1;
19742 : 0;
19743 : 0;
19744 : 0;
19745 : 1;
19746 : 1;
19747 : 1;
19748 : 0;
19749 : 1;
19750 : 1;
19751 : 1;
19752 : 1;
19753 : 1;
19754 : 1;
19755 : 1;
19756 : 0;
19757 : 1;
19758 : 1;
19759 : 0;
19760 : 0;
19761 : 0;
19762 : 0;
19763 : 1;
19764 : 1;
19765 : 1;
19766 : 0;
19767 : 0;
19768 : 1;
19769 : 0;
19770 : 0;
19771 : 1;
19772 : 0;
19773 : 1;
19774 : 0;
19775 : 0;
19776 : 1;
19777 : 0;
19778 : 1;
19779 : 1;
19780 : 0;
19781 : 1;
19782 : 1;
19783 : 1;
19784 : 1;
19785 : 0;
19786 : 0;
19787 : 1;
19788 : 0;
19789 : 0;
19790 : 1;
19791 : 1;
19792 : 0;
19793 : 1;
19794 : 1;
19795 : 0;
19796 : 0;
19797 : 1;
19798 : 0;
19799 : 0;
19800 : 1;
19801 : 1;
19802 : 1;
19803 : 0;
19804 : 1;
19805 : 0;
19806 : 0;
19807 : 1;
19808 : 1;
19809 : 0;
19810 : 1;
19811 : 1;
19812 : 0;
19813 : 0;
19814 : 1;
19815 : 0;
19816 : 1;
19817 : 0;
19818 : 1;
19819 : 1;
19820 : 1;
19821 : 1;
19822 : 1;
19823 : 0;
19824 : 1;
19825 : 1;
19826 : 0;
19827 : 1;
19828 : 1;
19829 : 0;
19830 : 1;
19831 : 0;
19832 : 0;
19833 : 0;
19834 : 1;
19835 : 1;
19836 : 0;
19837 : 0;
19838 : 0;
19839 : 1;
19840 : 1;
19841 : 1;
19842 : 0;
19843 : 1;
19844 : 0;
19845 : 1;
19846 : 1;
19847 : 0;
19848 : 1;
19849 : 0;
19850 : 1;
19851 : 0;
19852 : 1;
19853 : 0;
19854 : 1;
19855 : 1;
19856 : 0;
19857 : 1;
19858 : 1;
19859 : 1;
19860 : 1;
19861 : 1;
19862 : 1;
19863 : 0;
19864 : 1;
19865 : 1;
19866 : 1;
19867 : 0;
19868 : 0;
19869 : 0;
19870 : 0;
19871 : 0;
19872 : 0;
19873 : 1;
19874 : 0;
19875 : 1;
19876 : 0;
19877 : 0;
19878 : 1;
19879 : 1;
19880 : 0;
19881 : 1;
19882 : 1;
19883 : 1;
19884 : 0;
19885 : 1;
19886 : 0;
19887 : 1;
19888 : 1;
19889 : 0;
19890 : 0;
19891 : 1;
19892 : 1;
19893 : 0;
19894 : 0;
19895 : 1;
19896 : 0;
19897 : 1;
19898 : 0;
19899 : 0;
19900 : 0;
19901 : 0;
19902 : 0;
19903 : 1;
19904 : 0;
19905 : 0;
19906 : 1;
19907 : 1;
19908 : 1;
19909 : 0;
19910 : 1;
19911 : 1;
19912 : 1;
19913 : 0;
19914 : 0;
19915 : 0;
19916 : 1;
19917 : 1;
19918 : 1;
19919 : 0;
19920 : 0;
19921 : 1;
19922 : 0;
19923 : 1;
19924 : 1;
19925 : 0;
19926 : 1;
19927 : 0;
19928 : 0;
19929 : 1;
19930 : 1;
19931 : 1;
19932 : 1;
19933 : 0;
19934 : 0;
19935 : 0;
19936 : 0;
19937 : 0;
19938 : 0;
19939 : 1;
19940 : 0;
19941 : 0;
19942 : 0;
19943 : 1;
19944 : 1;
19945 : 1;
19946 : 1;
19947 : 0;
19948 : 1;
19949 : 0;
19950 : 0;
19951 : 0;
19952 : 0;
19953 : 0;
19954 : 0;
19955 : 0;
19956 : 0;
19957 : 0;
19958 : 1;
19959 : 1;
19960 : 0;
19961 : 1;
19962 : 1;
19963 : 1;
19964 : 0;
19965 : 1;
19966 : 0;
19967 : 0;
19968 : 0;
19969 : 0;
19970 : 1;
19971 : 1;
19972 : 0;
19973 : 1;
19974 : 0;
19975 : 1;
19976 : 1;
19977 : 0;
19978 : 0;
19979 : 0;
19980 : 1;
19981 : 1;
19982 : 0;
19983 : 0;
19984 : 1;
19985 : 0;
19986 : 0;
19987 : 0;
19988 : 0;
19989 : 1;
19990 : 0;
19991 : 1;
19992 : 0;
19993 : 1;
19994 : 1;
19995 : 0;
19996 : 0;
19997 : 0;
19998 : 0;
19999 : 0;
20000 : 0;
20001 : 0;
20002 : 1;
20003 : 1;
20004 : 1;
20005 : 1;
20006 : 1;
20007 : 0;
20008 : 1;
20009 : 0;
20010 : 1;
20011 : 0;
20012 : 0;
20013 : 1;
20014 : 1;
20015 : 1;
20016 : 1;
20017 : 0;
20018 : 0;
20019 : 1;
20020 : 1;
20021 : 1;
20022 : 0;
20023 : 1;
20024 : 1;
20025 : 1;
20026 : 0;
20027 : 0;
20028 : 0;
20029 : 0;
20030 : 0;
20031 : 0;
20032 : 1;
20033 : 0;
20034 : 1;
20035 : 0;
20036 : 0;
20037 : 1;
20038 : 0;
20039 : 0;
20040 : 0;
20041 : 1;
20042 : 0;
20043 : 1;
20044 : 0;
20045 : 0;
20046 : 1;
20047 : 0;
20048 : 0;
20049 : 1;
20050 : 0;
20051 : 0;
20052 : 1;
20053 : 0;
20054 : 1;
20055 : 1;
20056 : 0;
20057 : 0;
20058 : 0;
20059 : 1;
20060 : 0;
20061 : 1;
20062 : 1;
20063 : 0;
20064 : 1;
20065 : 1;
20066 : 0;
20067 : 0;
20068 : 0;
20069 : 1;
20070 : 1;
20071 : 1;
20072 : 1;
20073 : 1;
20074 : 0;
20075 : 1;
20076 : 0;
20077 : 1;
20078 : 0;
20079 : 0;
20080 : 0;
20081 : 1;
20082 : 0;
20083 : 1;
20084 : 1;
20085 : 0;
20086 : 0;
20087 : 0;
20088 : 1;
20089 : 0;
20090 : 0;
20091 : 1;
20092 : 0;
20093 : 1;
20094 : 0;
20095 : 0;
20096 : 1;
20097 : 0;
20098 : 0;
20099 : 0;
20100 : 0;
20101 : 0;
20102 : 1;
20103 : 0;
20104 : 1;
20105 : 0;
20106 : 0;
20107 : 0;
20108 : 1;
20109 : 1;
20110 : 1;
20111 : 1;
20112 : 0;
20113 : 0;
20114 : 0;
20115 : 1;
20116 : 1;
20117 : 0;
20118 : 1;
20119 : 0;
20120 : 1;
20121 : 1;
20122 : 0;
20123 : 0;
20124 : 1;
20125 : 0;
20126 : 0;
20127 : 0;
20128 : 0;
20129 : 0;
20130 : 0;
20131 : 1;
20132 : 1;
20133 : 0;
20134 : 0;
20135 : 1;
20136 : 0;
20137 : 0;
20138 : 0;
20139 : 1;
20140 : 1;
20141 : 0;
20142 : 1;
20143 : 1;
20144 : 1;
20145 : 0;
20146 : 0;
20147 : 1;
20148 : 1;
20149 : 1;
20150 : 1;
20151 : 0;
20152 : 0;
20153 : 1;
20154 : 1;
20155 : 0;
20156 : 1;
20157 : 0;
20158 : 1;
20159 : 1;
20160 : 1;
20161 : 0;
20162 : 1;
20163 : 0;
20164 : 0;
20165 : 0;
20166 : 0;
20167 : 0;
20168 : 0;
20169 : 0;
20170 : 0;
20171 : 0;
20172 : 1;
20173 : 1;
20174 : 0;
20175 : 1;
20176 : 1;
20177 : 0;
20178 : 0;
20179 : 0;
20180 : 0;
20181 : 1;
20182 : 1;
20183 : 1;
20184 : 1;
20185 : 1;
20186 : 1;
20187 : 1;
20188 : 1;
20189 : 0;
20190 : 0;
20191 : 1;
20192 : 0;
20193 : 0;
20194 : 0;
20195 : 0;
20196 : 0;
20197 : 0;
20198 : 0;
20199 : 0;
20200 : 1;
20201 : 0;
20202 : 0;
20203 : 0;
20204 : 0;
20205 : 0;
20206 : 1;
20207 : 1;
20208 : 1;
20209 : 0;
20210 : 0;
20211 : 1;
20212 : 1;
20213 : 0;
20214 : 0;
20215 : 1;
20216 : 1;
20217 : 1;
20218 : 1;
20219 : 0;
20220 : 0;
20221 : 1;
20222 : 1;
20223 : 1;
20224 : 0;
20225 : 0;
20226 : 0;
20227 : 1;
20228 : 0;
20229 : 0;
20230 : 1;
20231 : 0;
20232 : 1;
20233 : 1;
20234 : 1;
20235 : 0;
20236 : 0;
20237 : 0;
20238 : 1;
20239 : 1;
20240 : 0;
20241 : 0;
20242 : 1;
20243 : 0;
20244 : 1;
20245 : 0;
20246 : 0;
20247 : 1;
20248 : 0;
20249 : 1;
20250 : 1;
20251 : 1;
20252 : 0;
20253 : 0;
20254 : 1;
20255 : 0;
20256 : 1;
20257 : 1;
20258 : 0;
20259 : 0;
20260 : 1;
20261 : 1;
20262 : 0;
20263 : 1;
20264 : 0;
20265 : 0;
20266 : 1;
20267 : 0;
20268 : 0;
20269 : 0;
20270 : 1;
20271 : 0;
20272 : 0;
20273 : 0;
20274 : 0;
20275 : 1;
20276 : 1;
20277 : 0;
20278 : 1;
20279 : 1;
20280 : 0;
20281 : 1;
20282 : 0;
20283 : 0;
20284 : 1;
20285 : 1;
20286 : 0;
20287 : 1;
20288 : 1;
20289 : 1;
20290 : 0;
20291 : 0;
20292 : 0;
20293 : 1;
20294 : 0;
20295 : 0;
20296 : 0;
20297 : 0;
20298 : 0;
20299 : 1;
20300 : 1;
20301 : 0;
20302 : 0;
20303 : 1;
20304 : 1;
20305 : 1;
20306 : 1;
20307 : 1;
20308 : 1;
20309 : 0;
20310 : 1;
20311 : 0;
20312 : 0;
20313 : 1;
20314 : 0;
20315 : 1;
20316 : 1;
20317 : 1;
20318 : 0;
20319 : 1;
20320 : 1;
20321 : 0;
20322 : 1;
20323 : 1;
20324 : 0;
20325 : 0;
20326 : 1;
20327 : 1;
20328 : 0;
20329 : 1;
20330 : 1;
20331 : 0;
20332 : 0;
20333 : 0;
20334 : 1;
20335 : 0;
20336 : 0;
20337 : 0;
20338 : 1;
20339 : 0;
20340 : 0;
20341 : 1;
20342 : 0;
20343 : 0;
20344 : 1;
20345 : 0;
20346 : 0;
20347 : 0;
20348 : 0;
20349 : 1;
20350 : 0;
20351 : 1;
20352 : 1;
20353 : 0;
20354 : 0;
20355 : 1;
20356 : 0;
20357 : 1;
20358 : 1;
20359 : 1;
20360 : 0;
20361 : 0;
20362 : 1;
20363 : 0;
20364 : 1;
20365 : 0;
20366 : 1;
20367 : 0;
20368 : 0;
20369 : 0;
20370 : 0;
20371 : 0;
20372 : 0;
20373 : 1;
20374 : 1;
20375 : 1;
20376 : 1;
20377 : 1;
20378 : 1;
20379 : 1;
20380 : 0;
20381 : 0;
20382 : 1;
20383 : 1;
20384 : 0;
20385 : 0;
20386 : 1;
20387 : 1;
20388 : 1;
20389 : 1;
20390 : 0;
20391 : 1;
20392 : 0;
20393 : 1;
20394 : 1;
20395 : 0;
20396 : 0;
20397 : 1;
20398 : 1;
20399 : 0;
20400 : 1;
20401 : 1;
20402 : 1;
20403 : 0;
20404 : 0;
20405 : 0;
20406 : 1;
20407 : 1;
20408 : 1;
20409 : 0;
20410 : 0;
20411 : 0;
20412 : 0;
20413 : 1;
20414 : 1;
20415 : 1;
20416 : 1;
20417 : 1;
20418 : 0;
20419 : 1;
20420 : 0;
20421 : 1;
20422 : 0;
20423 : 1;
20424 : 1;
20425 : 1;
20426 : 0;
20427 : 1;
20428 : 1;
20429 : 0;
20430 : 0;
20431 : 1;
20432 : 0;
20433 : 1;
20434 : 0;
20435 : 1;
20436 : 1;
20437 : 0;
20438 : 0;
20439 : 1;
20440 : 1;
20441 : 0;
20442 : 0;
20443 : 1;
20444 : 0;
20445 : 0;
20446 : 1;
20447 : 1;
20448 : 0;
20449 : 1;
20450 : 0;
20451 : 1;
20452 : 1;
20453 : 1;
20454 : 0;
20455 : 1;
20456 : 1;
20457 : 1;
20458 : 1;
20459 : 1;
20460 : 1;
20461 : 0;
20462 : 1;
20463 : 1;
20464 : 1;
20465 : 0;
20466 : 1;
20467 : 0;
20468 : 0;
20469 : 1;
20470 : 0;
20471 : 0;
20472 : 0;
20473 : 0;
20474 : 0;
20475 : 1;
20476 : 0;
20477 : 0;
20478 : 0;
20479 : 0;
20480 : 1;
20481 : 1;
20482 : 1;
20483 : 1;
20484 : 1;
20485 : 0;
20486 : 0;
20487 : 1;
20488 : 1;
20489 : 0;
20490 : 0;
20491 : 0;
20492 : 0;
20493 : 0;
20494 : 1;
20495 : 1;
20496 : 0;
20497 : 1;
20498 : 1;
20499 : 0;
20500 : 0;
20501 : 1;
20502 : 1;
20503 : 0;
20504 : 1;
20505 : 1;
20506 : 0;
20507 : 0;
20508 : 0;
20509 : 1;
20510 : 1;
20511 : 0;
20512 : 0;
20513 : 1;
20514 : 0;
20515 : 1;
20516 : 1;
20517 : 1;
20518 : 1;
20519 : 0;
20520 : 0;
20521 : 0;
20522 : 1;
20523 : 0;
20524 : 1;
20525 : 1;
20526 : 0;
20527 : 0;
20528 : 1;
20529 : 1;
20530 : 0;
20531 : 1;
20532 : 1;
20533 : 1;
20534 : 1;
20535 : 1;
20536 : 1;
20537 : 1;
20538 : 0;
20539 : 0;
20540 : 1;
20541 : 0;
20542 : 0;
20543 : 0;
20544 : 1;
20545 : 1;
20546 : 1;
20547 : 1;
20548 : 0;
20549 : 1;
20550 : 0;
20551 : 1;
20552 : 0;
20553 : 0;
20554 : 1;
20555 : 1;
20556 : 0;
20557 : 0;
20558 : 0;
20559 : 1;
20560 : 0;
20561 : 0;
20562 : 0;
20563 : 0;
20564 : 0;
20565 : 1;
20566 : 1;
20567 : 1;
20568 : 0;
20569 : 1;
20570 : 0;
20571 : 0;
20572 : 0;
20573 : 1;
20574 : 0;
20575 : 0;
20576 : 1;
20577 : 1;
20578 : 0;
20579 : 0;
20580 : 1;
20581 : 1;
20582 : 1;
20583 : 1;
20584 : 1;
20585 : 1;
20586 : 0;
20587 : 1;
20588 : 0;
20589 : 1;
20590 : 0;
20591 : 0;
20592 : 1;
20593 : 0;
20594 : 0;
20595 : 0;
20596 : 0;
20597 : 0;
20598 : 1;
20599 : 1;
20600 : 1;
20601 : 1;
20602 : 0;
20603 : 1;
20604 : 1;
20605 : 1;
20606 : 0;
20607 : 0;
20608 : 0;
20609 : 0;
20610 : 1;
20611 : 1;
20612 : 0;
20613 : 0;
20614 : 0;
20615 : 1;
20616 : 0;
20617 : 0;
20618 : 0;
20619 : 1;
20620 : 0;
20621 : 1;
20622 : 1;
20623 : 1;
20624 : 0;
20625 : 0;
20626 : 1;
20627 : 1;
20628 : 1;
20629 : 0;
20630 : 1;
20631 : 0;
20632 : 1;
20633 : 1;
20634 : 0;
20635 : 1;
20636 : 1;
20637 : 1;
20638 : 0;
20639 : 1;
20640 : 0;
20641 : 1;
20642 : 0;
20643 : 1;
20644 : 1;
20645 : 0;
20646 : 1;
20647 : 0;
20648 : 0;
20649 : 0;
20650 : 1;
20651 : 1;
20652 : 0;
20653 : 0;
20654 : 0;
20655 : 0;
20656 : 1;
20657 : 0;
20658 : 1;
20659 : 0;
20660 : 1;
20661 : 0;
20662 : 1;
20663 : 1;
20664 : 0;
20665 : 1;
20666 : 1;
20667 : 0;
20668 : 0;
20669 : 1;
20670 : 0;
20671 : 1;
20672 : 1;
20673 : 1;
20674 : 0;
20675 : 0;
20676 : 1;
20677 : 0;
20678 : 1;
20679 : 1;
20680 : 1;
20681 : 0;
20682 : 1;
20683 : 0;
20684 : 0;
20685 : 0;
20686 : 0;
20687 : 1;
20688 : 1;
20689 : 1;
20690 : 1;
20691 : 1;
20692 : 1;
20693 : 0;
20694 : 0;
20695 : 0;
20696 : 1;
20697 : 0;
20698 : 1;
20699 : 0;
20700 : 1;
20701 : 1;
20702 : 1;
20703 : 0;
20704 : 1;
20705 : 1;
20706 : 0;
20707 : 1;
20708 : 1;
20709 : 1;
20710 : 0;
20711 : 0;
20712 : 1;
20713 : 1;
20714 : 0;
20715 : 0;
20716 : 1;
20717 : 0;
20718 : 0;
20719 : 1;
20720 : 0;
20721 : 0;
20722 : 0;
20723 : 0;
20724 : 0;
20725 : 1;
20726 : 0;
20727 : 0;
20728 : 1;
20729 : 0;
20730 : 0;
20731 : 0;
20732 : 1;
20733 : 1;
20734 : 0;
20735 : 1;
20736 : 1;
20737 : 1;
20738 : 1;
20739 : 1;
20740 : 1;
20741 : 0;
20742 : 0;
20743 : 0;
20744 : 1;
20745 : 1;
20746 : 0;
20747 : 0;
20748 : 0;
20749 : 1;
20750 : 1;
20751 : 1;
20752 : 1;
20753 : 1;
20754 : 1;
20755 : 1;
20756 : 1;
20757 : 0;
20758 : 0;
20759 : 0;
20760 : 1;
20761 : 0;
20762 : 0;
20763 : 0;
20764 : 0;
20765 : 0;
20766 : 0;
20767 : 1;
20768 : 0;
20769 : 1;
20770 : 0;
20771 : 0;
20772 : 1;
20773 : 1;
20774 : 1;
20775 : 0;
20776 : 1;
20777 : 0;
20778 : 0;
20779 : 0;
20780 : 1;
20781 : 0;
20782 : 0;
20783 : 0;
20784 : 0;
20785 : 0;
20786 : 1;
20787 : 1;
20788 : 0;
20789 : 1;
20790 : 0;
20791 : 1;
20792 : 1;
20793 : 1;
20794 : 1;
20795 : 1;
20796 : 0;
20797 : 0;
20798 : 1;
20799 : 1;
20800 : 1;
20801 : 0;
20802 : 0;
20803 : 0;
20804 : 1;
20805 : 1;
20806 : 1;
20807 : 1;
20808 : 0;
20809 : 0;
20810 : 1;
20811 : 0;
20812 : 0;
20813 : 0;
20814 : 0;
20815 : 1;
20816 : 1;
20817 : 0;
20818 : 0;
20819 : 0;
20820 : 1;
20821 : 1;
20822 : 1;
20823 : 1;
20824 : 1;
20825 : 1;
20826 : 0;
20827 : 0;
20828 : 1;
20829 : 1;
20830 : 0;
20831 : 0;
20832 : 1;
20833 : 0;
20834 : 1;
20835 : 1;
20836 : 1;
20837 : 0;
20838 : 1;
20839 : 1;
20840 : 0;
20841 : 0;
20842 : 0;
20843 : 0;
20844 : 1;
20845 : 1;
20846 : 0;
20847 : 1;
20848 : 1;
20849 : 0;
20850 : 1;
20851 : 0;
20852 : 0;
20853 : 0;
20854 : 0;
20855 : 0;
20856 : 0;
20857 : 0;
20858 : 0;
20859 : 0;
20860 : 1;
20861 : 0;
20862 : 0;
20863 : 1;
20864 : 1;
20865 : 0;
20866 : 0;
20867 : 0;
20868 : 0;
20869 : 0;
20870 : 1;
20871 : 0;
20872 : 0;
20873 : 0;
20874 : 1;
20875 : 0;
20876 : 0;
20877 : 0;
20878 : 0;
20879 : 1;
20880 : 0;
20881 : 1;
20882 : 1;
20883 : 1;
20884 : 1;
20885 : 0;
20886 : 1;
20887 : 0;
20888 : 1;
20889 : 1;
20890 : 1;
20891 : 1;
20892 : 0;
20893 : 0;
20894 : 0;
20895 : 1;
20896 : 0;
20897 : 1;
20898 : 1;
20899 : 0;
20900 : 0;
20901 : 0;
20902 : 0;
20903 : 0;
20904 : 1;
20905 : 1;
20906 : 0;
20907 : 0;
20908 : 0;
20909 : 1;
20910 : 1;
20911 : 1;
20912 : 0;
20913 : 0;
20914 : 1;
20915 : 0;
20916 : 1;
20917 : 1;
20918 : 1;
20919 : 1;
20920 : 1;
20921 : 0;
20922 : 1;
20923 : 1;
20924 : 1;
20925 : 0;
20926 : 1;
20927 : 1;
20928 : 0;
20929 : 0;
20930 : 1;
20931 : 0;
20932 : 1;
20933 : 1;
20934 : 0;
20935 : 1;
20936 : 0;
20937 : 0;
20938 : 1;
20939 : 1;
20940 : 0;
20941 : 1;
20942 : 0;
20943 : 1;
20944 : 0;
20945 : 1;
20946 : 0;
20947 : 1;
20948 : 1;
20949 : 1;
20950 : 1;
20951 : 1;
20952 : 1;
20953 : 1;
20954 : 1;
20955 : 1;
20956 : 1;
20957 : 0;
20958 : 0;
20959 : 0;
20960 : 0;
20961 : 0;
20962 : 1;
20963 : 1;
20964 : 1;
20965 : 1;
20966 : 1;
20967 : 1;
20968 : 0;
20969 : 0;
20970 : 0;
20971 : 0;
20972 : 0;
20973 : 1;
20974 : 1;
20975 : 1;
20976 : 1;
20977 : 0;
20978 : 0;
20979 : 0;
20980 : 1;
20981 : 1;
20982 : 0;
20983 : 0;
20984 : 1;
20985 : 1;
20986 : 1;
20987 : 1;
20988 : 0;
20989 : 0;
20990 : 0;
20991 : 0;
20992 : 0;
20993 : 0;
20994 : 0;
20995 : 0;
20996 : 1;
20997 : 0;
20998 : 1;
20999 : 0;
21000 : 0;
21001 : 1;
21002 : 0;
21003 : 1;
21004 : 0;
21005 : 0;
21006 : 0;
21007 : 0;
21008 : 1;
21009 : 0;
21010 : 1;
21011 : 1;
21012 : 1;
21013 : 0;
21014 : 0;
21015 : 0;
21016 : 0;
21017 : 1;
21018 : 0;
21019 : 1;
21020 : 0;
21021 : 0;
21022 : 1;
21023 : 0;
21024 : 1;
21025 : 1;
21026 : 1;
21027 : 1;
21028 : 1;
21029 : 0;
21030 : 1;
21031 : 1;
21032 : 0;
21033 : 1;
21034 : 1;
21035 : 0;
21036 : 1;
21037 : 1;
21038 : 0;
21039 : 1;
21040 : 0;
21041 : 0;
21042 : 0;
21043 : 1;
21044 : 1;
21045 : 0;
21046 : 1;
21047 : 1;
21048 : 1;
21049 : 1;
21050 : 1;
21051 : 1;
21052 : 0;
21053 : 1;
21054 : 1;
21055 : 1;
21056 : 1;
21057 : 1;
21058 : 1;
21059 : 0;
21060 : 0;
21061 : 0;
21062 : 0;
21063 : 1;
21064 : 1;
21065 : 0;
21066 : 1;
21067 : 1;
21068 : 0;
21069 : 1;
21070 : 1;
21071 : 0;
21072 : 0;
21073 : 0;
21074 : 1;
21075 : 0;
21076 : 0;
21077 : 0;
21078 : 1;
21079 : 0;
21080 : 1;
21081 : 0;
21082 : 1;
21083 : 0;
21084 : 1;
21085 : 1;
21086 : 1;
21087 : 0;
21088 : 0;
21089 : 0;
21090 : 0;
21091 : 0;
21092 : 0;
21093 : 1;
21094 : 1;
21095 : 0;
21096 : 0;
21097 : 0;
21098 : 0;
21099 : 0;
21100 : 1;
21101 : 1;
21102 : 1;
21103 : 1;
21104 : 1;
21105 : 1;
21106 : 1;
21107 : 0;
21108 : 1;
21109 : 1;
21110 : 0;
21111 : 1;
21112 : 0;
21113 : 0;
21114 : 0;
21115 : 1;
21116 : 0;
21117 : 0;
21118 : 0;
21119 : 1;
21120 : 0;
21121 : 1;
21122 : 1;
21123 : 1;
21124 : 0;
21125 : 0;
21126 : 0;
21127 : 1;
21128 : 1;
21129 : 0;
21130 : 0;
21131 : 1;
21132 : 0;
21133 : 0;
21134 : 0;
21135 : 1;
21136 : 0;
21137 : 1;
21138 : 1;
21139 : 0;
21140 : 0;
21141 : 1;
21142 : 0;
21143 : 1;
21144 : 1;
21145 : 1;
21146 : 0;
21147 : 0;
21148 : 1;
21149 : 0;
21150 : 1;
21151 : 1;
21152 : 1;
21153 : 1;
21154 : 0;
21155 : 1;
21156 : 1;
21157 : 1;
21158 : 0;
21159 : 1;
21160 : 0;
21161 : 1;
21162 : 0;
21163 : 0;
21164 : 0;
21165 : 0;
21166 : 0;
21167 : 0;
21168 : 0;
21169 : 0;
21170 : 0;
21171 : 0;
21172 : 0;
21173 : 1;
21174 : 0;
21175 : 1;
21176 : 0;
21177 : 0;
21178 : 0;
21179 : 0;
21180 : 0;
21181 : 0;
21182 : 0;
21183 : 1;
21184 : 1;
21185 : 1;
21186 : 0;
21187 : 1;
21188 : 1;
21189 : 1;
21190 : 0;
21191 : 0;
21192 : 1;
21193 : 0;
21194 : 0;
21195 : 1;
21196 : 0;
21197 : 1;
21198 : 1;
21199 : 1;
21200 : 1;
21201 : 1;
21202 : 0;
21203 : 0;
21204 : 0;
21205 : 1;
21206 : 1;
21207 : 1;
21208 : 0;
21209 : 0;
21210 : 1;
21211 : 0;
21212 : 0;
21213 : 1;
21214 : 1;
21215 : 0;
21216 : 1;
21217 : 1;
21218 : 1;
21219 : 1;
21220 : 1;
21221 : 0;
21222 : 0;
21223 : 1;
21224 : 1;
21225 : 1;
21226 : 1;
21227 : 0;
21228 : 1;
21229 : 0;
21230 : 1;
21231 : 0;
21232 : 1;
21233 : 1;
21234 : 0;
21235 : 0;
21236 : 0;
21237 : 1;
21238 : 1;
21239 : 1;
21240 : 0;
21241 : 1;
21242 : 0;
21243 : 0;
21244 : 0;
21245 : 1;
21246 : 1;
21247 : 1;
21248 : 1;
21249 : 1;
21250 : 1;
21251 : 0;
21252 : 1;
21253 : 0;
21254 : 0;
21255 : 0;
21256 : 0;
21257 : 1;
21258 : 0;
21259 : 0;
21260 : 1;
21261 : 1;
21262 : 1;
21263 : 0;
21264 : 0;
21265 : 0;
21266 : 1;
21267 : 0;
21268 : 1;
21269 : 1;
21270 : 0;
21271 : 0;
21272 : 0;
21273 : 1;
21274 : 0;
21275 : 0;
21276 : 1;
21277 : 0;
21278 : 0;
21279 : 1;
21280 : 0;
21281 : 1;
21282 : 0;
21283 : 1;
21284 : 1;
21285 : 1;
21286 : 0;
21287 : 1;
21288 : 1;
21289 : 1;
21290 : 1;
21291 : 1;
21292 : 0;
21293 : 0;
21294 : 1;
21295 : 1;
21296 : 1;
21297 : 0;
21298 : 0;
21299 : 0;
21300 : 0;
21301 : 1;
21302 : 0;
21303 : 0;
21304 : 0;
21305 : 0;
21306 : 1;
21307 : 1;
21308 : 0;
21309 : 1;
21310 : 1;
21311 : 0;
21312 : 1;
21313 : 0;
21314 : 0;
21315 : 0;
21316 : 1;
21317 : 0;
21318 : 1;
21319 : 1;
21320 : 0;
21321 : 0;
21322 : 1;
21323 : 1;
21324 : 0;
21325 : 0;
21326 : 0;
21327 : 1;
21328 : 0;
21329 : 0;
21330 : 0;
21331 : 0;
21332 : 1;
21333 : 1;
21334 : 0;
21335 : 0;
21336 : 0;
21337 : 1;
21338 : 1;
21339 : 1;
21340 : 1;
21341 : 0;
21342 : 0;
21343 : 0;
21344 : 0;
21345 : 1;
21346 : 0;
21347 : 1;
21348 : 1;
21349 : 1;
21350 : 0;
21351 : 0;
21352 : 1;
21353 : 0;
21354 : 1;
21355 : 1;
21356 : 0;
21357 : 0;
21358 : 0;
21359 : 0;
21360 : 0;
21361 : 1;
21362 : 1;
21363 : 1;
21364 : 1;
21365 : 1;
21366 : 1;
21367 : 1;
21368 : 1;
21369 : 0;
21370 : 1;
21371 : 0;
21372 : 0;
21373 : 1;
21374 : 0;
21375 : 1;
21376 : 0;
21377 : 1;
21378 : 0;
21379 : 0;
21380 : 0;
21381 : 0;
21382 : 1;
21383 : 1;
21384 : 0;
21385 : 1;
21386 : 1;
21387 : 0;
21388 : 1;
21389 : 0;
21390 : 0;
21391 : 0;
21392 : 1;
21393 : 0;
21394 : 0;
21395 : 0;
21396 : 1;
21397 : 1;
21398 : 0;
21399 : 1;
21400 : 0;
21401 : 1;
21402 : 0;
21403 : 0;
21404 : 1;
21405 : 1;
21406 : 0;
21407 : 0;
21408 : 1;
21409 : 0;
21410 : 0;
21411 : 1;
21412 : 0;
21413 : 0;
21414 : 1;
21415 : 0;
21416 : 0;
21417 : 1;
21418 : 1;
21419 : 0;
21420 : 1;
21421 : 0;
21422 : 1;
21423 : 1;
21424 : 0;
21425 : 1;
21426 : 0;
21427 : 0;
21428 : 0;
21429 : 0;
21430 : 0;
21431 : 1;
21432 : 1;
21433 : 1;
21434 : 0;
21435 : 0;
21436 : 1;
21437 : 1;
21438 : 1;
21439 : 0;
21440 : 0;
21441 : 1;
21442 : 0;
21443 : 1;
21444 : 1;
21445 : 1;
21446 : 1;
21447 : 1;
21448 : 0;
21449 : 0;
21450 : 1;
21451 : 1;
21452 : 1;
21453 : 0;
21454 : 1;
21455 : 1;
21456 : 0;
21457 : 0;
21458 : 1;
21459 : 0;
21460 : 1;
21461 : 0;
21462 : 0;
21463 : 1;
21464 : 1;
21465 : 0;
21466 : 0;
21467 : 0;
21468 : 0;
21469 : 0;
21470 : 0;
21471 : 1;
21472 : 1;
21473 : 1;
21474 : 1;
21475 : 1;
21476 : 0;
21477 : 1;
21478 : 1;
21479 : 1;
21480 : 1;
21481 : 1;
21482 : 0;
21483 : 0;
21484 : 1;
21485 : 1;
21486 : 0;
21487 : 1;
21488 : 1;
21489 : 0;
21490 : 0;
21491 : 1;
21492 : 0;
21493 : 1;
21494 : 1;
21495 : 0;
21496 : 1;
21497 : 0;
21498 : 0;
21499 : 0;
21500 : 1;
21501 : 0;
21502 : 0;
21503 : 0;
21504 : 1;
21505 : 1;
21506 : 1;
21507 : 1;
21508 : 1;
21509 : 1;
21510 : 0;
21511 : 0;
21512 : 1;
21513 : 1;
21514 : 1;
21515 : 0;
21516 : 0;
21517 : 1;
21518 : 0;
21519 : 1;
21520 : 0;
21521 : 0;
21522 : 1;
21523 : 0;
21524 : 1;
21525 : 0;
21526 : 0;
21527 : 1;
21528 : 0;
21529 : 0;
21530 : 0;
21531 : 0;
21532 : 1;
21533 : 0;
21534 : 0;
21535 : 0;
21536 : 1;
21537 : 1;
21538 : 0;
21539 : 0;
21540 : 1;
21541 : 0;
21542 : 0;
21543 : 1;
21544 : 0;
21545 : 0;
21546 : 1;
21547 : 0;
21548 : 1;
21549 : 0;
21550 : 0;
21551 : 0;
21552 : 0;
21553 : 0;
21554 : 1;
21555 : 0;
21556 : 1;
21557 : 0;
21558 : 0;
21559 : 0;
21560 : 1;
21561 : 0;
21562 : 0;
21563 : 1;
21564 : 1;
21565 : 0;
21566 : 1;
21567 : 0;
21568 : 0;
21569 : 1;
21570 : 1;
21571 : 0;
21572 : 0;
21573 : 1;
21574 : 1;
21575 : 0;
21576 : 1;
21577 : 0;
21578 : 0;
21579 : 1;
21580 : 1;
21581 : 1;
21582 : 1;
21583 : 1;
21584 : 0;
21585 : 1;
21586 : 1;
21587 : 1;
21588 : 1;
21589 : 1;
21590 : 0;
21591 : 1;
21592 : 1;
21593 : 0;
21594 : 0;
21595 : 1;
21596 : 1;
21597 : 0;
21598 : 1;
21599 : 0;
21600 : 1;
21601 : 1;
21602 : 1;
21603 : 1;
21604 : 1;
21605 : 0;
21606 : 1;
21607 : 0;
21608 : 0;
21609 : 1;
21610 : 1;
21611 : 1;
21612 : 1;
21613 : 1;
21614 : 1;
21615 : 1;
21616 : 1;
21617 : 0;
21618 : 0;
21619 : 1;
21620 : 1;
21621 : 1;
21622 : 1;
21623 : 1;
21624 : 0;
21625 : 1;
21626 : 0;
21627 : 0;
21628 : 1;
21629 : 1;
21630 : 0;
21631 : 1;
21632 : 1;
21633 : 1;
21634 : 0;
21635 : 0;
21636 : 1;
21637 : 0;
21638 : 1;
21639 : 0;
21640 : 0;
21641 : 0;
21642 : 1;
21643 : 0;
21644 : 1;
21645 : 0;
21646 : 1;
21647 : 1;
21648 : 0;
21649 : 0;
21650 : 1;
21651 : 0;
21652 : 0;
21653 : 0;
21654 : 1;
21655 : 0;
21656 : 1;
21657 : 0;
21658 : 1;
21659 : 1;
21660 : 1;
21661 : 0;
21662 : 1;
21663 : 1;
21664 : 1;
21665 : 1;
21666 : 1;
21667 : 1;
21668 : 0;
21669 : 0;
21670 : 1;
21671 : 1;
21672 : 1;
21673 : 0;
21674 : 0;
21675 : 1;
21676 : 1;
21677 : 1;
21678 : 1;
21679 : 1;
21680 : 0;
21681 : 0;
21682 : 0;
21683 : 1;
21684 : 1;
21685 : 1;
21686 : 0;
21687 : 1;
21688 : 0;
21689 : 1;
21690 : 1;
21691 : 1;
21692 : 1;
21693 : 0;
21694 : 0;
21695 : 1;
21696 : 1;
21697 : 0;
21698 : 1;
21699 : 1;
21700 : 1;
21701 : 1;
21702 : 0;
21703 : 0;
21704 : 0;
21705 : 0;
21706 : 1;
21707 : 1;
21708 : 1;
21709 : 0;
21710 : 1;
21711 : 1;
21712 : 1;
21713 : 1;
21714 : 1;
21715 : 0;
21716 : 0;
21717 : 1;
21718 : 0;
21719 : 1;
21720 : 1;
21721 : 0;
21722 : 1;
21723 : 0;
21724 : 1;
21725 : 1;
21726 : 1;
21727 : 0;
21728 : 0;
21729 : 0;
21730 : 1;
21731 : 1;
21732 : 1;
21733 : 0;
21734 : 1;
21735 : 0;
21736 : 1;
21737 : 0;
21738 : 1;
21739 : 0;
21740 : 1;
21741 : 0;
21742 : 0;
21743 : 0;
21744 : 0;
21745 : 0;
21746 : 1;
21747 : 0;
21748 : 0;
21749 : 1;
21750 : 0;
21751 : 1;
21752 : 1;
21753 : 0;
21754 : 0;
21755 : 1;
21756 : 0;
21757 : 1;
21758 : 0;
21759 : 1;
21760 : 0;
21761 : 1;
21762 : 1;
21763 : 1;
21764 : 1;
21765 : 0;
21766 : 0;
21767 : 0;
21768 : 0;
21769 : 0;
21770 : 0;
21771 : 0;
21772 : 1;
21773 : 1;
21774 : 1;
21775 : 1;
21776 : 0;
21777 : 1;
21778 : 1;
21779 : 1;
21780 : 0;
21781 : 1;
21782 : 1;
21783 : 0;
21784 : 0;
21785 : 0;
21786 : 1;
21787 : 0;
21788 : 1;
21789 : 1;
21790 : 1;
21791 : 1;
21792 : 1;
21793 : 1;
21794 : 0;
21795 : 1;
21796 : 0;
21797 : 0;
21798 : 1;
21799 : 0;
21800 : 0;
21801 : 0;
21802 : 1;
21803 : 1;
21804 : 0;
21805 : 1;
21806 : 1;
21807 : 1;
21808 : 0;
21809 : 0;
21810 : 1;
21811 : 0;
21812 : 0;
21813 : 0;
21814 : 0;
21815 : 1;
21816 : 0;
21817 : 1;
21818 : 0;
21819 : 0;
21820 : 0;
21821 : 0;
21822 : 0;
21823 : 0;
21824 : 0;
21825 : 0;
21826 : 0;
21827 : 1;
21828 : 0;
21829 : 0;
21830 : 1;
21831 : 1;
21832 : 0;
21833 : 1;
21834 : 1;
21835 : 1;
21836 : 1;
21837 : 0;
21838 : 0;
21839 : 0;
21840 : 1;
21841 : 1;
21842 : 1;
21843 : 1;
21844 : 1;
21845 : 0;
21846 : 1;
21847 : 0;
21848 : 0;
21849 : 1;
21850 : 0;
21851 : 1;
21852 : 1;
21853 : 1;
21854 : 1;
21855 : 0;
21856 : 0;
21857 : 0;
21858 : 1;
21859 : 1;
21860 : 1;
21861 : 1;
21862 : 1;
21863 : 1;
21864 : 1;
21865 : 1;
21866 : 0;
21867 : 1;
21868 : 0;
21869 : 1;
21870 : 0;
21871 : 0;
21872 : 0;
21873 : 0;
21874 : 0;
21875 : 1;
21876 : 1;
21877 : 1;
21878 : 0;
21879 : 1;
21880 : 0;
21881 : 0;
21882 : 0;
21883 : 1;
21884 : 0;
21885 : 1;
21886 : 0;
21887 : 1;
21888 : 1;
21889 : 0;
21890 : 1;
21891 : 0;
21892 : 1;
21893 : 0;
21894 : 0;
21895 : 0;
21896 : 0;
21897 : 1;
21898 : 1;
21899 : 0;
21900 : 0;
21901 : 1;
21902 : 0;
21903 : 0;
21904 : 0;
21905 : 1;
21906 : 1;
21907 : 1;
21908 : 1;
21909 : 0;
21910 : 0;
21911 : 0;
21912 : 1;
21913 : 1;
21914 : 1;
21915 : 1;
21916 : 1;
21917 : 0;
21918 : 0;
21919 : 1;
21920 : 1;
21921 : 1;
21922 : 1;
21923 : 1;
21924 : 1;
21925 : 0;
21926 : 0;
21927 : 1;
21928 : 0;
21929 : 0;
21930 : 0;
21931 : 1;
21932 : 1;
21933 : 1;
21934 : 1;
21935 : 0;
21936 : 0;
21937 : 1;
21938 : 1;
21939 : 1;
21940 : 0;
21941 : 1;
21942 : 0;
21943 : 0;
21944 : 1;
21945 : 1;
21946 : 0;
21947 : 0;
21948 : 0;
21949 : 1;
21950 : 1;
21951 : 0;
21952 : 0;
21953 : 0;
21954 : 1;
21955 : 0;
21956 : 0;
21957 : 1;
21958 : 1;
21959 : 0;
21960 : 0;
21961 : 1;
21962 : 1;
21963 : 0;
21964 : 1;
21965 : 0;
21966 : 0;
21967 : 0;
21968 : 1;
21969 : 1;
21970 : 0;
21971 : 1;
21972 : 1;
21973 : 1;
21974 : 0;
21975 : 1;
21976 : 0;
21977 : 0;
21978 : 1;
21979 : 1;
21980 : 1;
21981 : 0;
21982 : 0;
21983 : 0;
21984 : 0;
21985 : 0;
21986 : 1;
21987 : 0;
21988 : 1;
21989 : 0;
21990 : 0;
21991 : 0;
21992 : 0;
21993 : 1;
21994 : 1;
21995 : 1;
21996 : 0;
21997 : 0;
21998 : 0;
21999 : 0;
22000 : 0;
22001 : 1;
22002 : 0;
22003 : 0;
22004 : 1;
22005 : 0;
22006 : 1;
22007 : 1;
22008 : 0;
22009 : 0;
22010 : 1;
22011 : 1;
22012 : 0;
22013 : 0;
22014 : 1;
22015 : 0;
22016 : 0;
22017 : 0;
22018 : 0;
22019 : 1;
22020 : 0;
22021 : 1;
22022 : 0;
22023 : 1;
22024 : 1;
22025 : 0;
22026 : 1;
22027 : 1;
22028 : 1;
22029 : 1;
22030 : 1;
22031 : 0;
22032 : 1;
22033 : 0;
22034 : 1;
22035 : 0;
22036 : 0;
22037 : 1;
22038 : 1;
22039 : 0;
22040 : 1;
22041 : 1;
22042 : 0;
22043 : 0;
22044 : 1;
22045 : 0;
22046 : 1;
22047 : 1;
22048 : 1;
22049 : 0;
22050 : 0;
22051 : 1;
22052 : 1;
22053 : 0;
22054 : 0;
22055 : 1;
22056 : 1;
22057 : 0;
22058 : 0;
22059 : 0;
22060 : 1;
22061 : 0;
22062 : 0;
22063 : 0;
22064 : 0;
22065 : 1;
22066 : 0;
22067 : 1;
22068 : 1;
22069 : 0;
22070 : 0;
22071 : 0;
22072 : 1;
22073 : 1;
22074 : 1;
22075 : 0;
22076 : 1;
22077 : 1;
22078 : 0;
22079 : 0;
22080 : 0;
22081 : 1;
22082 : 0;
22083 : 0;
22084 : 0;
22085 : 0;
22086 : 1;
22087 : 1;
22088 : 0;
22089 : 1;
22090 : 0;
22091 : 0;
22092 : 0;
22093 : 1;
22094 : 0;
22095 : 0;
22096 : 0;
22097 : 0;
22098 : 0;
22099 : 1;
22100 : 0;
22101 : 1;
22102 : 1;
22103 : 0;
22104 : 0;
22105 : 1;
22106 : 1;
22107 : 1;
22108 : 0;
22109 : 0;
22110 : 1;
22111 : 0;
22112 : 0;
22113 : 1;
22114 : 1;
22115 : 0;
22116 : 0;
22117 : 1;
22118 : 1;
22119 : 0;
22120 : 1;
22121 : 1;
22122 : 1;
22123 : 0;
22124 : 0;
22125 : 0;
22126 : 1;
22127 : 0;
22128 : 0;
22129 : 0;
22130 : 1;
22131 : 1;
22132 : 0;
22133 : 1;
22134 : 1;
22135 : 1;
22136 : 1;
22137 : 1;
22138 : 0;
22139 : 1;
22140 : 0;
22141 : 0;
22142 : 1;
22143 : 1;
22144 : 1;
22145 : 0;
22146 : 0;
22147 : 0;
22148 : 1;
22149 : 0;
22150 : 0;
22151 : 0;
22152 : 0;
22153 : 0;
22154 : 0;
22155 : 1;
22156 : 1;
22157 : 1;
22158 : 1;
22159 : 0;
22160 : 0;
22161 : 1;
22162 : 0;
22163 : 1;
22164 : 1;
22165 : 0;
22166 : 1;
22167 : 0;
22168 : 0;
22169 : 1;
22170 : 0;
22171 : 0;
22172 : 1;
22173 : 0;
22174 : 1;
22175 : 0;
22176 : 0;
22177 : 0;
22178 : 1;
22179 : 1;
22180 : 1;
22181 : 1;
22182 : 1;
22183 : 1;
22184 : 0;
22185 : 1;
22186 : 1;
22187 : 0;
22188 : 1;
22189 : 1;
22190 : 0;
22191 : 1;
22192 : 1;
22193 : 1;
22194 : 0;
22195 : 0;
22196 : 1;
22197 : 0;
22198 : 0;
22199 : 0;
22200 : 1;
22201 : 0;
22202 : 1;
22203 : 1;
22204 : 0;
22205 : 1;
22206 : 0;
22207 : 0;
22208 : 1;
22209 : 1;
22210 : 1;
22211 : 0;
22212 : 0;
22213 : 0;
22214 : 1;
22215 : 0;
22216 : 1;
22217 : 1;
22218 : 0;
22219 : 1;
22220 : 1;
22221 : 0;
22222 : 1;
22223 : 0;
22224 : 1;
22225 : 1;
22226 : 1;
22227 : 0;
22228 : 0;
22229 : 1;
22230 : 1;
22231 : 1;
22232 : 0;
22233 : 1;
22234 : 0;
22235 : 0;
22236 : 1;
22237 : 0;
22238 : 0;
22239 : 1;
22240 : 0;
22241 : 0;
22242 : 0;
22243 : 0;
22244 : 0;
22245 : 1;
22246 : 0;
22247 : 1;
22248 : 0;
22249 : 1;
22250 : 0;
22251 : 1;
22252 : 1;
22253 : 1;
22254 : 1;
22255 : 0;
22256 : 0;
22257 : 1;
22258 : 1;
22259 : 0;
22260 : 1;
22261 : 0;
22262 : 0;
22263 : 0;
22264 : 0;
22265 : 0;
22266 : 0;
22267 : 1;
22268 : 0;
22269 : 1;
22270 : 1;
22271 : 1;
22272 : 1;
22273 : 0;
22274 : 0;
22275 : 1;
22276 : 0;
22277 : 1;
22278 : 0;
22279 : 1;
22280 : 0;
22281 : 0;
22282 : 0;
22283 : 1;
22284 : 1;
22285 : 0;
22286 : 0;
22287 : 0;
22288 : 1;
22289 : 0;
22290 : 1;
22291 : 0;
22292 : 1;
22293 : 1;
22294 : 1;
22295 : 0;
22296 : 1;
22297 : 1;
22298 : 0;
22299 : 1;
22300 : 0;
22301 : 1;
22302 : 0;
22303 : 0;
22304 : 1;
22305 : 0;
22306 : 0;
22307 : 1;
22308 : 0;
22309 : 1;
22310 : 0;
22311 : 1;
22312 : 1;
22313 : 0;
22314 : 0;
22315 : 1;
22316 : 1;
22317 : 0;
22318 : 1;
22319 : 1;
22320 : 0;
22321 : 1;
22322 : 0;
22323 : 0;
22324 : 1;
22325 : 0;
22326 : 1;
22327 : 1;
22328 : 1;
22329 : 0;
22330 : 0;
22331 : 0;
22332 : 1;
22333 : 0;
22334 : 1;
22335 : 1;
22336 : 0;
22337 : 0;
22338 : 1;
22339 : 0;
22340 : 1;
22341 : 1;
22342 : 0;
22343 : 0;
22344 : 1;
22345 : 0;
22346 : 1;
22347 : 0;
22348 : 0;
22349 : 1;
22350 : 0;
22351 : 1;
22352 : 0;
22353 : 1;
22354 : 1;
22355 : 1;
22356 : 0;
22357 : 1;
22358 : 1;
22359 : 1;
22360 : 0;
22361 : 1;
22362 : 1;
22363 : 0;
22364 : 1;
22365 : 0;
22366 : 1;
22367 : 0;
22368 : 1;
22369 : 0;
22370 : 1;
22371 : 0;
22372 : 1;
22373 : 0;
22374 : 1;
22375 : 1;
22376 : 0;
22377 : 1;
22378 : 0;
22379 : 1;
22380 : 1;
22381 : 0;
22382 : 0;
22383 : 1;
22384 : 0;
22385 : 1;
22386 : 0;
22387 : 1;
22388 : 0;
22389 : 0;
22390 : 1;
22391 : 0;
22392 : 0;
22393 : 0;
22394 : 1;
22395 : 1;
22396 : 0;
22397 : 1;
22398 : 0;
22399 : 1;
22400 : 0;
22401 : 0;
22402 : 1;
22403 : 0;
22404 : 1;
22405 : 0;
22406 : 0;
22407 : 1;
22408 : 0;
22409 : 1;
22410 : 0;
22411 : 0;
22412 : 1;
22413 : 0;
22414 : 0;
22415 : 1;
22416 : 1;
22417 : 1;
22418 : 0;
22419 : 0;
22420 : 1;
22421 : 0;
22422 : 0;
22423 : 0;
22424 : 0;
22425 : 0;
22426 : 0;
22427 : 1;
22428 : 0;
22429 : 0;
22430 : 1;
22431 : 1;
22432 : 0;
22433 : 1;
22434 : 0;
22435 : 0;
22436 : 0;
22437 : 1;
22438 : 0;
22439 : 1;
22440 : 1;
22441 : 1;
22442 : 1;
22443 : 0;
22444 : 1;
22445 : 1;
22446 : 0;
22447 : 1;
22448 : 1;
22449 : 0;
22450 : 0;
22451 : 1;
22452 : 0;
22453 : 0;
22454 : 0;
22455 : 0;
22456 : 1;
22457 : 1;
22458 : 1;
22459 : 0;
22460 : 1;
22461 : 0;
22462 : 1;
22463 : 0;
22464 : 1;
22465 : 0;
22466 : 0;
22467 : 1;
22468 : 1;
22469 : 0;
22470 : 1;
22471 : 0;
22472 : 0;
22473 : 1;
22474 : 0;
22475 : 0;
22476 : 1;
22477 : 0;
22478 : 1;
22479 : 0;
22480 : 0;
22481 : 0;
22482 : 0;
22483 : 1;
22484 : 0;
22485 : 0;
22486 : 0;
22487 : 1;
22488 : 1;
22489 : 0;
22490 : 0;
22491 : 0;
22492 : 1;
22493 : 0;
22494 : 0;
22495 : 0;
22496 : 1;
22497 : 0;
22498 : 1;
22499 : 0;
22500 : 0;
22501 : 0;
22502 : 1;
22503 : 0;
22504 : 1;
22505 : 1;
22506 : 0;
22507 : 1;
22508 : 0;
22509 : 1;
22510 : 1;
22511 : 0;
22512 : 1;
22513 : 0;
22514 : 0;
22515 : 0;
22516 : 1;
22517 : 1;
22518 : 1;
22519 : 1;
22520 : 1;
22521 : 1;
22522 : 0;
22523 : 0;
22524 : 0;
22525 : 1;
22526 : 0;
22527 : 0;
22528 : 1;
22529 : 0;
22530 : 0;
22531 : 0;
22532 : 1;
22533 : 1;
22534 : 0;
22535 : 0;
22536 : 1;
22537 : 1;
22538 : 1;
22539 : 1;
22540 : 0;
22541 : 1;
22542 : 1;
22543 : 1;
22544 : 1;
22545 : 0;
22546 : 0;
22547 : 0;
22548 : 0;
22549 : 0;
22550 : 1;
22551 : 1;
22552 : 0;
22553 : 0;
22554 : 1;
22555 : 1;
22556 : 1;
22557 : 1;
22558 : 1;
22559 : 0;
22560 : 1;
22561 : 1;
22562 : 1;
22563 : 1;
22564 : 1;
22565 : 0;
22566 : 1;
22567 : 1;
22568 : 1;
22569 : 0;
22570 : 1;
22571 : 1;
22572 : 0;
22573 : 0;
22574 : 0;
22575 : 0;
22576 : 0;
22577 : 0;
22578 : 1;
22579 : 1;
22580 : 1;
22581 : 1;
22582 : 0;
22583 : 1;
22584 : 0;
22585 : 0;
22586 : 0;
22587 : 0;
22588 : 0;
22589 : 0;
22590 : 1;
22591 : 1;
22592 : 0;
22593 : 1;
22594 : 0;
22595 : 1;
22596 : 1;
22597 : 0;
22598 : 0;
22599 : 1;
22600 : 1;
22601 : 0;
22602 : 1;
22603 : 0;
22604 : 0;
22605 : 1;
22606 : 0;
22607 : 1;
22608 : 0;
22609 : 0;
22610 : 1;
22611 : 0;
22612 : 0;
22613 : 0;
22614 : 0;
22615 : 1;
22616 : 1;
22617 : 0;
22618 : 0;
22619 : 0;
22620 : 1;
22621 : 0;
22622 : 0;
22623 : 1;
22624 : 0;
22625 : 0;
22626 : 1;
22627 : 0;
22628 : 0;
22629 : 1;
22630 : 1;
22631 : 1;
22632 : 0;
22633 : 0;
22634 : 1;
22635 : 1;
22636 : 0;
22637 : 1;
22638 : 0;
22639 : 1;
22640 : 1;
22641 : 1;
22642 : 0;
22643 : 1;
22644 : 0;
22645 : 0;
22646 : 0;
22647 : 1;
22648 : 1;
22649 : 1;
22650 : 1;
22651 : 1;
22652 : 0;
22653 : 1;
22654 : 0;
22655 : 0;
22656 : 0;
22657 : 0;
22658 : 1;
22659 : 0;
22660 : 0;
22661 : 0;
22662 : 0;
22663 : 1;
22664 : 0;
22665 : 1;
22666 : 0;
22667 : 1;
22668 : 0;
22669 : 0;
22670 : 1;
22671 : 1;
22672 : 1;
22673 : 1;
22674 : 1;
22675 : 1;
22676 : 0;
22677 : 1;
22678 : 0;
22679 : 0;
22680 : 0;
22681 : 0;
22682 : 0;
22683 : 1;
22684 : 0;
22685 : 1;
22686 : 1;
22687 : 1;
22688 : 1;
22689 : 0;
22690 : 0;
22691 : 0;
22692 : 0;
22693 : 0;
22694 : 0;
22695 : 1;
22696 : 1;
22697 : 1;
22698 : 0;
22699 : 1;
22700 : 1;
22701 : 0;
22702 : 0;
22703 : 0;
22704 : 1;
22705 : 1;
22706 : 1;
22707 : 1;
22708 : 0;
22709 : 0;
22710 : 0;
22711 : 1;
22712 : 1;
22713 : 0;
22714 : 0;
22715 : 0;
22716 : 1;
22717 : 0;
22718 : 0;
22719 : 1;
22720 : 1;
22721 : 1;
22722 : 0;
22723 : 1;
22724 : 1;
22725 : 1;
22726 : 0;
22727 : 1;
22728 : 1;
22729 : 0;
22730 : 1;
22731 : 0;
22732 : 0;
22733 : 0;
22734 : 0;
22735 : 1;
22736 : 0;
22737 : 1;
22738 : 0;
22739 : 0;
22740 : 0;
22741 : 0;
22742 : 1;
22743 : 1;
22744 : 0;
22745 : 0;
22746 : 0;
22747 : 1;
22748 : 0;
22749 : 0;
22750 : 0;
22751 : 0;
22752 : 1;
22753 : 1;
22754 : 1;
22755 : 0;
22756 : 0;
22757 : 0;
22758 : 1;
22759 : 0;
22760 : 1;
22761 : 1;
22762 : 0;
22763 : 1;
22764 : 1;
22765 : 0;
22766 : 0;
22767 : 1;
22768 : 1;
22769 : 1;
22770 : 1;
22771 : 1;
22772 : 1;
22773 : 0;
22774 : 1;
22775 : 1;
22776 : 1;
22777 : 1;
22778 : 1;
22779 : 1;
22780 : 1;
22781 : 1;
22782 : 0;
22783 : 1;
22784 : 0;
22785 : 0;
22786 : 0;
22787 : 0;
22788 : 1;
22789 : 1;
22790 : 0;
22791 : 0;
22792 : 0;
22793 : 0;
22794 : 0;
22795 : 0;
22796 : 1;
22797 : 1;
22798 : 0;
22799 : 0;
22800 : 1;
22801 : 1;
22802 : 1;
22803 : 0;
22804 : 1;
22805 : 1;
22806 : 1;
22807 : 1;
22808 : 1;
22809 : 0;
22810 : 1;
22811 : 0;
22812 : 1;
22813 : 0;
22814 : 1;
22815 : 1;
22816 : 0;
22817 : 1;
22818 : 0;
22819 : 1;
22820 : 0;
22821 : 1;
22822 : 1;
22823 : 0;
22824 : 0;
22825 : 1;
22826 : 0;
22827 : 1;
22828 : 0;
22829 : 1;
22830 : 0;
22831 : 1;
22832 : 0;
22833 : 0;
22834 : 1;
22835 : 0;
22836 : 0;
22837 : 0;
22838 : 1;
22839 : 0;
22840 : 0;
22841 : 1;
22842 : 1;
22843 : 0;
22844 : 0;
22845 : 0;
22846 : 1;
22847 : 0;
22848 : 0;
22849 : 0;
22850 : 1;
22851 : 0;
22852 : 1;
22853 : 0;
22854 : 0;
22855 : 1;
22856 : 1;
22857 : 1;
22858 : 0;
22859 : 0;
22860 : 0;
22861 : 0;
22862 : 1;
22863 : 0;
22864 : 1;
22865 : 0;
22866 : 0;
22867 : 0;
22868 : 1;
22869 : 0;
22870 : 0;
22871 : 0;
22872 : 1;
22873 : 0;
22874 : 1;
22875 : 0;
22876 : 0;
22877 : 0;
22878 : 1;
22879 : 0;
22880 : 0;
22881 : 1;
22882 : 1;
22883 : 0;
22884 : 1;
22885 : 1;
22886 : 0;
22887 : 1;
22888 : 0;
22889 : 0;
22890 : 0;
22891 : 1;
22892 : 1;
22893 : 0;
22894 : 1;
22895 : 0;
22896 : 0;
22897 : 1;
22898 : 1;
22899 : 0;
22900 : 1;
22901 : 1;
22902 : 0;
22903 : 0;
22904 : 0;
22905 : 1;
22906 : 1;
22907 : 1;
22908 : 0;
22909 : 0;
22910 : 0;
22911 : 0;
22912 : 0;
22913 : 1;
22914 : 1;
22915 : 1;
22916 : 1;
22917 : 1;
22918 : 1;
22919 : 0;
22920 : 0;
22921 : 0;
22922 : 1;
22923 : 0;
22924 : 1;
22925 : 1;
22926 : 1;
22927 : 0;
22928 : 0;
22929 : 1;
22930 : 1;
22931 : 0;
22932 : 1;
22933 : 0;
22934 : 1;
22935 : 1;
22936 : 1;
22937 : 0;
22938 : 0;
22939 : 1;
22940 : 1;
22941 : 1;
22942 : 1;
22943 : 1;
22944 : 0;
22945 : 0;
22946 : 0;
22947 : 0;
22948 : 1;
22949 : 1;
22950 : 0;
22951 : 1;
22952 : 0;
22953 : 1;
22954 : 1;
22955 : 0;
22956 : 1;
22957 : 1;
22958 : 1;
22959 : 0;
22960 : 1;
22961 : 1;
22962 : 0;
22963 : 1;
22964 : 1;
22965 : 1;
22966 : 0;
22967 : 1;
22968 : 1;
22969 : 1;
22970 : 0;
22971 : 1;
22972 : 0;
22973 : 0;
22974 : 1;
22975 : 0;
22976 : 0;
22977 : 0;
22978 : 1;
22979 : 0;
22980 : 1;
22981 : 1;
22982 : 1;
22983 : 0;
22984 : 0;
22985 : 1;
22986 : 0;
22987 : 0;
22988 : 1;
22989 : 0;
22990 : 1;
22991 : 0;
22992 : 1;
22993 : 0;
22994 : 1;
22995 : 1;
22996 : 1;
22997 : 0;
22998 : 1;
22999 : 0;
23000 : 0;
23001 : 1;
23002 : 0;
23003 : 1;
23004 : 1;
23005 : 1;
23006 : 0;
23007 : 1;
23008 : 0;
23009 : 1;
23010 : 0;
23011 : 0;
23012 : 0;
23013 : 1;
23014 : 0;
23015 : 1;
23016 : 1;
23017 : 0;
23018 : 0;
23019 : 0;
23020 : 0;
23021 : 1;
23022 : 0;
23023 : 0;
23024 : 0;
23025 : 1;
23026 : 1;
23027 : 0;
23028 : 0;
23029 : 1;
23030 : 1;
23031 : 0;
23032 : 0;
23033 : 1;
23034 : 0;
23035 : 0;
23036 : 0;
23037 : 1;
23038 : 0;
23039 : 0;
23040 : 0;
23041 : 0;
23042 : 0;
23043 : 1;
23044 : 1;
23045 : 1;
23046 : 1;
23047 : 0;
23048 : 1;
23049 : 0;
23050 : 1;
23051 : 1;
23052 : 1;
23053 : 1;
23054 : 1;
23055 : 0;
23056 : 1;
23057 : 1;
23058 : 1;
23059 : 1;
23060 : 1;
23061 : 0;
23062 : 1;
23063 : 1;
23064 : 0;
23065 : 0;
23066 : 0;
23067 : 1;
23068 : 0;
23069 : 1;
23070 : 0;
23071 : 0;
23072 : 1;
23073 : 0;
23074 : 0;
23075 : 0;
23076 : 0;
23077 : 1;
23078 : 1;
23079 : 0;
23080 : 1;
23081 : 0;
23082 : 0;
23083 : 0;
23084 : 0;
23085 : 0;
23086 : 0;
23087 : 0;
23088 : 0;
23089 : 0;
23090 : 1;
23091 : 0;
23092 : 0;
23093 : 1;
23094 : 1;
23095 : 1;
23096 : 0;
23097 : 1;
23098 : 0;
23099 : 1;
23100 : 0;
23101 : 1;
23102 : 0;
23103 : 0;
23104 : 0;
23105 : 0;
23106 : 1;
23107 : 1;
23108 : 1;
23109 : 0;
23110 : 0;
23111 : 1;
23112 : 0;
23113 : 0;
23114 : 1;
23115 : 0;
23116 : 0;
23117 : 0;
23118 : 0;
23119 : 1;
23120 : 1;
23121 : 0;
23122 : 0;
23123 : 1;
23124 : 1;
23125 : 1;
23126 : 0;
23127 : 1;
23128 : 1;
23129 : 1;
23130 : 1;
23131 : 0;
23132 : 0;
23133 : 1;
23134 : 1;
23135 : 1;
23136 : 0;
23137 : 1;
23138 : 1;
23139 : 0;
23140 : 1;
23141 : 0;
23142 : 1;
23143 : 0;
23144 : 1;
23145 : 0;
23146 : 0;
23147 : 0;
23148 : 1;
23149 : 1;
23150 : 0;
23151 : 0;
23152 : 1;
23153 : 0;
23154 : 1;
23155 : 1;
23156 : 1;
23157 : 1;
23158 : 0;
23159 : 0;
23160 : 0;
23161 : 0;
23162 : 0;
23163 : 1;
23164 : 1;
23165 : 0;
23166 : 1;
23167 : 1;
23168 : 0;
23169 : 1;
23170 : 0;
23171 : 1;
23172 : 1;
23173 : 0;
23174 : 1;
23175 : 1;
23176 : 0;
23177 : 1;
23178 : 1;
23179 : 0;
23180 : 1;
23181 : 1;
23182 : 1;
23183 : 1;
23184 : 1;
23185 : 1;
23186 : 0;
23187 : 1;
23188 : 1;
23189 : 0;
23190 : 0;
23191 : 1;
23192 : 1;
23193 : 1;
23194 : 1;
23195 : 1;
23196 : 1;
23197 : 1;
23198 : 0;
23199 : 1;
23200 : 0;
23201 : 1;
23202 : 0;
23203 : 1;
23204 : 0;
23205 : 1;
23206 : 0;
23207 : 0;
23208 : 0;
23209 : 1;
23210 : 1;
23211 : 0;
23212 : 0;
23213 : 1;
23214 : 1;
23215 : 0;
23216 : 0;
23217 : 0;
23218 : 1;
23219 : 0;
23220 : 1;
23221 : 1;
23222 : 1;
23223 : 0;
23224 : 1;
23225 : 0;
23226 : 0;
23227 : 0;
23228 : 1;
23229 : 0;
23230 : 0;
23231 : 0;
23232 : 0;
23233 : 0;
23234 : 0;
23235 : 1;
23236 : 1;
23237 : 1;
23238 : 0;
23239 : 0;
23240 : 1;
23241 : 1;
23242 : 0;
23243 : 1;
23244 : 1;
23245 : 1;
23246 : 0;
23247 : 1;
23248 : 0;
23249 : 1;
23250 : 1;
23251 : 0;
23252 : 1;
23253 : 1;
23254 : 1;
23255 : 1;
23256 : 1;
23257 : 1;
23258 : 1;
23259 : 1;
23260 : 1;
23261 : 1;
23262 : 1;
23263 : 0;
23264 : 0;
23265 : 0;
23266 : 1;
23267 : 1;
23268 : 0;
23269 : 0;
23270 : 1;
23271 : 1;
23272 : 1;
23273 : 0;
23274 : 0;
23275 : 0;
23276 : 1;
23277 : 0;
23278 : 1;
23279 : 0;
23280 : 1;
23281 : 0;
23282 : 0;
23283 : 1;
23284 : 0;
23285 : 0;
23286 : 0;
23287 : 1;
23288 : 0;
23289 : 0;
23290 : 1;
23291 : 0;
23292 : 0;
23293 : 0;
23294 : 1;
23295 : 1;
23296 : 0;
23297 : 0;
23298 : 0;
23299 : 1;
23300 : 0;
23301 : 1;
23302 : 0;
23303 : 0;
23304 : 1;
23305 : 0;
23306 : 1;
23307 : 0;
23308 : 0;
23309 : 1;
23310 : 1;
23311 : 1;
23312 : 0;
23313 : 1;
23314 : 0;
23315 : 1;
23316 : 1;
23317 : 1;
23318 : 0;
23319 : 0;
23320 : 0;
23321 : 0;
23322 : 0;
23323 : 0;
23324 : 0;
23325 : 1;
23326 : 1;
23327 : 0;
23328 : 0;
23329 : 0;
23330 : 1;
23331 : 0;
23332 : 1;
23333 : 0;
23334 : 0;
23335 : 0;
23336 : 1;
23337 : 1;
23338 : 0;
23339 : 1;
23340 : 1;
23341 : 0;
23342 : 1;
23343 : 0;
23344 : 1;
23345 : 0;
23346 : 1;
23347 : 1;
23348 : 1;
23349 : 1;
23350 : 1;
23351 : 0;
23352 : 1;
23353 : 1;
23354 : 0;
23355 : 1;
23356 : 0;
23357 : 0;
23358 : 0;
23359 : 1;
23360 : 0;
23361 : 0;
23362 : 1;
23363 : 0;
23364 : 0;
23365 : 1;
23366 : 1;
23367 : 0;
23368 : 1;
23369 : 1;
23370 : 0;
23371 : 1;
23372 : 0;
23373 : 0;
23374 : 1;
23375 : 0;
23376 : 0;
23377 : 1;
23378 : 0;
23379 : 1;
23380 : 0;
23381 : 1;
23382 : 1;
23383 : 0;
23384 : 1;
23385 : 1;
23386 : 0;
23387 : 0;
23388 : 1;
23389 : 0;
23390 : 0;
23391 : 1;
23392 : 1;
23393 : 0;
23394 : 0;
23395 : 1;
23396 : 0;
23397 : 1;
23398 : 0;
23399 : 1;
23400 : 1;
23401 : 0;
23402 : 1;
23403 : 0;
23404 : 1;
23405 : 1;
23406 : 1;
23407 : 1;
23408 : 1;
23409 : 1;
23410 : 0;
23411 : 0;
23412 : 1;
23413 : 1;
23414 : 0;
23415 : 0;
23416 : 0;
23417 : 1;
23418 : 1;
23419 : 0;
23420 : 0;
23421 : 1;
23422 : 0;
23423 : 0;
23424 : 1;
23425 : 1;
23426 : 0;
23427 : 0;
23428 : 0;
23429 : 1;
23430 : 0;
23431 : 1;
23432 : 0;
23433 : 0;
23434 : 0;
23435 : 0;
23436 : 0;
23437 : 0;
23438 : 1;
23439 : 0;
23440 : 0;
23441 : 0;
23442 : 0;
23443 : 1;
23444 : 0;
23445 : 1;
23446 : 1;
23447 : 1;
23448 : 1;
23449 : 0;
23450 : 1;
23451 : 1;
23452 : 0;
23453 : 1;
23454 : 1;
23455 : 1;
23456 : 1;
23457 : 1;
23458 : 1;
23459 : 1;
23460 : 0;
23461 : 0;
23462 : 1;
23463 : 1;
23464 : 1;
23465 : 0;
23466 : 1;
23467 : 0;
23468 : 1;
23469 : 1;
23470 : 0;
23471 : 0;
23472 : 0;
23473 : 0;
23474 : 1;
23475 : 1;
23476 : 1;
23477 : 0;
23478 : 0;
23479 : 0;
23480 : 0;
23481 : 1;
23482 : 1;
23483 : 0;
23484 : 1;
23485 : 1;
23486 : 1;
23487 : 1;
23488 : 1;
23489 : 0;
23490 : 0;
23491 : 0;
23492 : 1;
23493 : 1;
23494 : 1;
23495 : 1;
23496 : 0;
23497 : 0;
23498 : 1;
23499 : 1;
23500 : 0;
23501 : 1;
23502 : 0;
23503 : 1;
23504 : 0;
23505 : 1;
23506 : 0;
23507 : 0;
23508 : 1;
23509 : 1;
23510 : 1;
23511 : 1;
23512 : 1;
23513 : 0;
23514 : 0;
23515 : 1;
23516 : 0;
23517 : 0;
23518 : 1;
23519 : 1;
23520 : 1;
23521 : 1;
23522 : 1;
23523 : 0;
23524 : 0;
23525 : 1;
23526 : 1;
23527 : 0;
23528 : 0;
23529 : 1;
23530 : 0;
23531 : 0;
23532 : 0;
23533 : 1;
23534 : 0;
23535 : 1;
23536 : 1;
23537 : 0;
23538 : 0;
23539 : 1;
23540 : 1;
23541 : 0;
23542 : 1;
23543 : 0;
23544 : 0;
23545 : 0;
23546 : 0;
23547 : 0;
23548 : 0;
23549 : 0;
23550 : 0;
23551 : 0;
23552 : 1;
23553 : 1;
23554 : 1;
23555 : 1;
23556 : 0;
23557 : 0;
23558 : 0;
23559 : 1;
23560 : 1;
23561 : 0;
23562 : 1;
23563 : 0;
23564 : 0;
23565 : 0;
23566 : 0;
23567 : 1;
23568 : 0;
23569 : 0;
23570 : 0;
23571 : 0;
23572 : 0;
23573 : 0;
23574 : 0;
23575 : 1;
23576 : 1;
23577 : 0;
23578 : 1;
23579 : 0;
23580 : 0;
23581 : 0;
23582 : 1;
23583 : 1;
23584 : 0;
23585 : 0;
23586 : 1;
23587 : 1;
23588 : 0;
23589 : 0;
23590 : 1;
23591 : 1;
23592 : 1;
23593 : 1;
23594 : 0;
23595 : 1;
23596 : 1;
23597 : 0;
23598 : 0;
23599 : 0;
23600 : 1;
23601 : 1;
23602 : 1;
23603 : 1;
23604 : 0;
23605 : 0;
23606 : 1;
23607 : 0;
23608 : 1;
23609 : 0;
23610 : 1;
23611 : 1;
23612 : 1;
23613 : 1;
23614 : 1;
23615 : 0;
23616 : 1;
23617 : 1;
23618 : 1;
23619 : 1;
23620 : 1;
23621 : 1;
23622 : 1;
23623 : 0;
23624 : 0;
23625 : 0;
23626 : 1;
23627 : 1;
23628 : 0;
23629 : 0;
23630 : 0;
23631 : 1;
23632 : 0;
23633 : 1;
23634 : 0;
23635 : 1;
23636 : 1;
23637 : 0;
23638 : 1;
23639 : 0;
23640 : 1;
23641 : 0;
23642 : 0;
23643 : 1;
23644 : 1;
23645 : 0;
23646 : 1;
23647 : 1;
23648 : 1;
23649 : 1;
23650 : 0;
23651 : 1;
23652 : 0;
23653 : 0;
23654 : 0;
23655 : 0;
23656 : 1;
23657 : 1;
23658 : 0;
23659 : 1;
23660 : 1;
23661 : 1;
23662 : 0;
23663 : 0;
23664 : 1;
23665 : 1;
23666 : 1;
23667 : 1;
23668 : 1;
23669 : 1;
23670 : 0;
23671 : 0;
23672 : 0;
23673 : 1;
23674 : 1;
23675 : 0;
23676 : 0;
23677 : 1;
23678 : 0;
23679 : 0;
23680 : 0;
23681 : 1;
23682 : 0;
23683 : 0;
23684 : 1;
23685 : 0;
23686 : 1;
23687 : 1;
23688 : 0;
23689 : 1;
23690 : 1;
23691 : 1;
23692 : 0;
23693 : 0;
23694 : 1;
23695 : 0;
23696 : 1;
23697 : 0;
23698 : 1;
23699 : 1;
23700 : 0;
23701 : 0;
23702 : 0;
23703 : 1;
23704 : 0;
23705 : 1;
23706 : 0;
23707 : 0;
23708 : 1;
23709 : 0;
23710 : 0;
23711 : 0;
23712 : 0;
23713 : 1;
23714 : 0;
23715 : 1;
23716 : 0;
23717 : 1;
23718 : 1;
23719 : 0;
23720 : 0;
23721 : 1;
23722 : 0;
23723 : 1;
23724 : 1;
23725 : 1;
23726 : 1;
23727 : 0;
23728 : 0;
23729 : 0;
23730 : 1;
23731 : 0;
23732 : 0;
23733 : 0;
23734 : 0;
23735 : 0;
23736 : 1;
23737 : 0;
23738 : 1;
23739 : 0;
23740 : 1;
23741 : 1;
23742 : 0;
23743 : 1;
23744 : 0;
23745 : 0;
23746 : 0;
23747 : 1;
23748 : 1;
23749 : 0;
23750 : 0;
23751 : 0;
23752 : 1;
23753 : 1;
23754 : 0;
23755 : 1;
23756 : 0;
23757 : 0;
23758 : 0;
23759 : 0;
23760 : 0;
23761 : 1;
23762 : 1;
23763 : 1;
23764 : 1;
23765 : 0;
23766 : 1;
23767 : 1;
23768 : 0;
23769 : 0;
23770 : 0;
23771 : 1;
23772 : 1;
23773 : 0;
23774 : 0;
23775 : 1;
23776 : 1;
23777 : 0;
23778 : 1;
23779 : 1;
23780 : 0;
23781 : 1;
23782 : 1;
23783 : 1;
23784 : 1;
23785 : 1;
23786 : 0;
23787 : 0;
23788 : 0;
23789 : 0;
23790 : 1;
23791 : 0;
23792 : 1;
23793 : 1;
23794 : 1;
23795 : 0;
23796 : 0;
23797 : 0;
23798 : 1;
23799 : 0;
23800 : 1;
23801 : 0;
23802 : 1;
23803 : 1;
23804 : 0;
23805 : 0;
23806 : 0;
23807 : 1;
23808 : 0;
23809 : 0;
23810 : 0;
23811 : 0;
23812 : 0;
23813 : 1;
23814 : 1;
23815 : 0;
23816 : 1;
23817 : 1;
23818 : 0;
23819 : 0;
23820 : 0;
23821 : 0;
23822 : 0;
23823 : 0;
23824 : 0;
23825 : 1;
23826 : 1;
23827 : 1;
23828 : 0;
23829 : 0;
23830 : 0;
23831 : 0;
23832 : 0;
23833 : 0;
23834 : 1;
23835 : 1;
23836 : 0;
23837 : 1;
23838 : 1;
23839 : 0;
23840 : 0;
23841 : 1;
23842 : 1;
23843 : 1;
23844 : 1;
23845 : 0;
23846 : 0;
23847 : 0;
23848 : 0;
23849 : 1;
23850 : 0;
23851 : 1;
23852 : 1;
23853 : 1;
23854 : 0;
23855 : 0;
23856 : 1;
23857 : 1;
23858 : 0;
23859 : 0;
23860 : 1;
23861 : 1;
23862 : 0;
23863 : 0;
23864 : 1;
23865 : 1;
23866 : 0;
23867 : 0;
23868 : 0;
23869 : 1;
23870 : 1;
23871 : 1;
23872 : 0;
23873 : 0;
23874 : 0;
23875 : 0;
23876 : 1;
23877 : 1;
23878 : 1;
23879 : 0;
23880 : 1;
23881 : 0;
23882 : 0;
23883 : 1;
23884 : 1;
23885 : 1;
23886 : 1;
23887 : 0;
23888 : 0;
23889 : 1;
23890 : 1;
23891 : 1;
23892 : 1;
23893 : 1;
23894 : 0;
23895 : 1;
23896 : 0;
23897 : 0;
23898 : 0;
23899 : 1;
23900 : 1;
23901 : 1;
23902 : 1;
23903 : 0;
23904 : 0;
23905 : 0;
23906 : 0;
23907 : 0;
23908 : 0;
23909 : 1;
23910 : 1;
23911 : 0;
23912 : 0;
23913 : 1;
23914 : 0;
23915 : 0;
23916 : 1;
23917 : 1;
23918 : 0;
23919 : 0;
23920 : 0;
23921 : 1;
23922 : 0;
23923 : 1;
23924 : 0;
23925 : 1;
23926 : 0;
23927 : 1;
23928 : 0;
23929 : 1;
23930 : 0;
23931 : 1;
23932 : 0;
23933 : 0;
23934 : 1;
23935 : 1;
23936 : 1;
23937 : 0;
23938 : 0;
23939 : 0;
23940 : 1;
23941 : 0;
23942 : 0;
23943 : 0;
23944 : 0;
23945 : 1;
23946 : 0;
23947 : 1;
23948 : 0;
23949 : 1;
23950 : 1;
23951 : 0;
23952 : 0;
23953 : 1;
23954 : 0;
23955 : 1;
23956 : 1;
23957 : 0;
23958 : 1;
23959 : 1;
23960 : 0;
23961 : 1;
23962 : 0;
23963 : 1;
23964 : 0;
23965 : 0;
23966 : 1;
23967 : 0;
23968 : 0;
23969 : 1;
23970 : 0;
23971 : 1;
23972 : 1;
23973 : 1;
23974 : 1;
23975 : 0;
23976 : 0;
23977 : 0;
23978 : 1;
23979 : 1;
23980 : 0;
23981 : 0;
23982 : 0;
23983 : 1;
23984 : 1;
23985 : 0;
23986 : 1;
23987 : 1;
23988 : 0;
23989 : 0;
23990 : 0;
23991 : 1;
23992 : 1;
23993 : 1;
23994 : 1;
23995 : 0;
23996 : 1;
23997 : 0;
23998 : 1;
23999 : 0;
24000 : 1;
24001 : 1;
24002 : 0;
24003 : 0;
24004 : 0;
24005 : 0;
24006 : 0;
24007 : 1;
24008 : 0;
24009 : 1;
24010 : 1;
24011 : 1;
24012 : 1;
24013 : 1;
24014 : 1;
24015 : 0;
24016 : 1;
24017 : 0;
24018 : 0;
24019 : 0;
24020 : 0;
24021 : 0;
24022 : 0;
24023 : 0;
24024 : 0;
24025 : 1;
24026 : 0;
24027 : 1;
24028 : 1;
24029 : 1;
24030 : 0;
24031 : 0;
24032 : 1;
24033 : 0;
24034 : 0;
24035 : 0;
24036 : 1;
24037 : 0;
24038 : 0;
24039 : 1;
24040 : 0;
24041 : 1;
24042 : 0;
24043 : 0;
24044 : 0;
24045 : 1;
24046 : 1;
24047 : 0;
24048 : 0;
24049 : 0;
24050 : 1;
24051 : 0;
24052 : 0;
24053 : 1;
24054 : 0;
24055 : 0;
24056 : 0;
24057 : 1;
24058 : 1;
24059 : 1;
24060 : 0;
24061 : 1;
24062 : 0;
24063 : 1;
24064 : 0;
24065 : 0;
24066 : 0;
24067 : 1;
24068 : 1;
24069 : 1;
24070 : 1;
24071 : 1;
24072 : 0;
24073 : 0;
24074 : 1;
24075 : 0;
24076 : 1;
24077 : 1;
24078 : 1;
24079 : 1;
24080 : 1;
24081 : 1;
24082 : 1;
24083 : 0;
24084 : 0;
24085 : 1;
24086 : 1;
24087 : 0;
24088 : 0;
24089 : 1;
24090 : 0;
24091 : 0;
24092 : 1;
24093 : 0;
24094 : 0;
24095 : 1;
24096 : 1;
24097 : 0;
24098 : 1;
24099 : 1;
24100 : 1;
24101 : 1;
24102 : 1;
24103 : 1;
24104 : 1;
24105 : 1;
24106 : 1;
24107 : 1;
24108 : 1;
24109 : 1;
24110 : 1;
24111 : 0;
24112 : 0;
24113 : 0;
24114 : 0;
24115 : 0;
24116 : 1;
24117 : 1;
24118 : 1;
24119 : 0;
24120 : 0;
24121 : 0;
24122 : 1;
24123 : 1;
24124 : 0;
24125 : 0;
24126 : 1;
24127 : 1;
24128 : 0;
24129 : 0;
24130 : 0;
24131 : 0;
24132 : 0;
24133 : 0;
24134 : 0;
24135 : 1;
24136 : 1;
24137 : 0;
24138 : 0;
24139 : 1;
24140 : 0;
24141 : 0;
24142 : 1;
24143 : 1;
24144 : 0;
24145 : 1;
24146 : 1;
24147 : 1;
24148 : 0;
24149 : 1;
24150 : 1;
24151 : 0;
24152 : 1;
24153 : 1;
24154 : 0;
24155 : 0;
24156 : 0;
24157 : 0;
24158 : 1;
24159 : 0;
24160 : 0;
24161 : 1;
24162 : 1;
24163 : 0;
24164 : 0;
24165 : 0;
24166 : 1;
24167 : 1;
24168 : 0;
24169 : 0;
24170 : 1;
24171 : 1;
24172 : 1;
24173 : 1;
24174 : 1;
24175 : 1;
24176 : 1;
24177 : 1;
24178 : 0;
24179 : 0;
24180 : 0;
24181 : 1;
24182 : 1;
24183 : 0;
24184 : 0;
24185 : 0;
24186 : 1;
24187 : 0;
24188 : 0;
24189 : 0;
24190 : 1;
24191 : 1;
24192 : 0;
24193 : 0;
24194 : 0;
24195 : 0;
24196 : 1;
24197 : 1;
24198 : 1;
24199 : 1;
24200 : 1;
24201 : 1;
24202 : 1;
24203 : 0;
24204 : 0;
24205 : 1;
24206 : 0;
24207 : 1;
24208 : 1;
24209 : 1;
24210 : 0;
24211 : 1;
24212 : 1;
24213 : 1;
24214 : 0;
24215 : 1;
24216 : 1;
24217 : 1;
24218 : 1;
24219 : 0;
24220 : 1;
24221 : 1;
24222 : 0;
24223 : 0;
24224 : 0;
24225 : 1;
24226 : 1;
24227 : 0;
24228 : 0;
24229 : 1;
24230 : 1;
24231 : 1;
24232 : 1;
24233 : 1;
24234 : 0;
24235 : 1;
24236 : 0;
24237 : 1;
24238 : 0;
24239 : 0;
24240 : 1;
24241 : 0;
24242 : 0;
24243 : 1;
24244 : 1;
24245 : 0;
24246 : 0;
24247 : 0;
24248 : 0;
24249 : 1;
24250 : 1;
24251 : 1;
24252 : 0;
24253 : 0;
24254 : 1;
24255 : 0;
24256 : 0;
24257 : 0;
24258 : 0;
24259 : 0;
24260 : 1;
24261 : 0;
24262 : 1;
24263 : 0;
24264 : 0;
24265 : 1;
24266 : 1;
24267 : 0;
24268 : 0;
24269 : 1;
24270 : 1;
24271 : 0;
24272 : 0;
24273 : 1;
24274 : 1;
24275 : 0;
24276 : 1;
24277 : 0;
24278 : 1;
24279 : 0;
24280 : 0;
24281 : 1;
24282 : 1;
24283 : 1;
24284 : 1;
24285 : 1;
24286 : 1;
24287 : 0;
24288 : 0;
24289 : 0;
24290 : 0;
24291 : 1;
24292 : 1;
24293 : 1;
24294 : 0;
24295 : 1;
24296 : 0;
24297 : 1;
24298 : 1;
24299 : 0;
24300 : 0;
24301 : 1;
24302 : 0;
24303 : 1;
24304 : 0;
24305 : 0;
24306 : 0;
24307 : 1;
24308 : 1;
24309 : 1;
24310 : 1;
24311 : 0;
24312 : 1;
24313 : 0;
24314 : 1;
24315 : 0;
24316 : 0;
24317 : 1;
24318 : 1;
24319 : 1;
24320 : 0;
24321 : 0;
24322 : 1;
24323 : 0;
24324 : 1;
24325 : 0;
24326 : 1;
24327 : 1;
24328 : 0;
24329 : 1;
24330 : 1;
24331 : 1;
24332 : 1;
24333 : 0;
24334 : 1;
24335 : 1;
24336 : 0;
24337 : 1;
24338 : 1;
24339 : 0;
24340 : 0;
24341 : 0;
24342 : 0;
24343 : 1;
24344 : 0;
24345 : 0;
24346 : 1;
24347 : 1;
24348 : 0;
24349 : 1;
24350 : 0;
24351 : 0;
24352 : 1;
24353 : 1;
24354 : 1;
24355 : 0;
24356 : 1;
24357 : 1;
24358 : 0;
24359 : 1;
24360 : 0;
24361 : 0;
24362 : 0;
24363 : 1;
24364 : 0;
24365 : 0;
24366 : 0;
24367 : 0;
24368 : 0;
24369 : 0;
24370 : 1;
24371 : 1;
24372 : 1;
24373 : 0;
24374 : 0;
24375 : 0;
24376 : 1;
24377 : 1;
24378 : 1;
24379 : 0;
24380 : 0;
24381 : 1;
24382 : 1;
24383 : 0;
24384 : 0;
24385 : 1;
24386 : 1;
24387 : 0;
24388 : 0;
24389 : 0;
24390 : 1;
24391 : 1;
24392 : 0;
24393 : 0;
24394 : 1;
24395 : 1;
24396 : 0;
24397 : 1;
24398 : 1;
24399 : 0;
24400 : 0;
24401 : 0;
24402 : 1;
24403 : 1;
24404 : 1;
24405 : 1;
24406 : 1;
24407 : 1;
24408 : 0;
24409 : 1;
24410 : 1;
24411 : 1;
24412 : 0;
24413 : 0;
24414 : 0;
24415 : 1;
24416 : 0;
24417 : 1;
24418 : 0;
24419 : 1;
24420 : 0;
24421 : 1;
24422 : 0;
24423 : 0;
24424 : 0;
24425 : 1;
24426 : 1;
24427 : 1;
24428 : 0;
24429 : 1;
24430 : 0;
24431 : 0;
24432 : 0;
24433 : 1;
24434 : 1;
24435 : 1;
24436 : 1;
24437 : 0;
24438 : 0;
24439 : 1;
24440 : 1;
24441 : 1;
24442 : 1;
24443 : 0;
24444 : 0;
24445 : 0;
24446 : 0;
24447 : 1;
24448 : 0;
24449 : 0;
24450 : 1;
24451 : 1;
24452 : 0;
24453 : 1;
24454 : 1;
24455 : 0;
24456 : 0;
24457 : 0;
24458 : 0;
24459 : 1;
24460 : 1;
24461 : 1;
24462 : 0;
24463 : 0;
24464 : 0;
24465 : 1;
24466 : 1;
24467 : 0;
24468 : 1;
24469 : 0;
24470 : 0;
24471 : 0;
24472 : 1;
24473 : 0;
24474 : 1;
24475 : 1;
24476 : 0;
24477 : 1;
24478 : 0;
24479 : 0;
24480 : 0;
24481 : 0;
24482 : 1;
24483 : 1;
24484 : 0;
24485 : 1;
24486 : 1;
24487 : 1;
24488 : 1;
24489 : 1;
24490 : 1;
24491 : 1;
24492 : 0;
24493 : 1;
24494 : 1;
24495 : 1;
24496 : 1;
24497 : 0;
24498 : 1;
24499 : 0;
24500 : 0;
24501 : 0;
24502 : 1;
24503 : 1;
24504 : 0;
24505 : 0;
24506 : 0;
24507 : 0;
24508 : 0;
24509 : 1;
24510 : 0;
24511 : 1;
24512 : 1;
24513 : 1;
24514 : 1;
24515 : 1;
24516 : 0;
24517 : 0;
24518 : 1;
24519 : 1;
24520 : 1;
24521 : 0;
24522 : 1;
24523 : 0;
24524 : 1;
24525 : 1;
24526 : 1;
24527 : 1;
24528 : 0;
24529 : 0;
24530 : 0;
24531 : 0;
24532 : 1;
24533 : 1;
24534 : 1;
24535 : 1;
24536 : 0;
24537 : 1;
24538 : 0;
24539 : 0;
24540 : 1;
24541 : 1;
24542 : 0;
24543 : 0;
24544 : 0;
24545 : 0;
24546 : 0;
24547 : 1;
24548 : 1;
24549 : 1;
24550 : 1;
24551 : 1;
24552 : 0;
24553 : 0;
24554 : 1;
24555 : 0;
24556 : 1;
24557 : 1;
24558 : 0;
24559 : 0;
24560 : 1;
24561 : 1;
24562 : 0;
24563 : 0;
24564 : 0;
24565 : 1;
24566 : 0;
24567 : 0;
24568 : 1;
24569 : 0;
24570 : 1;
24571 : 0;
24572 : 0;
24573 : 0;
24574 : 0;
24575 : 0;
24576 : 1;
24577 : 1;
24578 : 1;
24579 : 1;
24580 : 1;
24581 : 0;
24582 : 0;
24583 : 0;
24584 : 1;
24585 : 1;
24586 : 1;
24587 : 1;
24588 : 0;
24589 : 1;
24590 : 0;
24591 : 0;
24592 : 0;
24593 : 0;
24594 : 0;
24595 : 1;
24596 : 1;
24597 : 0;
24598 : 1;
24599 : 0;
24600 : 1;
24601 : 0;
24602 : 1;
24603 : 1;
24604 : 1;
24605 : 0;
24606 : 1;
24607 : 0;
24608 : 0;
24609 : 1;
24610 : 1;
24611 : 1;
24612 : 1;
24613 : 1;
24614 : 1;
24615 : 1;
24616 : 1;
24617 : 1;
24618 : 0;
24619 : 1;
24620 : 0;
24621 : 0;
24622 : 1;
24623 : 0;
24624 : 0;
24625 : 0;
24626 : 1;
24627 : 1;
24628 : 1;
24629 : 1;
24630 : 1;
24631 : 0;
24632 : 0;
24633 : 0;
24634 : 1;
24635 : 0;
24636 : 0;
24637 : 0;
24638 : 0;
24639 : 1;
24640 : 0;
24641 : 1;
24642 : 1;
24643 : 0;
24644 : 0;
24645 : 0;
24646 : 1;
24647 : 1;
24648 : 0;
24649 : 0;
24650 : 0;
24651 : 1;
24652 : 1;
24653 : 1;
24654 : 1;
24655 : 1;
24656 : 0;
24657 : 1;
24658 : 0;
24659 : 1;
24660 : 0;
24661 : 0;
24662 : 1;
24663 : 1;
24664 : 0;
24665 : 1;
24666 : 1;
24667 : 1;
24668 : 0;
24669 : 1;
24670 : 0;
24671 : 1;
24672 : 0;
24673 : 1;
24674 : 1;
24675 : 1;
24676 : 0;
24677 : 1;
24678 : 0;
24679 : 1;
24680 : 1;
24681 : 1;
24682 : 1;
24683 : 1;
24684 : 1;
24685 : 0;
24686 : 1;
24687 : 1;
24688 : 1;
24689 : 0;
24690 : 1;
24691 : 0;
24692 : 0;
24693 : 0;
24694 : 0;
24695 : 0;
24696 : 1;
24697 : 0;
24698 : 0;
24699 : 1;
24700 : 0;
24701 : 0;
24702 : 0;
24703 : 1;
24704 : 1;
24705 : 1;
24706 : 1;
24707 : 1;
24708 : 0;
24709 : 1;
24710 : 1;
24711 : 1;
24712 : 0;
24713 : 0;
24714 : 0;
24715 : 1;
24716 : 1;
24717 : 0;
24718 : 0;
24719 : 1;
24720 : 1;
24721 : 1;
24722 : 1;
24723 : 0;
24724 : 0;
24725 : 1;
24726 : 1;
24727 : 1;
24728 : 0;
24729 : 1;
24730 : 1;
24731 : 1;
24732 : 0;
24733 : 0;
24734 : 0;
24735 : 1;
24736 : 0;
24737 : 1;
24738 : 1;
24739 : 1;
24740 : 0;
24741 : 1;
24742 : 0;
24743 : 1;
24744 : 1;
24745 : 0;
24746 : 1;
24747 : 0;
24748 : 1;
24749 : 0;
24750 : 0;
24751 : 0;
24752 : 0;
24753 : 1;
24754 : 0;
24755 : 1;
24756 : 1;
24757 : 0;
24758 : 0;
24759 : 0;
24760 : 1;
24761 : 0;
24762 : 0;
24763 : 1;
24764 : 1;
24765 : 1;
24766 : 0;
24767 : 1;
24768 : 1;
24769 : 1;
24770 : 0;
24771 : 1;
24772 : 0;
24773 : 1;
24774 : 0;
24775 : 1;
24776 : 1;
24777 : 0;
24778 : 0;
24779 : 0;
24780 : 0;
24781 : 0;
24782 : 1;
24783 : 1;
24784 : 0;
24785 : 0;
24786 : 1;
24787 : 0;
24788 : 0;
24789 : 1;
24790 : 0;
24791 : 0;
24792 : 0;
24793 : 1;
24794 : 1;
24795 : 1;
24796 : 0;
24797 : 1;
24798 : 0;
24799 : 1;
24800 : 1;
24801 : 0;
24802 : 0;
24803 : 0;
24804 : 1;
24805 : 1;
24806 : 1;
24807 : 1;
24808 : 0;
24809 : 0;
24810 : 1;
24811 : 0;
24812 : 1;
24813 : 1;
24814 : 0;
24815 : 1;
24816 : 1;
24817 : 1;
24818 : 0;
24819 : 1;
24820 : 0;
24821 : 1;
24822 : 1;
24823 : 0;
24824 : 1;
24825 : 0;
24826 : 0;
24827 : 0;
24828 : 1;
24829 : 0;
24830 : 1;
24831 : 1;
24832 : 0;
24833 : 0;
24834 : 0;
24835 : 0;
24836 : 0;
24837 : 1;
24838 : 1;
24839 : 1;
24840 : 0;
24841 : 0;
24842 : 0;
24843 : 0;
24844 : 1;
24845 : 1;
24846 : 0;
24847 : 0;
24848 : 1;
24849 : 0;
24850 : 1;
24851 : 1;
24852 : 0;
24853 : 0;
24854 : 1;
24855 : 0;
24856 : 0;
24857 : 1;
24858 : 1;
24859 : 1;
24860 : 0;
24861 : 1;
24862 : 0;
24863 : 0;
24864 : 0;
24865 : 1;
24866 : 0;
24867 : 0;
24868 : 1;
24869 : 0;
24870 : 0;
24871 : 1;
24872 : 0;
24873 : 1;
24874 : 0;
24875 : 1;
24876 : 1;
24877 : 1;
24878 : 0;
24879 : 1;
24880 : 0;
24881 : 1;
24882 : 0;
24883 : 1;
24884 : 1;
24885 : 1;
24886 : 0;
24887 : 1;
24888 : 1;
24889 : 1;
24890 : 0;
24891 : 1;
24892 : 1;
24893 : 0;
24894 : 1;
24895 : 0;
24896 : 0;
24897 : 1;
24898 : 0;
24899 : 1;
24900 : 0;
24901 : 0;
24902 : 1;
24903 : 1;
24904 : 1;
24905 : 0;
24906 : 1;
24907 : 0;
24908 : 0;
24909 : 1;
24910 : 1;
24911 : 1;
24912 : 0;
24913 : 0;
24914 : 0;
24915 : 0;
24916 : 0;
24917 : 0;
24918 : 1;
24919 : 1;
24920 : 0;
24921 : 0;
24922 : 1;
24923 : 1;
24924 : 0;
24925 : 1;
24926 : 1;
24927 : 1;
24928 : 0;
24929 : 1;
24930 : 1;
24931 : 0;
24932 : 0;
24933 : 0;
24934 : 0;
24935 : 1;
24936 : 0;
24937 : 1;
24938 : 1;
24939 : 1;
24940 : 0;
24941 : 1;
24942 : 0;
24943 : 0;
24944 : 1;
24945 : 1;
24946 : 1;
24947 : 0;
24948 : 0;
24949 : 1;
24950 : 1;
24951 : 1;
24952 : 1;
24953 : 0;
24954 : 1;
24955 : 1;
24956 : 1;
24957 : 0;
24958 : 0;
24959 : 0;
24960 : 1;
24961 : 0;
24962 : 1;
24963 : 0;
24964 : 1;
24965 : 1;
24966 : 0;
24967 : 1;
24968 : 0;
24969 : 1;
24970 : 0;
24971 : 1;
24972 : 1;
24973 : 1;
24974 : 1;
24975 : 1;
24976 : 1;
24977 : 1;
24978 : 1;
24979 : 0;
24980 : 1;
24981 : 0;
24982 : 0;
24983 : 0;
24984 : 0;
24985 : 0;
24986 : 1;
24987 : 0;
24988 : 1;
24989 : 0;
24990 : 0;
24991 : 0;
24992 : 0;
24993 : 1;
24994 : 1;
24995 : 0;
24996 : 0;
24997 : 1;
24998 : 1;
24999 : 0;
25000 : 0;
25001 : 1;
25002 : 1;
25003 : 0;
25004 : 0;
25005 : 1;
25006 : 0;
25007 : 1;
25008 : 0;
25009 : 0;
25010 : 1;
25011 : 1;
25012 : 1;
25013 : 0;
25014 : 1;
25015 : 1;
25016 : 1;
25017 : 1;
25018 : 1;
25019 : 0;
25020 : 1;
25021 : 1;
25022 : 1;
25023 : 0;
25024 : 1;
25025 : 1;
25026 : 0;
25027 : 1;
25028 : 0;
25029 : 0;
25030 : 0;
25031 : 0;
25032 : 0;
25033 : 1;
25034 : 0;
25035 : 0;
25036 : 1;
25037 : 1;
25038 : 0;
25039 : 1;
25040 : 0;
25041 : 0;
25042 : 1;
25043 : 1;
25044 : 0;
25045 : 0;
25046 : 1;
25047 : 0;
25048 : 1;
25049 : 1;
25050 : 1;
25051 : 0;
25052 : 1;
25053 : 0;
25054 : 1;
25055 : 0;
25056 : 0;
25057 : 1;
25058 : 1;
25059 : 1;
25060 : 0;
25061 : 0;
25062 : 1;
25063 : 1;
25064 : 0;
25065 : 1;
25066 : 0;
25067 : 1;
25068 : 0;
25069 : 0;
25070 : 0;
25071 : 0;
25072 : 1;
25073 : 0;
25074 : 0;
25075 : 1;
25076 : 1;
25077 : 1;
25078 : 1;
25079 : 1;
25080 : 0;
25081 : 1;
25082 : 1;
25083 : 1;
25084 : 0;
25085 : 0;
25086 : 0;
25087 : 0;
25088 : 1;
25089 : 0;
25090 : 0;
25091 : 1;
25092 : 1;
25093 : 1;
25094 : 1;
25095 : 1;
25096 : 0;
25097 : 0;
25098 : 0;
25099 : 0;
25100 : 0;
25101 : 0;
25102 : 0;
25103 : 1;
25104 : 0;
25105 : 0;
25106 : 0;
25107 : 0;
25108 : 1;
25109 : 0;
25110 : 0;
25111 : 1;
25112 : 1;
25113 : 1;
25114 : 0;
25115 : 0;
25116 : 0;
25117 : 1;
25118 : 1;
25119 : 0;
25120 : 0;
25121 : 0;
25122 : 1;
25123 : 1;
25124 : 1;
25125 : 0;
25126 : 1;
25127 : 1;
25128 : 1;
25129 : 1;
25130 : 0;
25131 : 0;
25132 : 0;
25133 : 0;
25134 : 0;
25135 : 1;
25136 : 1;
25137 : 1;
25138 : 0;
25139 : 1;
25140 : 0;
25141 : 0;
25142 : 1;
25143 : 0;
25144 : 0;
25145 : 0;
25146 : 0;
25147 : 0;
25148 : 1;
25149 : 1;
25150 : 1;
25151 : 0;
25152 : 0;
25153 : 0;
25154 : 1;
25155 : 1;
25156 : 0;
25157 : 0;
25158 : 1;
25159 : 1;
25160 : 0;
25161 : 1;
25162 : 0;
25163 : 1;
25164 : 0;
25165 : 1;
25166 : 1;
25167 : 0;
25168 : 1;
25169 : 0;
25170 : 1;
25171 : 1;
25172 : 1;
25173 : 1;
25174 : 0;
25175 : 0;
25176 : 0;
25177 : 1;
25178 : 0;
25179 : 0;
25180 : 0;
25181 : 1;
25182 : 0;
25183 : 0;
25184 : 0;
25185 : 1;
25186 : 0;
25187 : 1;
25188 : 0;
25189 : 1;
25190 : 0;
25191 : 0;
25192 : 0;
25193 : 1;
25194 : 1;
25195 : 1;
25196 : 1;
25197 : 0;
25198 : 1;
25199 : 0;
25200 : 0;
25201 : 0;
25202 : 1;
25203 : 0;
25204 : 0;
25205 : 0;
25206 : 1;
25207 : 0;
25208 : 0;
25209 : 1;
25210 : 0;
25211 : 0;
25212 : 1;
25213 : 0;
25214 : 1;
25215 : 0;
25216 : 1;
25217 : 0;
25218 : 1;
25219 : 1;
25220 : 0;
25221 : 1;
25222 : 1;
25223 : 1;
25224 : 0;
25225 : 0;
25226 : 1;
25227 : 0;
25228 : 0;
25229 : 1;
25230 : 0;
25231 : 0;
25232 : 0;
25233 : 0;
25234 : 0;
25235 : 0;
25236 : 0;
25237 : 1;
25238 : 1;
25239 : 0;
25240 : 0;
25241 : 1;
25242 : 0;
25243 : 1;
25244 : 1;
25245 : 0;
25246 : 0;
25247 : 1;
25248 : 1;
25249 : 1;
25250 : 1;
25251 : 0;
25252 : 0;
25253 : 0;
25254 : 1;
25255 : 0;
25256 : 0;
25257 : 0;
25258 : 1;
25259 : 0;
25260 : 0;
25261 : 1;
25262 : 1;
25263 : 1;
25264 : 1;
25265 : 0;
25266 : 0;
25267 : 0;
25268 : 0;
25269 : 1;
25270 : 1;
25271 : 0;
25272 : 0;
25273 : 0;
25274 : 0;
25275 : 0;
25276 : 1;
25277 : 1;
25278 : 0;
25279 : 1;
25280 : 0;
25281 : 0;
25282 : 0;
25283 : 0;
25284 : 1;
25285 : 0;
25286 : 0;
25287 : 1;
25288 : 1;
25289 : 0;
25290 : 1;
25291 : 0;
25292 : 0;
25293 : 0;
25294 : 1;
25295 : 0;
25296 : 0;
25297 : 0;
25298 : 1;
25299 : 1;
25300 : 0;
25301 : 0;
25302 : 0;
25303 : 1;
25304 : 1;
25305 : 1;
25306 : 1;
25307 : 0;
25308 : 0;
25309 : 1;
25310 : 0;
25311 : 1;
25312 : 0;
25313 : 1;
25314 : 1;
25315 : 1;
25316 : 0;
25317 : 1;
25318 : 1;
25319 : 1;
25320 : 0;
25321 : 0;
25322 : 0;
25323 : 1;
25324 : 1;
25325 : 0;
25326 : 0;
25327 : 1;
25328 : 1;
25329 : 0;
25330 : 0;
25331 : 0;
25332 : 0;
25333 : 1;
25334 : 0;
25335 : 0;
25336 : 1;
25337 : 1;
25338 : 1;
25339 : 0;
25340 : 0;
25341 : 1;
25342 : 1;
25343 : 1;
25344 : 1;
25345 : 1;
25346 : 1;
25347 : 1;
25348 : 0;
25349 : 1;
25350 : 0;
25351 : 0;
25352 : 1;
25353 : 0;
25354 : 0;
25355 : 0;
25356 : 0;
25357 : 0;
25358 : 1;
25359 : 0;
25360 : 0;
25361 : 0;
25362 : 0;
25363 : 0;
25364 : 1;
25365 : 0;
25366 : 0;
25367 : 0;
25368 : 0;
25369 : 1;
25370 : 1;
25371 : 0;
25372 : 1;
25373 : 0;
25374 : 1;
25375 : 0;
25376 : 0;
25377 : 1;
25378 : 0;
25379 : 0;
25380 : 1;
25381 : 1;
25382 : 0;
25383 : 1;
25384 : 1;
25385 : 1;
25386 : 1;
25387 : 0;
25388 : 1;
25389 : 0;
25390 : 1;
25391 : 0;
25392 : 1;
25393 : 0;
25394 : 0;
25395 : 1;
25396 : 0;
25397 : 1;
25398 : 0;
25399 : 1;
25400 : 1;
25401 : 1;
25402 : 1;
25403 : 0;
25404 : 0;
25405 : 0;
25406 : 1;
25407 : 1;
25408 : 0;
25409 : 1;
25410 : 0;
25411 : 1;
25412 : 1;
25413 : 0;
25414 : 0;
25415 : 0;
25416 : 1;
25417 : 0;
25418 : 1;
25419 : 0;
25420 : 0;
25421 : 1;
25422 : 1;
25423 : 0;
25424 : 1;
25425 : 1;
25426 : 1;
25427 : 0;
25428 : 1;
25429 : 1;
25430 : 1;
25431 : 0;
25432 : 1;
25433 : 1;
25434 : 1;
25435 : 0;
25436 : 1;
25437 : 1;
25438 : 1;
25439 : 0;
25440 : 0;
25441 : 0;
25442 : 1;
25443 : 0;
25444 : 1;
25445 : 1;
25446 : 1;
25447 : 1;
25448 : 0;
25449 : 0;
25450 : 1;
25451 : 1;
25452 : 1;
25453 : 0;
25454 : 1;
25455 : 1;
25456 : 0;
25457 : 1;
25458 : 0;
25459 : 1;
25460 : 0;
25461 : 0;
25462 : 0;
25463 : 1;
25464 : 0;
25465 : 0;
25466 : 0;
25467 : 1;
25468 : 0;
25469 : 1;
25470 : 1;
25471 : 1;
25472 : 0;
25473 : 0;
25474 : 0;
25475 : 1;
25476 : 0;
25477 : 0;
25478 : 1;
25479 : 1;
25480 : 1;
25481 : 1;
25482 : 1;
25483 : 1;
25484 : 0;
25485 : 0;
25486 : 1;
25487 : 1;
25488 : 1;
25489 : 0;
25490 : 1;
25491 : 1;
25492 : 1;
25493 : 0;
25494 : 1;
25495 : 0;
25496 : 1;
25497 : 1;
25498 : 1;
25499 : 0;
25500 : 1;
25501 : 1;
25502 : 1;
25503 : 1;
25504 : 0;
25505 : 0;
25506 : 0;
25507 : 1;
25508 : 0;
25509 : 1;
25510 : 1;
25511 : 1;
25512 : 0;
25513 : 0;
25514 : 1;
25515 : 0;
25516 : 0;
25517 : 0;
25518 : 1;
25519 : 1;
25520 : 1;
25521 : 1;
25522 : 1;
25523 : 0;
25524 : 0;
25525 : 0;
25526 : 0;
25527 : 1;
25528 : 1;
25529 : 0;
25530 : 0;
25531 : 0;
25532 : 1;
25533 : 1;
25534 : 1;
25535 : 1;
25536 : 0;
25537 : 1;
25538 : 0;
25539 : 0;
25540 : 1;
25541 : 1;
25542 : 0;
25543 : 0;
25544 : 0;
25545 : 0;
25546 : 0;
25547 : 0;
25548 : 0;
25549 : 0;
25550 : 0;
25551 : 0;
25552 : 0;
25553 : 0;
25554 : 0;
25555 : 0;
25556 : 0;
25557 : 0;
25558 : 1;
25559 : 0;
25560 : 1;
25561 : 1;
25562 : 1;
25563 : 0;
25564 : 1;
25565 : 1;
25566 : 1;
25567 : 0;
25568 : 0;
25569 : 1;
25570 : 0;
25571 : 1;
25572 : 0;
25573 : 1;
25574 : 1;
25575 : 0;
25576 : 1;
25577 : 0;
25578 : 1;
25579 : 0;
25580 : 0;
25581 : 1;
25582 : 1;
25583 : 0;
25584 : 0;
25585 : 0;
25586 : 1;
25587 : 0;
25588 : 0;
25589 : 1;
25590 : 1;
25591 : 0;
25592 : 1;
25593 : 1;
25594 : 0;
25595 : 1;
25596 : 0;
25597 : 0;
25598 : 0;
25599 : 0;
25600 : 1;
25601 : 1;
25602 : 1;
25603 : 1;
25604 : 1;
25605 : 1;
25606 : 0;
25607 : 0;
25608 : 0;
25609 : 1;
25610 : 0;
25611 : 1;
25612 : 1;
25613 : 1;
25614 : 1;
25615 : 0;
25616 : 1;
25617 : 0;
25618 : 0;
25619 : 1;
25620 : 0;
25621 : 1;
25622 : 1;
25623 : 1;
25624 : 0;
25625 : 0;
25626 : 1;
25627 : 1;
25628 : 0;
25629 : 1;
25630 : 1;
25631 : 0;
25632 : 1;
25633 : 1;
25634 : 0;
25635 : 1;
25636 : 1;
25637 : 0;
25638 : 0;
25639 : 1;
25640 : 1;
25641 : 1;
25642 : 0;
25643 : 1;
25644 : 0;
25645 : 1;
25646 : 1;
25647 : 1;
25648 : 0;
25649 : 1;
25650 : 0;
25651 : 1;
25652 : 1;
25653 : 0;
25654 : 0;
25655 : 0;
25656 : 0;
25657 : 1;
25658 : 1;
25659 : 0;
25660 : 1;
25661 : 1;
25662 : 1;
25663 : 0;
25664 : 1;
25665 : 0;
25666 : 1;
25667 : 0;
25668 : 1;
25669 : 1;
25670 : 0;
25671 : 1;
25672 : 1;
25673 : 0;
25674 : 0;
25675 : 0;
25676 : 1;
25677 : 0;
25678 : 0;
25679 : 0;
25680 : 0;
25681 : 1;
25682 : 0;
25683 : 1;
25684 : 0;
25685 : 1;
25686 : 1;
25687 : 1;
25688 : 1;
25689 : 0;
25690 : 0;
25691 : 0;
25692 : 0;
25693 : 0;
25694 : 1;
25695 : 0;
25696 : 0;
25697 : 0;
25698 : 1;
25699 : 0;
25700 : 0;
25701 : 1;
25702 : 1;
25703 : 1;
25704 : 0;
25705 : 1;
25706 : 1;
25707 : 0;
25708 : 1;
25709 : 0;
25710 : 0;
25711 : 0;
25712 : 0;
25713 : 0;
25714 : 0;
25715 : 0;
25716 : 1;
25717 : 1;
25718 : 1;
25719 : 0;
25720 : 1;
25721 : 1;
25722 : 1;
25723 : 0;
25724 : 1;
25725 : 0;
25726 : 1;
25727 : 1;
25728 : 0;
25729 : 0;
25730 : 1;
25731 : 0;
25732 : 1;
25733 : 0;
25734 : 0;
25735 : 1;
25736 : 0;
25737 : 0;
25738 : 1;
25739 : 0;
25740 : 1;
25741 : 1;
25742 : 0;
25743 : 0;
25744 : 0;
25745 : 1;
25746 : 0;
25747 : 0;
25748 : 1;
25749 : 1;
25750 : 0;
25751 : 0;
25752 : 0;
25753 : 1;
25754 : 1;
25755 : 0;
25756 : 1;
25757 : 1;
25758 : 0;
25759 : 1;
25760 : 1;
25761 : 1;
25762 : 1;
25763 : 0;
25764 : 0;
25765 : 1;
25766 : 0;
25767 : 0;
25768 : 0;
25769 : 1;
25770 : 0;
25771 : 1;
25772 : 0;
25773 : 0;
25774 : 1;
25775 : 1;
25776 : 0;
25777 : 1;
25778 : 1;
25779 : 0;
25780 : 0;
25781 : 1;
25782 : 0;
25783 : 0;
25784 : 1;
25785 : 0;
25786 : 0;
25787 : 0;
25788 : 0;
25789 : 1;
25790 : 0;
25791 : 1;
25792 : 1;
25793 : 0;
25794 : 1;
25795 : 1;
25796 : 0;
25797 : 0;
25798 : 1;
25799 : 1;
25800 : 0;
25801 : 0;
25802 : 1;
25803 : 0;
25804 : 1;
25805 : 0;
25806 : 1;
25807 : 0;
25808 : 1;
25809 : 0;
25810 : 0;
25811 : 0;
25812 : 1;
25813 : 0;
25814 : 1;
25815 : 1;
25816 : 1;
25817 : 1;
25818 : 0;
25819 : 0;
25820 : 0;
25821 : 0;
25822 : 1;
25823 : 1;
25824 : 1;
25825 : 0;
25826 : 0;
25827 : 1;
25828 : 0;
25829 : 0;
25830 : 1;
25831 : 1;
25832 : 0;
25833 : 1;
25834 : 0;
25835 : 1;
25836 : 1;
25837 : 0;
25838 : 1;
25839 : 0;
25840 : 0;
25841 : 1;
25842 : 0;
25843 : 0;
25844 : 1;
25845 : 1;
25846 : 0;
25847 : 0;
25848 : 1;
25849 : 0;
25850 : 0;
25851 : 1;
25852 : 0;
25853 : 1;
25854 : 1;
25855 : 0;
25856 : 0;
25857 : 0;
25858 : 0;
25859 : 0;
25860 : 0;
25861 : 1;
25862 : 1;
25863 : 1;
25864 : 1;
25865 : 1;
25866 : 1;
25867 : 0;
25868 : 1;
25869 : 0;
25870 : 1;
25871 : 0;
25872 : 1;
25873 : 1;
25874 : 0;
25875 : 1;
25876 : 0;
25877 : 0;
25878 : 1;
25879 : 1;
25880 : 0;
25881 : 1;
25882 : 0;
25883 : 1;
25884 : 0;
25885 : 1;
25886 : 0;
25887 : 1;
25888 : 0;
25889 : 1;
25890 : 0;
25891 : 1;
25892 : 0;
25893 : 0;
25894 : 0;
25895 : 1;
25896 : 1;
25897 : 1;
25898 : 0;
25899 : 1;
25900 : 1;
25901 : 1;
25902 : 0;
25903 : 1;
25904 : 1;
25905 : 0;
25906 : 0;
25907 : 1;
25908 : 0;
25909 : 1;
25910 : 0;
25911 : 1;
25912 : 0;
25913 : 1;
25914 : 0;
25915 : 1;
25916 : 0;
25917 : 1;
25918 : 0;
25919 : 0;
25920 : 1;
25921 : 1;
25922 : 1;
25923 : 1;
25924 : 1;
25925 : 1;
25926 : 0;
25927 : 1;
25928 : 0;
25929 : 0;
25930 : 1;
25931 : 1;
25932 : 1;
25933 : 0;
25934 : 1;
25935 : 1;
25936 : 1;
25937 : 0;
25938 : 1;
25939 : 1;
25940 : 1;
25941 : 1;
25942 : 0;
25943 : 0;
25944 : 0;
25945 : 0;
25946 : 1;
25947 : 0;
25948 : 0;
25949 : 0;
25950 : 1;
25951 : 1;
25952 : 1;
25953 : 1;
25954 : 0;
25955 : 1;
25956 : 0;
25957 : 0;
25958 : 1;
25959 : 0;
25960 : 1;
25961 : 1;
25962 : 1;
25963 : 0;
25964 : 1;
25965 : 0;
25966 : 0;
25967 : 0;
25968 : 1;
25969 : 0;
25970 : 1;
25971 : 1;
25972 : 1;
25973 : 1;
25974 : 1;
25975 : 0;
25976 : 1;
25977 : 1;
25978 : 0;
25979 : 0;
25980 : 1;
25981 : 1;
25982 : 0;
25983 : 1;
25984 : 0;
25985 : 0;
25986 : 1;
25987 : 1;
25988 : 1;
25989 : 1;
25990 : 1;
25991 : 1;
25992 : 1;
25993 : 1;
25994 : 0;
25995 : 1;
25996 : 1;
25997 : 0;
25998 : 1;
25999 : 1;
26000 : 0;
26001 : 0;
26002 : 1;
26003 : 1;
26004 : 0;
26005 : 0;
26006 : 0;
26007 : 1;
26008 : 1;
26009 : 0;
26010 : 0;
26011 : 1;
26012 : 0;
26013 : 1;
26014 : 0;
26015 : 1;
26016 : 0;
26017 : 1;
26018 : 1;
26019 : 1;
26020 : 1;
26021 : 0;
26022 : 1;
26023 : 0;
26024 : 0;
26025 : 1;
26026 : 0;
26027 : 0;
26028 : 1;
26029 : 1;
26030 : 1;
26031 : 1;
26032 : 0;
26033 : 1;
26034 : 1;
26035 : 1;
26036 : 1;
26037 : 1;
26038 : 1;
26039 : 0;
26040 : 1;
26041 : 1;
26042 : 1;
26043 : 0;
26044 : 1;
26045 : 1;
26046 : 0;
26047 : 0;
26048 : 1;
26049 : 1;
26050 : 0;
26051 : 1;
26052 : 1;
26053 : 0;
26054 : 0;
26055 : 0;
26056 : 1;
26057 : 1;
26058 : 0;
26059 : 1;
26060 : 0;
26061 : 1;
26062 : 0;
26063 : 0;
26064 : 1;
26065 : 1;
26066 : 1;
26067 : 0;
26068 : 1;
26069 : 0;
26070 : 1;
26071 : 1;
26072 : 1;
26073 : 0;
26074 : 1;
26075 : 1;
26076 : 0;
26077 : 0;
26078 : 0;
26079 : 1;
26080 : 0;
26081 : 0;
26082 : 0;
26083 : 0;
26084 : 1;
26085 : 1;
26086 : 1;
26087 : 0;
26088 : 0;
26089 : 1;
26090 : 0;
26091 : 1;
26092 : 1;
26093 : 0;
26094 : 1;
26095 : 1;
26096 : 1;
26097 : 1;
26098 : 0;
26099 : 0;
26100 : 0;
26101 : 0;
26102 : 1;
26103 : 0;
26104 : 1;
26105 : 1;
26106 : 1;
26107 : 1;
26108 : 0;
26109 : 0;
26110 : 1;
26111 : 0;
26112 : 0;
26113 : 1;
26114 : 0;
26115 : 1;
26116 : 1;
26117 : 1;
26118 : 1;
26119 : 1;
26120 : 0;
26121 : 0;
26122 : 0;
26123 : 1;
26124 : 0;
26125 : 1;
26126 : 1;
26127 : 0;
26128 : 0;
26129 : 1;
26130 : 1;
26131 : 1;
26132 : 1;
26133 : 1;
26134 : 1;
26135 : 0;
26136 : 0;
26137 : 0;
26138 : 0;
26139 : 0;
26140 : 0;
26141 : 0;
26142 : 0;
26143 : 1;
26144 : 1;
26145 : 1;
26146 : 1;
26147 : 1;
26148 : 1;
26149 : 0;
26150 : 0;
26151 : 1;
26152 : 1;
26153 : 1;
26154 : 0;
26155 : 1;
26156 : 1;
26157 : 1;
26158 : 1;
26159 : 0;
26160 : 0;
26161 : 0;
26162 : 1;
26163 : 1;
26164 : 1;
26165 : 1;
26166 : 0;
26167 : 0;
26168 : 0;
26169 : 0;
26170 : 0;
26171 : 1;
26172 : 0;
26173 : 0;
26174 : 0;
26175 : 0;
26176 : 1;
26177 : 0;
26178 : 1;
26179 : 0;
26180 : 1;
26181 : 0;
26182 : 1;
26183 : 0;
26184 : 0;
26185 : 0;
26186 : 1;
26187 : 1;
26188 : 0;
26189 : 1;
26190 : 0;
26191 : 0;
26192 : 0;
26193 : 1;
26194 : 0;
26195 : 1;
26196 : 1;
26197 : 0;
26198 : 0;
26199 : 1;
26200 : 0;
26201 : 0;
26202 : 0;
26203 : 0;
26204 : 0;
26205 : 1;
26206 : 1;
26207 : 1;
26208 : 0;
26209 : 1;
26210 : 0;
26211 : 0;
26212 : 1;
26213 : 1;
26214 : 1;
26215 : 1;
26216 : 1;
26217 : 1;
26218 : 0;
26219 : 1;
26220 : 1;
26221 : 0;
26222 : 0;
26223 : 0;
26224 : 1;
26225 : 1;
26226 : 0;
26227 : 1;
26228 : 0;
26229 : 0;
26230 : 0;
26231 : 0;
26232 : 0;
26233 : 1;
26234 : 1;
26235 : 1;
26236 : 1;
26237 : 1;
26238 : 1;
26239 : 0;
26240 : 0;
26241 : 1;
26242 : 1;
26243 : 0;
26244 : 1;
26245 : 0;
26246 : 1;
26247 : 1;
26248 : 0;
26249 : 1;
26250 : 0;
26251 : 0;
26252 : 0;
26253 : 1;
26254 : 0;
26255 : 0;
26256 : 1;
26257 : 1;
26258 : 1;
26259 : 0;
26260 : 1;
26261 : 0;
26262 : 1;
26263 : 1;
26264 : 1;
26265 : 0;
26266 : 0;
26267 : 0;
26268 : 0;
26269 : 0;
26270 : 1;
26271 : 1;
26272 : 0;
26273 : 0;
26274 : 1;
26275 : 0;
26276 : 0;
26277 : 0;
26278 : 0;
26279 : 0;
26280 : 1;
26281 : 1;
26282 : 0;
26283 : 1;
26284 : 1;
26285 : 1;
26286 : 1;
26287 : 0;
26288 : 0;
26289 : 0;
26290 : 0;
26291 : 0;
26292 : 1;
26293 : 0;
26294 : 0;
26295 : 1;
26296 : 0;
26297 : 0;
26298 : 1;
26299 : 1;
26300 : 0;
26301 : 0;
26302 : 1;
26303 : 0;
26304 : 1;
26305 : 0;
26306 : 0;
26307 : 0;
26308 : 1;
26309 : 0;
26310 : 0;
26311 : 0;
26312 : 0;
26313 : 1;
26314 : 0;
26315 : 0;
26316 : 0;
26317 : 0;
26318 : 0;
26319 : 0;
26320 : 0;
26321 : 0;
26322 : 0;
26323 : 1;
26324 : 1;
26325 : 1;
26326 : 0;
26327 : 0;
26328 : 0;
26329 : 0;
26330 : 1;
26331 : 0;
26332 : 1;
26333 : 0;
26334 : 0;
26335 : 0;
26336 : 1;
26337 : 1;
26338 : 0;
26339 : 0;
26340 : 0;
26341 : 0;
26342 : 1;
26343 : 0;
26344 : 0;
26345 : 0;
26346 : 1;
26347 : 0;
26348 : 0;
26349 : 1;
26350 : 1;
26351 : 1;
26352 : 1;
26353 : 1;
26354 : 0;
26355 : 0;
26356 : 1;
26357 : 0;
26358 : 0;
26359 : 1;
26360 : 1;
26361 : 1;
26362 : 0;
26363 : 0;
26364 : 0;
26365 : 1;
26366 : 1;
26367 : 1;
26368 : 1;
26369 : 0;
26370 : 0;
26371 : 1;
26372 : 1;
26373 : 0;
26374 : 1;
26375 : 1;
26376 : 0;
26377 : 1;
26378 : 1;
26379 : 1;
26380 : 1;
26381 : 1;
26382 : 1;
26383 : 0;
26384 : 1;
26385 : 0;
26386 : 1;
26387 : 1;
26388 : 1;
26389 : 1;
26390 : 0;
26391 : 0;
26392 : 1;
26393 : 1;
26394 : 0;
26395 : 0;
26396 : 0;
26397 : 1;
26398 : 0;
26399 : 1;
26400 : 0;
26401 : 0;
26402 : 0;
26403 : 1;
26404 : 1;
26405 : 1;
26406 : 0;
26407 : 1;
26408 : 1;
26409 : 0;
26410 : 0;
26411 : 1;
26412 : 0;
26413 : 1;
26414 : 1;
26415 : 1;
26416 : 1;
26417 : 1;
26418 : 0;
26419 : 0;
26420 : 0;
26421 : 0;
26422 : 1;
26423 : 1;
26424 : 0;
26425 : 1;
26426 : 1;
26427 : 0;
26428 : 0;
26429 : 0;
26430 : 0;
26431 : 1;
26432 : 1;
26433 : 1;
26434 : 0;
26435 : 0;
26436 : 0;
26437 : 1;
26438 : 0;
26439 : 1;
26440 : 0;
26441 : 1;
26442 : 1;
26443 : 0;
26444 : 1;
26445 : 1;
26446 : 1;
26447 : 0;
26448 : 1;
26449 : 0;
26450 : 0;
26451 : 0;
26452 : 0;
26453 : 1;
26454 : 1;
26455 : 0;
26456 : 0;
26457 : 0;
26458 : 1;
26459 : 0;
26460 : 0;
26461 : 0;
26462 : 0;
26463 : 1;
26464 : 1;
26465 : 0;
26466 : 0;
26467 : 1;
26468 : 0;
26469 : 0;
26470 : 1;
26471 : 0;
26472 : 1;
26473 : 0;
26474 : 0;
26475 : 1;
26476 : 1;
26477 : 1;
26478 : 0;
26479 : 0;
26480 : 1;
26481 : 1;
26482 : 0;
26483 : 0;
26484 : 0;
26485 : 1;
26486 : 0;
26487 : 1;
26488 : 0;
26489 : 1;
26490 : 1;
26491 : 0;
26492 : 1;
26493 : 1;
26494 : 0;
26495 : 0;
26496 : 0;
26497 : 0;
26498 : 0;
26499 : 0;
26500 : 0;
26501 : 0;
26502 : 0;
26503 : 1;
26504 : 0;
26505 : 0;
26506 : 0;
26507 : 0;
26508 : 0;
26509 : 1;
26510 : 0;
26511 : 0;
26512 : 0;
26513 : 1;
26514 : 0;
26515 : 1;
26516 : 0;
26517 : 0;
26518 : 1;
26519 : 1;
26520 : 1;
26521 : 1;
26522 : 0;
26523 : 0;
26524 : 0;
26525 : 0;
26526 : 1;
26527 : 0;
26528 : 1;
26529 : 0;
26530 : 0;
26531 : 0;
26532 : 0;
26533 : 1;
26534 : 1;
26535 : 1;
26536 : 0;
26537 : 1;
26538 : 0;
26539 : 0;
26540 : 1;
26541 : 0;
26542 : 0;
26543 : 1;
26544 : 1;
26545 : 1;
26546 : 0;
26547 : 0;
26548 : 0;
26549 : 0;
26550 : 0;
26551 : 0;
26552 : 1;
26553 : 1;
26554 : 0;
26555 : 0;
26556 : 1;
26557 : 0;
26558 : 1;
26559 : 0;
26560 : 0;
26561 : 0;
26562 : 0;
26563 : 1;
26564 : 0;
26565 : 0;
26566 : 1;
26567 : 1;
26568 : 1;
26569 : 1;
26570 : 0;
26571 : 1;
26572 : 0;
26573 : 1;
26574 : 1;
26575 : 1;
26576 : 1;
26577 : 0;
26578 : 0;
26579 : 0;
26580 : 0;
26581 : 1;
26582 : 0;
26583 : 0;
26584 : 0;
26585 : 0;
26586 : 1;
26587 : 1;
26588 : 1;
26589 : 1;
26590 : 1;
26591 : 1;
26592 : 0;
26593 : 1;
26594 : 1;
26595 : 1;
26596 : 0;
26597 : 0;
26598 : 1;
26599 : 0;
26600 : 0;
26601 : 1;
26602 : 1;
26603 : 0;
26604 : 0;
26605 : 0;
26606 : 1;
26607 : 1;
26608 : 0;
26609 : 1;
26610 : 0;
26611 : 1;
26612 : 0;
26613 : 1;
26614 : 1;
26615 : 1;
26616 : 1;
26617 : 1;
26618 : 1;
26619 : 0;
26620 : 1;
26621 : 0;
26622 : 0;
26623 : 0;
26624 : 1;
26625 : 1;
26626 : 1;
26627 : 1;
26628 : 1;
26629 : 1;
26630 : 1;
26631 : 0;
26632 : 0;
26633 : 0;
26634 : 0;
26635 : 0;
26636 : 1;
26637 : 0;
26638 : 1;
26639 : 1;
26640 : 1;
26641 : 1;
26642 : 0;
26643 : 1;
26644 : 0;
26645 : 0;
26646 : 0;
26647 : 1;
26648 : 1;
26649 : 1;
26650 : 1;
26651 : 1;
26652 : 0;
26653 : 0;
26654 : 0;
26655 : 0;
26656 : 1;
26657 : 0;
26658 : 0;
26659 : 0;
26660 : 1;
26661 : 0;
26662 : 1;
26663 : 0;
26664 : 1;
26665 : 1;
26666 : 0;
26667 : 1;
26668 : 0;
26669 : 1;
26670 : 0;
26671 : 1;
26672 : 1;
26673 : 1;
26674 : 1;
26675 : 0;
26676 : 1;
26677 : 0;
26678 : 1;
26679 : 1;
26680 : 0;
26681 : 1;
26682 : 0;
26683 : 0;
26684 : 1;
26685 : 0;
26686 : 0;
26687 : 1;
26688 : 0;
26689 : 1;
26690 : 0;
26691 : 0;
26692 : 1;
26693 : 0;
26694 : 1;
26695 : 0;
26696 : 1;
26697 : 1;
26698 : 0;
26699 : 0;
26700 : 0;
26701 : 0;
26702 : 1;
26703 : 1;
26704 : 1;
26705 : 1;
26706 : 0;
26707 : 1;
26708 : 0;
26709 : 1;
26710 : 0;
26711 : 1;
26712 : 1;
26713 : 1;
26714 : 1;
26715 : 1;
26716 : 1;
26717 : 0;
26718 : 0;
26719 : 1;
26720 : 1;
26721 : 0;
26722 : 0;
26723 : 0;
26724 : 1;
26725 : 1;
26726 : 1;
26727 : 0;
26728 : 0;
26729 : 0;
26730 : 1;
26731 : 0;
26732 : 0;
26733 : 0;
26734 : 0;
26735 : 1;
26736 : 1;
26737 : 1;
26738 : 0;
26739 : 1;
26740 : 1;
26741 : 0;
26742 : 0;
26743 : 1;
26744 : 1;
26745 : 1;
26746 : 0;
26747 : 1;
26748 : 0;
26749 : 1;
26750 : 1;
26751 : 0;
26752 : 0;
26753 : 1;
26754 : 0;
26755 : 0;
26756 : 0;
26757 : 1;
26758 : 1;
26759 : 0;
26760 : 0;
26761 : 0;
26762 : 1;
26763 : 1;
26764 : 0;
26765 : 1;
26766 : 1;
26767 : 0;
26768 : 1;
26769 : 0;
26770 : 0;
26771 : 1;
26772 : 1;
26773 : 0;
26774 : 0;
26775 : 1;
26776 : 1;
26777 : 1;
26778 : 1;
26779 : 0;
26780 : 0;
26781 : 0;
26782 : 1;
26783 : 1;
26784 : 1;
26785 : 0;
26786 : 1;
26787 : 0;
26788 : 1;
26789 : 1;
26790 : 0;
26791 : 0;
26792 : 1;
26793 : 0;
26794 : 1;
26795 : 0;
26796 : 1;
26797 : 1;
26798 : 1;
26799 : 0;
26800 : 1;
26801 : 1;
26802 : 1;
26803 : 1;
26804 : 1;
26805 : 0;
26806 : 1;
26807 : 0;
26808 : 1;
26809 : 0;
26810 : 0;
26811 : 0;
26812 : 1;
26813 : 0;
26814 : 0;
26815 : 1;
26816 : 1;
26817 : 0;
26818 : 0;
26819 : 0;
26820 : 0;
26821 : 0;
26822 : 0;
26823 : 0;
26824 : 0;
26825 : 1;
26826 : 1;
26827 : 1;
26828 : 1;
26829 : 1;
26830 : 1;
26831 : 0;
26832 : 0;
26833 : 1;
26834 : 0;
26835 : 1;
26836 : 1;
26837 : 1;
26838 : 0;
26839 : 0;
26840 : 0;
26841 : 0;
26842 : 0;
26843 : 1;
26844 : 1;
26845 : 0;
26846 : 0;
26847 : 0;
26848 : 1;
26849 : 0;
26850 : 0;
26851 : 1;
26852 : 1;
26853 : 1;
26854 : 0;
26855 : 1;
26856 : 0;
26857 : 1;
26858 : 1;
26859 : 0;
26860 : 0;
26861 : 0;
26862 : 0;
26863 : 1;
26864 : 1;
26865 : 0;
26866 : 0;
26867 : 0;
26868 : 0;
26869 : 0;
26870 : 0;
26871 : 1;
26872 : 1;
26873 : 0;
26874 : 0;
26875 : 1;
26876 : 1;
26877 : 0;
26878 : 0;
26879 : 0;
26880 : 1;
26881 : 0;
26882 : 0;
26883 : 0;
26884 : 0;
26885 : 1;
26886 : 1;
26887 : 1;
26888 : 1;
26889 : 0;
26890 : 0;
26891 : 1;
26892 : 1;
26893 : 0;
26894 : 0;
26895 : 1;
26896 : 1;
26897 : 1;
26898 : 1;
26899 : 0;
26900 : 0;
26901 : 0;
26902 : 1;
26903 : 1;
26904 : 1;
26905 : 1;
26906 : 0;
26907 : 0;
26908 : 0;
26909 : 1;
26910 : 0;
26911 : 1;
26912 : 1;
26913 : 1;
26914 : 0;
26915 : 1;
26916 : 1;
26917 : 1;
26918 : 0;
26919 : 1;
26920 : 1;
26921 : 0;
26922 : 0;
26923 : 1;
26924 : 1;
26925 : 1;
26926 : 0;
26927 : 1;
26928 : 1;
26929 : 1;
26930 : 1;
26931 : 1;
26932 : 0;
26933 : 0;
26934 : 0;
26935 : 1;
26936 : 0;
26937 : 0;
26938 : 0;
26939 : 1;
26940 : 0;
26941 : 0;
26942 : 1;
26943 : 1;
26944 : 1;
26945 : 0;
26946 : 1;
26947 : 0;
26948 : 1;
26949 : 0;
26950 : 1;
26951 : 0;
26952 : 0;
26953 : 1;
26954 : 1;
26955 : 1;
26956 : 0;
26957 : 1;
26958 : 0;
26959 : 1;
26960 : 1;
26961 : 1;
26962 : 1;
26963 : 0;
26964 : 0;
26965 : 0;
26966 : 1;
26967 : 1;
26968 : 1;
26969 : 0;
26970 : 1;
26971 : 0;
26972 : 1;
26973 : 0;
26974 : 0;
26975 : 1;
26976 : 1;
26977 : 0;
26978 : 0;
26979 : 0;
26980 : 1;
26981 : 0;
26982 : 1;
26983 : 1;
26984 : 0;
26985 : 0;
26986 : 1;
26987 : 0;
26988 : 0;
26989 : 1;
26990 : 1;
26991 : 0;
26992 : 1;
26993 : 0;
26994 : 0;
26995 : 1;
26996 : 0;
26997 : 0;
26998 : 1;
26999 : 0;
27000 : 0;
27001 : 1;
27002 : 1;
27003 : 1;
27004 : 0;
27005 : 1;
27006 : 1;
27007 : 1;
27008 : 1;
27009 : 1;
27010 : 1;
27011 : 1;
27012 : 0;
27013 : 1;
27014 : 1;
27015 : 0;
27016 : 1;
27017 : 0;
27018 : 0;
27019 : 1;
27020 : 1;
27021 : 0;
27022 : 0;
27023 : 1;
27024 : 0;
27025 : 1;
27026 : 0;
27027 : 1;
27028 : 1;
27029 : 1;
27030 : 0;
27031 : 1;
27032 : 0;
27033 : 1;
27034 : 0;
27035 : 0;
27036 : 1;
27037 : 0;
27038 : 1;
27039 : 1;
27040 : 1;
27041 : 1;
27042 : 1;
27043 : 1;
27044 : 0;
27045 : 1;
27046 : 0;
27047 : 0;
27048 : 0;
27049 : 1;
27050 : 0;
27051 : 1;
27052 : 1;
27053 : 0;
27054 : 1;
27055 : 0;
27056 : 0;
27057 : 1;
27058 : 0;
27059 : 1;
27060 : 1;
27061 : 1;
27062 : 0;
27063 : 0;
27064 : 0;
27065 : 1;
27066 : 1;
27067 : 0;
27068 : 1;
27069 : 1;
27070 : 0;
27071 : 1;
27072 : 1;
27073 : 1;
27074 : 0;
27075 : 1;
27076 : 1;
27077 : 1;
27078 : 0;
27079 : 0;
27080 : 1;
27081 : 0;
27082 : 0;
27083 : 1;
27084 : 1;
27085 : 0;
27086 : 0;
27087 : 0;
27088 : 0;
27089 : 0;
27090 : 0;
27091 : 0;
27092 : 0;
27093 : 1;
27094 : 1;
27095 : 1;
27096 : 0;
27097 : 0;
27098 : 0;
27099 : 1;
27100 : 1;
27101 : 1;
27102 : 0;
27103 : 0;
27104 : 1;
27105 : 0;
27106 : 1;
27107 : 1;
27108 : 0;
27109 : 0;
27110 : 0;
27111 : 0;
27112 : 1;
27113 : 1;
27114 : 0;
27115 : 1;
27116 : 1;
27117 : 1;
27118 : 1;
27119 : 0;
27120 : 0;
27121 : 1;
27122 : 1;
27123 : 0;
27124 : 1;
27125 : 1;
27126 : 0;
27127 : 0;
27128 : 0;
27129 : 0;
27130 : 1;
27131 : 1;
27132 : 0;
27133 : 0;
27134 : 1;
27135 : 1;
27136 : 0;
27137 : 0;
27138 : 1;
27139 : 1;
27140 : 1;
27141 : 1;
27142 : 1;
27143 : 1;
27144 : 0;
27145 : 0;
27146 : 0;
27147 : 1;
27148 : 1;
27149 : 1;
27150 : 0;
27151 : 1;
27152 : 1;
27153 : 1;
27154 : 0;
27155 : 0;
27156 : 0;
27157 : 1;
27158 : 0;
27159 : 1;
27160 : 1;
27161 : 1;
27162 : 1;
27163 : 0;
27164 : 0;
27165 : 0;
27166 : 1;
27167 : 0;
27168 : 0;
27169 : 0;
27170 : 0;
27171 : 1;
27172 : 1;
27173 : 0;
27174 : 0;
27175 : 0;
27176 : 1;
27177 : 1;
27178 : 0;
27179 : 1;
27180 : 0;
27181 : 0;
27182 : 0;
27183 : 1;
27184 : 1;
27185 : 1;
27186 : 0;
27187 : 0;
27188 : 1;
27189 : 0;
27190 : 1;
27191 : 1;
27192 : 0;
27193 : 0;
27194 : 0;
27195 : 1;
27196 : 1;
27197 : 1;
27198 : 1;
27199 : 1;
27200 : 1;
27201 : 1;
27202 : 1;
27203 : 0;
27204 : 0;
27205 : 1;
27206 : 1;
27207 : 0;
27208 : 1;
27209 : 0;
27210 : 0;
27211 : 0;
27212 : 0;
27213 : 1;
27214 : 0;
27215 : 1;
27216 : 0;
27217 : 0;
27218 : 1;
27219 : 0;
27220 : 1;
27221 : 0;
27222 : 1;
27223 : 1;
27224 : 1;
27225 : 0;
27226 : 1;
27227 : 0;
27228 : 0;
27229 : 1;
27230 : 1;
27231 : 0;
27232 : 1;
27233 : 1;
27234 : 0;
27235 : 0;
27236 : 0;
27237 : 0;
27238 : 1;
27239 : 0;
27240 : 0;
27241 : 0;
27242 : 0;
27243 : 0;
27244 : 1;
27245 : 0;
27246 : 0;
27247 : 1;
27248 : 1;
27249 : 0;
27250 : 1;
27251 : 0;
27252 : 1;
27253 : 0;
27254 : 0;
27255 : 1;
27256 : 0;
27257 : 1;
27258 : 1;
27259 : 0;
27260 : 0;
27261 : 1;
27262 : 0;
27263 : 0;
27264 : 0;
27265 : 0;
27266 : 0;
27267 : 0;
27268 : 0;
27269 : 1;
27270 : 0;
27271 : 1;
27272 : 0;
27273 : 1;
27274 : 1;
27275 : 1;
27276 : 0;
27277 : 1;
27278 : 0;
27279 : 0;
27280 : 1;
27281 : 0;
27282 : 0;
27283 : 1;
27284 : 1;
27285 : 1;
27286 : 0;
27287 : 1;
27288 : 0;
27289 : 1;
27290 : 1;
27291 : 0;
27292 : 1;
27293 : 1;
27294 : 1;
27295 : 0;
27296 : 0;
27297 : 1;
27298 : 0;
27299 : 0;
27300 : 0;
27301 : 0;
27302 : 0;
27303 : 1;
27304 : 1;
27305 : 0;
27306 : 1;
27307 : 0;
27308 : 0;
27309 : 0;
27310 : 1;
27311 : 0;
27312 : 1;
27313 : 1;
27314 : 0;
27315 : 0;
27316 : 1;
27317 : 1;
27318 : 1;
27319 : 0;
27320 : 1;
27321 : 0;
27322 : 1;
27323 : 0;
27324 : 1;
27325 : 1;
27326 : 0;
27327 : 1;
27328 : 0;
27329 : 1;
27330 : 0;
27331 : 0;
27332 : 1;
27333 : 0;
27334 : 0;
27335 : 0;
27336 : 1;
27337 : 0;
27338 : 1;
27339 : 1;
27340 : 0;
27341 : 0;
27342 : 0;
27343 : 1;
27344 : 0;
27345 : 0;
27346 : 0;
27347 : 0;
27348 : 1;
27349 : 0;
27350 : 1;
27351 : 0;
27352 : 1;
27353 : 1;
27354 : 0;
27355 : 0;
27356 : 1;
27357 : 1;
27358 : 1;
27359 : 0;
27360 : 0;
27361 : 0;
27362 : 0;
27363 : 1;
27364 : 1;
27365 : 0;
27366 : 0;
27367 : 0;
27368 : 1;
27369 : 0;
27370 : 1;
27371 : 1;
27372 : 1;
27373 : 0;
27374 : 0;
27375 : 0;
27376 : 1;
27377 : 1;
27378 : 1;
27379 : 0;
27380 : 1;
27381 : 1;
27382 : 1;
27383 : 1;
27384 : 0;
27385 : 1;
27386 : 0;
27387 : 1;
27388 : 0;
27389 : 1;
27390 : 1;
27391 : 1;
27392 : 1;
27393 : 0;
27394 : 1;
27395 : 0;
27396 : 1;
27397 : 1;
27398 : 0;
27399 : 0;
27400 : 1;
27401 : 0;
27402 : 0;
27403 : 0;
27404 : 0;
27405 : 0;
27406 : 0;
27407 : 0;
27408 : 1;
27409 : 1;
27410 : 1;
27411 : 0;
27412 : 0;
27413 : 1;
27414 : 1;
27415 : 0;
27416 : 1;
27417 : 0;
27418 : 0;
27419 : 1;
27420 : 0;
27421 : 0;
27422 : 1;
27423 : 0;
27424 : 1;
27425 : 0;
27426 : 1;
27427 : 1;
27428 : 0;
27429 : 1;
27430 : 0;
27431 : 1;
27432 : 1;
27433 : 0;
27434 : 1;
27435 : 0;
27436 : 1;
27437 : 0;
27438 : 0;
27439 : 1;
27440 : 0;
27441 : 1;
27442 : 1;
27443 : 0;
27444 : 1;
27445 : 0;
27446 : 0;
27447 : 0;
27448 : 0;
27449 : 0;
27450 : 1;
27451 : 0;
27452 : 0;
27453 : 0;
27454 : 0;
27455 : 0;
27456 : 1;
27457 : 0;
27458 : 0;
27459 : 0;
27460 : 1;
27461 : 0;
27462 : 1;
27463 : 1;
27464 : 1;
27465 : 0;
27466 : 0;
27467 : 0;
27468 : 1;
27469 : 0;
27470 : 1;
27471 : 0;
27472 : 1;
27473 : 0;
27474 : 1;
27475 : 1;
27476 : 0;
27477 : 0;
27478 : 1;
27479 : 0;
27480 : 0;
27481 : 1;
27482 : 0;
27483 : 0;
27484 : 0;
27485 : 1;
27486 : 1;
27487 : 0;
27488 : 0;
27489 : 1;
27490 : 0;
27491 : 0;
27492 : 1;
27493 : 1;
27494 : 0;
27495 : 0;
27496 : 0;
27497 : 1;
27498 : 0;
27499 : 0;
27500 : 1;
27501 : 1;
27502 : 1;
27503 : 1;
27504 : 0;
27505 : 0;
27506 : 0;
27507 : 0;
27508 : 1;
27509 : 1;
27510 : 1;
27511 : 1;
27512 : 0;
27513 : 1;
27514 : 0;
27515 : 1;
27516 : 0;
27517 : 0;
27518 : 0;
27519 : 1;
27520 : 1;
27521 : 0;
27522 : 0;
27523 : 0;
27524 : 1;
27525 : 0;
27526 : 0;
27527 : 0;
27528 : 0;
27529 : 1;
27530 : 1;
27531 : 1;
27532 : 1;
27533 : 1;
27534 : 1;
27535 : 1;
27536 : 1;
27537 : 0;
27538 : 1;
27539 : 0;
27540 : 0;
27541 : 1;
27542 : 1;
27543 : 1;
27544 : 0;
27545 : 1;
27546 : 0;
27547 : 1;
27548 : 0;
27549 : 1;
27550 : 0;
27551 : 0;
27552 : 0;
27553 : 1;
27554 : 0;
27555 : 0;
27556 : 1;
27557 : 1;
27558 : 1;
27559 : 1;
27560 : 0;
27561 : 1;
27562 : 1;
27563 : 1;
27564 : 1;
27565 : 1;
27566 : 0;
27567 : 0;
27568 : 1;
27569 : 1;
27570 : 0;
27571 : 1;
27572 : 0;
27573 : 0;
27574 : 0;
27575 : 0;
27576 : 0;
27577 : 1;
27578 : 1;
27579 : 0;
27580 : 1;
27581 : 0;
27582 : 0;
27583 : 0;
27584 : 1;
27585 : 0;
27586 : 1;
27587 : 1;
27588 : 1;
27589 : 1;
27590 : 0;
27591 : 0;
27592 : 0;
27593 : 0;
27594 : 1;
27595 : 1;
27596 : 1;
27597 : 1;
27598 : 0;
27599 : 0;
27600 : 0;
27601 : 1;
27602 : 0;
27603 : 0;
27604 : 0;
27605 : 1;
27606 : 1;
27607 : 1;
27608 : 0;
27609 : 1;
27610 : 0;
27611 : 1;
27612 : 0;
27613 : 1;
27614 : 1;
27615 : 1;
27616 : 1;
27617 : 1;
27618 : 1;
27619 : 0;
27620 : 0;
27621 : 0;
27622 : 0;
27623 : 0;
27624 : 0;
27625 : 0;
27626 : 0;
27627 : 0;
27628 : 0;
27629 : 0;
27630 : 0;
27631 : 1;
27632 : 1;
27633 : 1;
27634 : 1;
27635 : 0;
27636 : 1;
27637 : 1;
27638 : 1;
27639 : 1;
27640 : 0;
27641 : 1;
27642 : 1;
27643 : 1;
27644 : 0;
27645 : 1;
27646 : 0;
27647 : 0;
27648 : 1;
27649 : 1;
27650 : 1;
27651 : 1;
27652 : 1;
27653 : 1;
27654 : 1;
27655 : 1;
27656 : 0;
27657 : 0;
27658 : 1;
27659 : 0;
27660 : 0;
27661 : 0;
27662 : 0;
27663 : 1;
27664 : 0;
27665 : 1;
27666 : 1;
27667 : 1;
27668 : 0;
27669 : 0;
27670 : 1;
27671 : 0;
27672 : 1;
27673 : 0;
27674 : 0;
27675 : 1;
27676 : 0;
27677 : 0;
27678 : 1;
27679 : 1;
27680 : 1;
27681 : 0;
27682 : 1;
27683 : 0;
27684 : 0;
27685 : 0;
27686 : 1;
27687 : 1;
27688 : 0;
27689 : 1;
27690 : 0;
27691 : 1;
27692 : 0;
27693 : 1;
27694 : 0;
27695 : 0;
27696 : 1;
27697 : 0;
27698 : 1;
27699 : 1;
27700 : 0;
27701 : 0;
27702 : 1;
27703 : 0;
27704 : 1;
27705 : 1;
27706 : 0;
27707 : 1;
27708 : 1;
27709 : 0;
27710 : 1;
27711 : 0;
27712 : 1;
27713 : 0;
27714 : 1;
27715 : 1;
27716 : 1;
27717 : 0;
27718 : 0;
27719 : 1;
27720 : 0;
27721 : 1;
27722 : 1;
27723 : 0;
27724 : 0;
27725 : 1;
27726 : 1;
27727 : 0;
27728 : 0;
27729 : 0;
27730 : 0;
27731 : 1;
27732 : 0;
27733 : 1;
27734 : 0;
27735 : 0;
27736 : 1;
27737 : 1;
27738 : 0;
27739 : 0;
27740 : 0;
27741 : 1;
27742 : 0;
27743 : 0;
27744 : 0;
27745 : 1;
27746 : 0;
27747 : 1;
27748 : 1;
27749 : 0;
27750 : 1;
27751 : 0;
27752 : 1;
27753 : 0;
27754 : 0;
27755 : 0;
27756 : 0;
27757 : 1;
27758 : 0;
27759 : 1;
27760 : 0;
27761 : 0;
27762 : 1;
27763 : 1;
27764 : 0;
27765 : 0;
27766 : 1;
27767 : 0;
27768 : 0;
27769 : 1;
27770 : 0;
27771 : 0;
27772 : 1;
27773 : 0;
27774 : 0;
27775 : 0;
27776 : 1;
27777 : 1;
27778 : 1;
27779 : 1;
27780 : 0;
27781 : 0;
27782 : 0;
27783 : 1;
27784 : 1;
27785 : 0;
27786 : 1;
27787 : 1;
27788 : 1;
27789 : 0;
27790 : 1;
27791 : 1;
27792 : 1;
27793 : 1;
27794 : 1;
27795 : 1;
27796 : 0;
27797 : 0;
27798 : 1;
27799 : 1;
27800 : 0;
27801 : 0;
27802 : 1;
27803 : 0;
27804 : 0;
27805 : 1;
27806 : 0;
27807 : 0;
27808 : 1;
27809 : 0;
27810 : 0;
27811 : 0;
27812 : 1;
27813 : 0;
27814 : 0;
27815 : 0;
27816 : 1;
27817 : 1;
27818 : 0;
27819 : 1;
27820 : 0;
27821 : 0;
27822 : 0;
27823 : 0;
27824 : 0;
27825 : 0;
27826 : 1;
27827 : 1;
27828 : 0;
27829 : 1;
27830 : 0;
27831 : 1;
27832 : 1;
27833 : 0;
27834 : 0;
27835 : 0;
27836 : 1;
27837 : 1;
27838 : 1;
27839 : 1;
27840 : 1;
27841 : 0;
27842 : 0;
27843 : 1;
27844 : 1;
27845 : 0;
27846 : 0;
27847 : 1;
27848 : 1;
27849 : 1;
27850 : 0;
27851 : 1;
27852 : 0;
27853 : 1;
27854 : 0;
27855 : 0;
27856 : 0;
27857 : 0;
27858 : 1;
27859 : 1;
27860 : 0;
27861 : 1;
27862 : 1;
27863 : 1;
27864 : 1;
27865 : 1;
27866 : 1;
27867 : 1;
27868 : 0;
27869 : 1;
27870 : 0;
27871 : 1;
27872 : 0;
27873 : 0;
27874 : 0;
27875 : 1;
27876 : 1;
27877 : 0;
27878 : 1;
27879 : 0;
27880 : 0;
27881 : 1;
27882 : 1;
27883 : 1;
27884 : 1;
27885 : 1;
27886 : 0;
27887 : 0;
27888 : 0;
27889 : 1;
27890 : 1;
27891 : 0;
27892 : 0;
27893 : 1;
27894 : 1;
27895 : 1;
27896 : 0;
27897 : 0;
27898 : 0;
27899 : 1;
27900 : 1;
27901 : 1;
27902 : 1;
27903 : 1;
27904 : 1;
27905 : 1;
27906 : 0;
27907 : 0;
27908 : 0;
27909 : 1;
27910 : 1;
27911 : 1;
27912 : 1;
27913 : 0;
27914 : 1;
27915 : 0;
27916 : 0;
27917 : 0;
27918 : 0;
27919 : 0;
27920 : 0;
27921 : 1;
27922 : 1;
27923 : 1;
27924 : 1;
27925 : 0;
27926 : 1;
27927 : 1;
27928 : 1;
27929 : 0;
27930 : 0;
27931 : 0;
27932 : 1;
27933 : 1;
27934 : 0;
27935 : 1;
27936 : 1;
27937 : 0;
27938 : 0;
27939 : 1;
27940 : 1;
27941 : 0;
27942 : 1;
27943 : 1;
27944 : 1;
27945 : 0;
27946 : 1;
27947 : 1;
27948 : 1;
27949 : 1;
27950 : 0;
27951 : 1;
27952 : 1;
27953 : 1;
27954 : 0;
27955 : 0;
27956 : 0;
27957 : 0;
27958 : 1;
27959 : 1;
27960 : 0;
27961 : 0;
27962 : 1;
27963 : 1;
27964 : 0;
27965 : 0;
27966 : 0;
27967 : 0;
27968 : 0;
27969 : 0;
27970 : 0;
27971 : 0;
27972 : 0;
27973 : 0;
27974 : 0;
27975 : 1;
27976 : 1;
27977 : 1;
27978 : 0;
27979 : 1;
27980 : 0;
27981 : 0;
27982 : 1;
27983 : 0;
27984 : 1;
27985 : 1;
27986 : 0;
27987 : 0;
27988 : 1;
27989 : 1;
27990 : 0;
27991 : 0;
27992 : 0;
27993 : 1;
27994 : 1;
27995 : 0;
27996 : 1;
27997 : 1;
27998 : 0;
27999 : 0;
28000 : 1;
28001 : 0;
28002 : 1;
28003 : 0;
28004 : 0;
28005 : 1;
28006 : 1;
28007 : 1;
28008 : 1;
28009 : 1;
28010 : 0;
28011 : 0;
28012 : 0;
28013 : 0;
28014 : 0;
28015 : 1;
28016 : 1;
28017 : 0;
28018 : 0;
28019 : 0;
28020 : 0;
28021 : 1;
28022 : 0;
28023 : 0;
28024 : 0;
28025 : 0;
28026 : 1;
28027 : 0;
28028 : 1;
28029 : 0;
28030 : 1;
28031 : 0;
28032 : 1;
28033 : 0;
28034 : 0;
28035 : 1;
28036 : 0;
28037 : 0;
28038 : 1;
28039 : 0;
28040 : 0;
28041 : 0;
28042 : 1;
28043 : 1;
28044 : 1;
28045 : 0;
28046 : 0;
28047 : 0;
28048 : 0;
28049 : 1;
28050 : 1;
28051 : 0;
28052 : 1;
28053 : 0;
28054 : 1;
28055 : 1;
28056 : 0;
28057 : 0;
28058 : 1;
28059 : 0;
28060 : 0;
28061 : 1;
28062 : 0;
28063 : 0;
28064 : 1;
28065 : 0;
28066 : 1;
28067 : 1;
28068 : 0;
28069 : 0;
28070 : 1;
28071 : 1;
28072 : 0;
28073 : 1;
28074 : 0;
28075 : 1;
28076 : 0;
28077 : 0;
28078 : 0;
28079 : 0;
28080 : 1;
28081 : 1;
28082 : 0;
28083 : 0;
28084 : 1;
28085 : 1;
28086 : 0;
28087 : 1;
28088 : 0;
28089 : 0;
28090 : 1;
28091 : 0;
28092 : 1;
28093 : 1;
28094 : 0;
28095 : 1;
28096 : 0;
28097 : 1;
28098 : 0;
28099 : 1;
28100 : 1;
28101 : 1;
28102 : 1;
28103 : 0;
28104 : 1;
28105 : 0;
28106 : 1;
28107 : 1;
28108 : 1;
28109 : 1;
28110 : 1;
28111 : 0;
28112 : 0;
28113 : 1;
28114 : 1;
28115 : 1;
28116 : 0;
28117 : 0;
28118 : 0;
28119 : 1;
28120 : 0;
28121 : 1;
28122 : 0;
28123 : 0;
28124 : 1;
28125 : 0;
28126 : 1;
28127 : 0;
28128 : 0;
28129 : 1;
28130 : 1;
28131 : 0;
28132 : 1;
28133 : 1;
28134 : 1;
28135 : 1;
28136 : 1;
28137 : 0;
28138 : 0;
28139 : 1;
28140 : 1;
28141 : 1;
28142 : 0;
28143 : 0;
28144 : 1;
28145 : 0;
28146 : 1;
28147 : 1;
28148 : 1;
28149 : 0;
28150 : 1;
28151 : 1;
28152 : 0;
28153 : 1;
28154 : 0;
28155 : 1;
28156 : 0;
28157 : 0;
28158 : 1;
28159 : 1;
28160 : 1;
28161 : 0;
28162 : 0;
28163 : 0;
28164 : 1;
28165 : 1;
28166 : 1;
28167 : 1;
28168 : 0;
28169 : 0;
28170 : 0;
28171 : 1;
28172 : 1;
28173 : 0;
28174 : 0;
28175 : 0;
28176 : 0;
28177 : 0;
28178 : 0;
28179 : 1;
28180 : 1;
28181 : 0;
28182 : 0;
28183 : 0;
28184 : 0;
28185 : 0;
28186 : 0;
28187 : 1;
28188 : 0;
28189 : 0;
28190 : 1;
28191 : 1;
28192 : 1;
28193 : 1;
28194 : 1;
28195 : 0;
28196 : 1;
28197 : 0;
28198 : 0;
28199 : 0;
28200 : 0;
28201 : 1;
28202 : 0;
28203 : 1;
28204 : 0;
28205 : 1;
28206 : 1;
28207 : 0;
28208 : 0;
28209 : 0;
28210 : 1;
28211 : 1;
28212 : 0;
28213 : 0;
28214 : 0;
28215 : 0;
28216 : 1;
28217 : 0;
28218 : 0;
28219 : 1;
28220 : 1;
28221 : 0;
28222 : 0;
28223 : 0;
28224 : 0;
28225 : 1;
28226 : 0;
28227 : 0;
28228 : 0;
28229 : 0;
28230 : 0;
28231 : 0;
28232 : 1;
28233 : 1;
28234 : 0;
28235 : 1;
28236 : 1;
28237 : 1;
28238 : 0;
28239 : 1;
28240 : 1;
28241 : 0;
28242 : 0;
28243 : 1;
28244 : 0;
28245 : 0;
28246 : 1;
28247 : 0;
28248 : 1;
28249 : 1;
28250 : 1;
28251 : 1;
28252 : 0;
28253 : 1;
28254 : 1;
28255 : 0;
28256 : 0;
28257 : 0;
28258 : 0;
28259 : 0;
28260 : 0;
28261 : 1;
28262 : 0;
28263 : 0;
28264 : 1;
28265 : 1;
28266 : 1;
28267 : 0;
28268 : 0;
28269 : 0;
28270 : 0;
28271 : 1;
28272 : 0;
28273 : 0;
28274 : 0;
28275 : 1;
28276 : 0;
28277 : 1;
28278 : 0;
28279 : 1;
28280 : 1;
28281 : 1;
28282 : 1;
28283 : 0;
28284 : 1;
28285 : 0;
28286 : 0;
28287 : 1;
28288 : 0;
28289 : 0;
28290 : 1;
28291 : 1;
28292 : 0;
28293 : 0;
28294 : 1;
28295 : 0;
28296 : 0;
28297 : 1;
28298 : 1;
28299 : 0;
28300 : 1;
28301 : 1;
28302 : 0;
28303 : 0;
28304 : 1;
28305 : 0;
28306 : 1;
28307 : 0;
28308 : 0;
28309 : 1;
28310 : 1;
28311 : 0;
28312 : 0;
28313 : 0;
28314 : 0;
28315 : 1;
28316 : 1;
28317 : 0;
28318 : 0;
28319 : 0;
28320 : 1;
28321 : 1;
28322 : 1;
28323 : 1;
28324 : 0;
28325 : 0;
28326 : 0;
28327 : 1;
28328 : 0;
28329 : 0;
28330 : 0;
28331 : 1;
28332 : 1;
28333 : 1;
28334 : 0;
28335 : 0;
28336 : 1;
28337 : 0;
28338 : 1;
28339 : 0;
28340 : 1;
28341 : 1;
28342 : 0;
28343 : 1;
28344 : 0;
28345 : 1;
28346 : 1;
28347 : 0;
28348 : 0;
28349 : 0;
28350 : 1;
28351 : 0;
28352 : 1;
28353 : 0;
28354 : 1;
28355 : 0;
28356 : 1;
28357 : 0;
28358 : 0;
28359 : 0;
28360 : 1;
28361 : 1;
28362 : 0;
28363 : 0;
28364 : 1;
28365 : 0;
28366 : 0;
28367 : 1;
28368 : 1;
28369 : 0;
28370 : 0;
28371 : 0;
28372 : 0;
28373 : 0;
28374 : 0;
28375 : 1;
28376 : 1;
28377 : 0;
28378 : 1;
28379 : 1;
28380 : 1;
28381 : 1;
28382 : 0;
28383 : 1;
28384 : 0;
28385 : 1;
28386 : 1;
28387 : 1;
28388 : 0;
28389 : 1;
28390 : 0;
28391 : 1;
28392 : 1;
28393 : 1;
28394 : 1;
28395 : 1;
28396 : 0;
28397 : 1;
28398 : 1;
28399 : 1;
28400 : 0;
28401 : 1;
28402 : 1;
28403 : 1;
28404 : 1;
28405 : 1;
28406 : 0;
28407 : 0;
28408 : 0;
28409 : 0;
28410 : 0;
28411 : 1;
28412 : 1;
28413 : 1;
28414 : 1;
28415 : 1;
28416 : 1;
28417 : 0;
28418 : 1;
28419 : 1;
28420 : 0;
28421 : 1;
28422 : 1;
28423 : 1;
28424 : 0;
28425 : 1;
28426 : 1;
28427 : 1;
28428 : 1;
28429 : 1;
28430 : 1;
28431 : 1;
28432 : 1;
28433 : 1;
28434 : 0;
28435 : 0;
28436 : 1;
28437 : 0;
28438 : 1;
28439 : 1;
28440 : 1;
28441 : 0;
28442 : 1;
28443 : 1;
28444 : 1;
28445 : 0;
28446 : 0;
28447 : 1;
28448 : 0;
28449 : 1;
28450 : 1;
28451 : 0;
28452 : 0;
28453 : 0;
28454 : 0;
28455 : 1;
28456 : 1;
28457 : 0;
28458 : 1;
28459 : 1;
28460 : 0;
28461 : 1;
28462 : 1;
28463 : 0;
28464 : 0;
28465 : 0;
28466 : 1;
28467 : 1;
28468 : 1;
28469 : 1;
28470 : 0;
28471 : 1;
28472 : 1;
28473 : 0;
28474 : 0;
28475 : 0;
28476 : 0;
28477 : 0;
28478 : 0;
28479 : 0;
28480 : 0;
28481 : 0;
28482 : 1;
28483 : 0;
28484 : 1;
28485 : 1;
28486 : 0;
28487 : 0;
28488 : 1;
28489 : 1;
28490 : 1;
28491 : 1;
28492 : 1;
28493 : 0;
28494 : 0;
28495 : 0;
28496 : 1;
28497 : 0;
28498 : 1;
28499 : 0;
28500 : 1;
28501 : 0;
28502 : 0;
28503 : 0;
28504 : 0;
28505 : 1;
28506 : 1;
28507 : 1;
28508 : 0;
28509 : 1;
28510 : 0;
28511 : 1;
28512 : 1;
28513 : 0;
28514 : 1;
28515 : 0;
28516 : 0;
28517 : 0;
28518 : 1;
28519 : 1;
28520 : 0;
28521 : 0;
28522 : 1;
28523 : 0;
28524 : 0;
28525 : 1;
28526 : 1;
28527 : 0;
28528 : 1;
28529 : 1;
28530 : 1;
28531 : 0;
28532 : 1;
28533 : 0;
28534 : 1;
28535 : 0;
28536 : 0;
28537 : 1;
28538 : 0;
28539 : 0;
28540 : 1;
28541 : 1;
28542 : 1;
28543 : 1;
28544 : 0;
28545 : 1;
28546 : 0;
28547 : 0;
28548 : 1;
28549 : 1;
28550 : 0;
28551 : 0;
28552 : 1;
28553 : 1;
28554 : 0;
28555 : 0;
28556 : 0;
28557 : 0;
28558 : 1;
28559 : 0;
28560 : 0;
28561 : 1;
28562 : 0;
28563 : 1;
28564 : 1;
28565 : 1;
28566 : 0;
28567 : 1;
28568 : 0;
28569 : 0;
28570 : 0;
28571 : 1;
28572 : 1;
28573 : 1;
28574 : 1;
28575 : 1;
28576 : 0;
28577 : 0;
28578 : 1;
28579 : 0;
28580 : 1;
28581 : 0;
28582 : 1;
28583 : 1;
28584 : 0;
28585 : 1;
28586 : 1;
28587 : 0;
28588 : 0;
28589 : 1;
28590 : 1;
28591 : 0;
28592 : 0;
28593 : 1;
28594 : 0;
28595 : 1;
28596 : 1;
28597 : 0;
28598 : 0;
28599 : 0;
28600 : 0;
28601 : 0;
28602 : 1;
28603 : 1;
28604 : 1;
28605 : 0;
28606 : 0;
28607 : 1;
28608 : 1;
28609 : 1;
28610 : 1;
28611 : 0;
28612 : 1;
28613 : 0;
28614 : 1;
28615 : 1;
28616 : 1;
28617 : 1;
28618 : 0;
28619 : 0;
28620 : 1;
28621 : 0;
28622 : 0;
28623 : 1;
28624 : 1;
28625 : 0;
28626 : 1;
28627 : 0;
28628 : 0;
28629 : 1;
28630 : 1;
28631 : 0;
28632 : 1;
28633 : 1;
28634 : 1;
28635 : 0;
28636 : 0;
28637 : 0;
28638 : 1;
28639 : 1;
28640 : 1;
28641 : 0;
28642 : 1;
28643 : 0;
28644 : 1;
28645 : 0;
28646 : 0;
28647 : 1;
28648 : 0;
28649 : 0;
28650 : 1;
28651 : 1;
28652 : 0;
28653 : 0;
28654 : 0;
28655 : 0;
28656 : 1;
28657 : 0;
28658 : 1;
28659 : 1;
28660 : 0;
28661 : 0;
28662 : 1;
28663 : 1;
28664 : 0;
28665 : 0;
28666 : 1;
28667 : 1;
28668 : 1;
28669 : 0;
28670 : 1;
28671 : 0;
28672 : 1;
28673 : 0;
28674 : 0;
28675 : 1;
28676 : 0;
28677 : 1;
28678 : 0;
28679 : 1;
28680 : 1;
28681 : 1;
28682 : 1;
28683 : 0;
28684 : 0;
28685 : 1;
28686 : 1;
28687 : 0;
28688 : 0;
28689 : 1;
28690 : 0;
28691 : 1;
28692 : 0;
28693 : 1;
28694 : 1;
28695 : 0;
28696 : 1;
28697 : 1;
28698 : 1;
28699 : 0;
28700 : 1;
28701 : 1;
28702 : 0;
28703 : 1;
28704 : 0;
28705 : 1;
28706 : 1;
28707 : 0;
28708 : 1;
28709 : 1;
28710 : 0;
28711 : 0;
28712 : 0;
28713 : 1;
28714 : 0;
28715 : 1;
28716 : 0;
28717 : 0;
28718 : 1;
28719 : 0;
28720 : 1;
28721 : 0;
28722 : 1;
28723 : 0;
28724 : 1;
28725 : 0;
28726 : 1;
28727 : 1;
28728 : 0;
28729 : 1;
28730 : 1;
28731 : 1;
28732 : 0;
28733 : 0;
28734 : 0;
28735 : 0;
28736 : 1;
28737 : 1;
28738 : 0;
28739 : 1;
28740 : 0;
28741 : 0;
28742 : 1;
28743 : 0;
28744 : 1;
28745 : 0;
28746 : 0;
28747 : 0;
28748 : 1;
28749 : 0;
28750 : 1;
28751 : 1;
28752 : 1;
28753 : 0;
28754 : 0;
28755 : 1;
28756 : 0;
28757 : 0;
28758 : 1;
28759 : 1;
28760 : 1;
28761 : 1;
28762 : 0;
28763 : 1;
28764 : 1;
28765 : 0;
28766 : 0;
28767 : 1;
28768 : 1;
28769 : 0;
28770 : 1;
28771 : 1;
28772 : 1;
28773 : 1;
28774 : 0;
28775 : 0;
28776 : 0;
28777 : 0;
28778 : 0;
28779 : 0;
28780 : 0;
28781 : 0;
28782 : 1;
28783 : 0;
28784 : 0;
28785 : 1;
28786 : 1;
28787 : 1;
28788 : 0;
28789 : 0;
28790 : 1;
28791 : 0;
28792 : 0;
28793 : 1;
28794 : 1;
28795 : 1;
28796 : 0;
28797 : 0;
28798 : 0;
28799 : 1;
28800 : 0;
28801 : 1;
28802 : 1;
28803 : 0;
28804 : 1;
28805 : 0;
28806 : 0;
28807 : 1;
28808 : 1;
28809 : 1;
28810 : 1;
28811 : 1;
28812 : 0;
28813 : 0;
28814 : 1;
28815 : 1;
28816 : 1;
28817 : 0;
28818 : 1;
28819 : 1;
28820 : 0;
28821 : 1;
28822 : 0;
28823 : 1;
28824 : 0;
28825 : 0;
28826 : 0;
28827 : 0;
28828 : 0;
28829 : 1;
28830 : 0;
28831 : 0;
28832 : 1;
28833 : 0;
28834 : 1;
28835 : 1;
28836 : 1;
28837 : 0;
28838 : 1;
28839 : 0;
28840 : 1;
28841 : 1;
28842 : 1;
28843 : 1;
28844 : 0;
28845 : 0;
28846 : 1;
28847 : 1;
28848 : 1;
28849 : 0;
28850 : 0;
28851 : 1;
28852 : 1;
28853 : 1;
28854 : 1;
28855 : 0;
28856 : 0;
28857 : 0;
28858 : 1;
28859 : 0;
28860 : 1;
28861 : 0;
28862 : 0;
28863 : 0;
28864 : 1;
28865 : 0;
28866 : 1;
28867 : 1;
28868 : 0;
28869 : 1;
28870 : 1;
28871 : 0;
28872 : 0;
28873 : 0;
28874 : 0;
28875 : 1;
28876 : 0;
28877 : 0;
28878 : 0;
28879 : 1;
28880 : 0;
28881 : 0;
28882 : 0;
28883 : 1;
28884 : 1;
28885 : 0;
28886 : 1;
28887 : 1;
28888 : 0;
28889 : 0;
28890 : 0;
28891 : 1;
28892 : 0;
28893 : 0;
28894 : 1;
28895 : 0;
28896 : 0;
28897 : 0;
28898 : 0;
28899 : 0;
28900 : 1;
28901 : 1;
28902 : 0;
28903 : 0;
28904 : 0;
28905 : 0;
28906 : 1;
28907 : 0;
28908 : 0;
28909 : 0;
28910 : 0;
28911 : 1;
28912 : 0;
28913 : 0;
28914 : 0;
28915 : 0;
28916 : 0;
28917 : 0;
28918 : 1;
28919 : 1;
28920 : 1;
28921 : 0;
28922 : 1;
28923 : 1;
28924 : 1;
28925 : 1;
28926 : 1;
28927 : 0;
28928 : 1;
28929 : 1;
28930 : 1;
28931 : 1;
28932 : 0;
28933 : 0;
28934 : 0;
28935 : 1;
28936 : 1;
28937 : 1;
28938 : 0;
28939 : 0;
28940 : 1;
28941 : 1;
28942 : 1;
28943 : 1;
28944 : 0;
28945 : 0;
28946 : 1;
28947 : 1;
28948 : 1;
28949 : 1;
28950 : 0;
28951 : 0;
28952 : 1;
28953 : 0;
28954 : 0;
28955 : 0;
28956 : 0;
28957 : 1;
28958 : 1;
28959 : 1;
28960 : 0;
28961 : 0;
28962 : 0;
28963 : 0;
28964 : 1;
28965 : 0;
28966 : 1;
28967 : 0;
28968 : 1;
28969 : 1;
28970 : 1;
28971 : 1;
28972 : 1;
28973 : 1;
28974 : 0;
28975 : 1;
28976 : 0;
28977 : 1;
28978 : 0;
28979 : 0;
28980 : 0;
28981 : 0;
28982 : 0;
28983 : 1;
28984 : 0;
28985 : 0;
28986 : 0;
28987 : 1;
28988 : 0;
28989 : 1;
28990 : 1;
28991 : 0;
28992 : 0;
28993 : 1;
28994 : 1;
28995 : 1;
28996 : 0;
28997 : 1;
28998 : 1;
28999 : 1;
29000 : 1;
29001 : 0;
29002 : 0;
29003 : 0;
29004 : 0;
29005 : 1;
29006 : 0;
29007 : 0;
29008 : 0;
29009 : 0;
29010 : 0;
29011 : 1;
29012 : 0;
29013 : 0;
29014 : 1;
29015 : 1;
29016 : 0;
29017 : 0;
29018 : 1;
29019 : 0;
29020 : 1;
29021 : 1;
29022 : 1;
29023 : 0;
29024 : 0;
29025 : 1;
29026 : 1;
29027 : 1;
29028 : 0;
29029 : 0;
29030 : 0;
29031 : 0;
29032 : 1;
29033 : 0;
29034 : 1;
29035 : 0;
29036 : 0;
29037 : 0;
29038 : 0;
29039 : 1;
29040 : 0;
29041 : 0;
29042 : 1;
29043 : 1;
29044 : 0;
29045 : 1;
29046 : 0;
29047 : 0;
29048 : 0;
29049 : 0;
29050 : 1;
29051 : 0;
29052 : 1;
29053 : 1;
29054 : 1;
29055 : 1;
29056 : 0;
29057 : 1;
29058 : 0;
29059 : 0;
29060 : 1;
29061 : 1;
29062 : 1;
29063 : 1;
29064 : 1;
29065 : 1;
29066 : 0;
29067 : 0;
29068 : 1;
29069 : 0;
29070 : 0;
29071 : 1;
29072 : 1;
29073 : 0;
29074 : 0;
29075 : 1;
29076 : 1;
29077 : 0;
29078 : 1;
29079 : 1;
29080 : 1;
29081 : 0;
29082 : 1;
29083 : 0;
29084 : 0;
29085 : 0;
29086 : 1;
29087 : 1;
29088 : 0;
29089 : 1;
29090 : 0;
29091 : 0;
29092 : 1;
29093 : 0;
29094 : 0;
29095 : 0;
29096 : 1;
29097 : 1;
29098 : 0;
29099 : 1;
29100 : 0;
29101 : 1;
29102 : 1;
29103 : 1;
29104 : 0;
29105 : 1;
29106 : 1;
29107 : 0;
29108 : 1;
29109 : 0;
29110 : 1;
29111 : 1;
29112 : 0;
29113 : 1;
29114 : 1;
29115 : 1;
29116 : 0;
29117 : 1;
29118 : 0;
29119 : 1;
29120 : 1;
29121 : 1;
29122 : 1;
29123 : 0;
29124 : 0;
29125 : 1;
29126 : 1;
29127 : 1;
29128 : 1;
29129 : 1;
29130 : 1;
29131 : 0;
29132 : 1;
29133 : 1;
29134 : 1;
29135 : 0;
29136 : 1;
29137 : 0;
29138 : 1;
29139 : 1;
29140 : 0;
29141 : 1;
29142 : 1;
29143 : 1;
29144 : 1;
29145 : 0;
29146 : 1;
29147 : 0;
29148 : 0;
29149 : 0;
29150 : 1;
29151 : 0;
29152 : 1;
29153 : 1;
29154 : 0;
29155 : 1;
29156 : 0;
29157 : 0;
29158 : 1;
29159 : 1;
29160 : 0;
29161 : 0;
29162 : 0;
29163 : 1;
29164 : 0;
29165 : 0;
29166 : 0;
29167 : 1;
29168 : 1;
29169 : 0;
29170 : 0;
29171 : 0;
29172 : 1;
29173 : 1;
29174 : 0;
29175 : 0;
29176 : 0;
29177 : 1;
29178 : 0;
29179 : 0;
29180 : 1;
29181 : 0;
29182 : 1;
29183 : 1;
29184 : 1;
29185 : 0;
29186 : 1;
29187 : 1;
29188 : 0;
29189 : 1;
29190 : 0;
29191 : 0;
29192 : 0;
29193 : 1;
29194 : 1;
29195 : 0;
29196 : 1;
29197 : 1;
29198 : 1;
29199 : 0;
29200 : 1;
29201 : 0;
29202 : 1;
29203 : 0;
29204 : 1;
29205 : 0;
29206 : 0;
29207 : 0;
29208 : 1;
29209 : 0;
29210 : 1;
29211 : 0;
29212 : 1;
29213 : 1;
29214 : 0;
29215 : 1;
29216 : 1;
29217 : 0;
29218 : 0;
29219 : 0;
29220 : 1;
29221 : 0;
29222 : 1;
29223 : 1;
29224 : 1;
29225 : 0;
29226 : 0;
29227 : 1;
29228 : 1;
29229 : 0;
29230 : 0;
29231 : 1;
29232 : 1;
29233 : 1;
29234 : 0;
29235 : 1;
29236 : 0;
29237 : 0;
29238 : 0;
29239 : 0;
29240 : 1;
29241 : 1;
29242 : 1;
29243 : 0;
29244 : 0;
29245 : 0;
29246 : 0;
29247 : 0;
29248 : 1;
29249 : 1;
29250 : 0;
29251 : 0;
29252 : 1;
29253 : 0;
29254 : 1;
29255 : 1;
29256 : 1;
29257 : 0;
29258 : 1;
29259 : 0;
29260 : 1;
29261 : 1;
29262 : 1;
29263 : 0;
29264 : 1;
29265 : 1;
29266 : 1;
29267 : 1;
29268 : 1;
29269 : 1;
29270 : 1;
29271 : 1;
29272 : 1;
29273 : 0;
29274 : 1;
29275 : 1;
29276 : 1;
29277 : 0;
29278 : 0;
29279 : 1;
29280 : 1;
29281 : 0;
29282 : 0;
29283 : 1;
29284 : 0;
29285 : 1;
29286 : 1;
29287 : 1;
29288 : 1;
29289 : 0;
29290 : 1;
29291 : 0;
29292 : 1;
29293 : 0;
29294 : 0;
29295 : 1;
29296 : 0;
29297 : 0;
29298 : 0;
29299 : 0;
29300 : 1;
29301 : 1;
29302 : 1;
29303 : 0;
29304 : 0;
29305 : 0;
29306 : 0;
29307 : 1;
29308 : 0;
29309 : 1;
29310 : 1;
29311 : 0;
29312 : 0;
29313 : 0;
29314 : 0;
29315 : 1;
29316 : 1;
29317 : 1;
29318 : 1;
29319 : 1;
29320 : 0;
29321 : 1;
29322 : 0;
29323 : 0;
29324 : 0;
29325 : 1;
29326 : 1;
29327 : 1;
29328 : 0;
29329 : 1;
29330 : 1;
29331 : 1;
29332 : 0;
29333 : 0;
29334 : 1;
29335 : 0;
29336 : 0;
29337 : 0;
29338 : 0;
29339 : 0;
29340 : 0;
29341 : 1;
29342 : 1;
29343 : 1;
29344 : 1;
29345 : 0;
29346 : 1;
29347 : 0;
29348 : 0;
29349 : 1;
29350 : 0;
29351 : 0;
29352 : 1;
29353 : 0;
29354 : 1;
29355 : 1;
29356 : 1;
29357 : 1;
29358 : 0;
29359 : 0;
29360 : 0;
29361 : 0;
29362 : 0;
29363 : 0;
29364 : 1;
29365 : 0;
29366 : 1;
29367 : 0;
29368 : 0;
29369 : 0;
29370 : 0;
29371 : 1;
29372 : 0;
29373 : 0;
29374 : 0;
29375 : 0;
29376 : 1;
29377 : 0;
29378 : 1;
29379 : 1;
29380 : 0;
29381 : 0;
29382 : 1;
29383 : 0;
29384 : 1;
29385 : 1;
29386 : 1;
29387 : 1;
29388 : 1;
29389 : 0;
29390 : 1;
29391 : 0;
29392 : 0;
29393 : 1;
29394 : 1;
29395 : 0;
29396 : 1;
29397 : 1;
29398 : 1;
29399 : 0;
29400 : 1;
29401 : 1;
29402 : 0;
29403 : 1;
29404 : 0;
29405 : 1;
29406 : 0;
29407 : 0;
29408 : 1;
29409 : 0;
29410 : 0;
29411 : 1;
29412 : 0;
29413 : 0;
29414 : 0;
29415 : 0;
29416 : 1;
29417 : 1;
29418 : 1;
29419 : 0;
29420 : 1;
29421 : 0;
29422 : 0;
29423 : 1;
29424 : 1;
29425 : 0;
29426 : 1;
29427 : 1;
29428 : 1;
29429 : 0;
29430 : 0;
29431 : 0;
29432 : 1;
29433 : 0;
29434 : 1;
29435 : 0;
29436 : 0;
29437 : 0;
29438 : 1;
29439 : 0;
29440 : 0;
29441 : 1;
29442 : 0;
29443 : 0;
29444 : 1;
29445 : 1;
29446 : 0;
29447 : 1;
29448 : 0;
29449 : 0;
29450 : 1;
29451 : 1;
29452 : 0;
29453 : 1;
29454 : 0;
29455 : 0;
29456 : 1;
29457 : 0;
29458 : 1;
29459 : 0;
29460 : 1;
29461 : 1;
29462 : 1;
29463 : 1;
29464 : 1;
29465 : 0;
29466 : 1;
29467 : 0;
29468 : 0;
29469 : 0;
29470 : 1;
29471 : 1;
29472 : 1;
29473 : 1;
29474 : 1;
29475 : 0;
29476 : 1;
29477 : 0;
29478 : 0;
29479 : 1;
29480 : 1;
29481 : 1;
29482 : 1;
29483 : 0;
29484 : 0;
29485 : 1;
29486 : 1;
29487 : 1;
29488 : 0;
29489 : 1;
29490 : 1;
29491 : 0;
29492 : 1;
29493 : 0;
29494 : 1;
29495 : 0;
29496 : 0;
29497 : 1;
29498 : 1;
29499 : 1;
29500 : 0;
29501 : 1;
29502 : 0;
29503 : 1;
29504 : 1;
29505 : 1;
29506 : 0;
29507 : 0;
29508 : 1;
29509 : 1;
29510 : 0;
29511 : 1;
29512 : 0;
29513 : 1;
29514 : 0;
29515 : 0;
29516 : 1;
29517 : 1;
29518 : 0;
29519 : 0;
29520 : 1;
29521 : 1;
29522 : 1;
29523 : 0;
29524 : 0;
29525 : 0;
29526 : 0;
29527 : 1;
29528 : 0;
29529 : 1;
29530 : 0;
29531 : 0;
29532 : 0;
29533 : 1;
29534 : 0;
29535 : 0;
29536 : 1;
29537 : 1;
29538 : 1;
29539 : 1;
29540 : 1;
29541 : 1;
29542 : 1;
29543 : 1;
29544 : 0;
29545 : 1;
29546 : 1;
29547 : 0;
29548 : 1;
29549 : 0;
29550 : 0;
29551 : 0;
29552 : 1;
29553 : 1;
29554 : 1;
29555 : 0;
29556 : 1;
29557 : 0;
29558 : 0;
29559 : 0;
29560 : 0;
29561 : 0;
29562 : 0;
29563 : 1;
29564 : 1;
29565 : 0;
29566 : 1;
29567 : 0;
29568 : 0;
29569 : 0;
29570 : 0;
29571 : 0;
29572 : 1;
29573 : 0;
29574 : 1;
29575 : 0;
29576 : 0;
29577 : 0;
29578 : 0;
29579 : 0;
29580 : 0;
29581 : 1;
29582 : 0;
29583 : 0;
29584 : 0;
29585 : 0;
29586 : 0;
29587 : 0;
29588 : 1;
29589 : 1;
29590 : 1;
29591 : 0;
29592 : 0;
29593 : 0;
29594 : 0;
29595 : 1;
29596 : 1;
29597 : 1;
29598 : 0;
29599 : 1;
29600 : 1;
29601 : 0;
29602 : 0;
29603 : 1;
29604 : 1;
29605 : 0;
29606 : 0;
29607 : 0;
29608 : 0;
29609 : 1;
29610 : 0;
29611 : 0;
29612 : 0;
29613 : 0;
29614 : 0;
29615 : 1;
29616 : 1;
29617 : 0;
29618 : 1;
29619 : 1;
29620 : 1;
29621 : 1;
29622 : 1;
29623 : 1;
29624 : 0;
29625 : 1;
29626 : 1;
29627 : 1;
29628 : 0;
29629 : 0;
29630 : 1;
29631 : 0;
29632 : 0;
29633 : 1;
29634 : 1;
29635 : 0;
29636 : 1;
29637 : 0;
29638 : 0;
29639 : 1;
29640 : 1;
29641 : 0;
29642 : 1;
29643 : 1;
29644 : 0;
29645 : 0;
29646 : 1;
29647 : 0;
29648 : 0;
29649 : 0;
29650 : 0;
29651 : 0;
29652 : 1;
29653 : 1;
29654 : 1;
29655 : 1;
29656 : 1;
29657 : 0;
29658 : 1;
29659 : 0;
29660 : 1;
29661 : 0;
29662 : 1;
29663 : 0;
29664 : 0;
29665 : 1;
29666 : 1;
29667 : 1;
29668 : 1;
29669 : 1;
29670 : 1;
29671 : 0;
29672 : 0;
29673 : 0;
29674 : 0;
29675 : 0;
29676 : 1;
29677 : 1;
29678 : 0;
29679 : 1;
29680 : 1;
29681 : 1;
29682 : 0;
29683 : 1;
29684 : 1;
29685 : 1;
29686 : 0;
29687 : 0;
29688 : 0;
29689 : 0;
29690 : 1;
29691 : 0;
29692 : 0;
29693 : 0;
29694 : 0;
29695 : 0;
29696 : 1;
29697 : 1;
29698 : 0;
29699 : 0;
29700 : 1;
29701 : 0;
29702 : 1;
29703 : 0;
29704 : 1;
29705 : 1;
29706 : 0;
29707 : 1;
29708 : 0;
29709 : 1;
29710 : 1;
29711 : 1;
29712 : 1;
29713 : 0;
29714 : 1;
29715 : 1;
29716 : 0;
29717 : 0;
29718 : 0;
29719 : 1;
29720 : 0;
29721 : 0;
29722 : 0;
29723 : 1;
29724 : 1;
29725 : 1;
29726 : 0;
29727 : 1;
29728 : 0;
29729 : 1;
29730 : 0;
29731 : 1;
29732 : 0;
29733 : 0;
29734 : 0;
29735 : 0;
29736 : 0;
29737 : 0;
29738 : 0;
29739 : 1;
29740 : 0;
29741 : 1;
29742 : 1;
29743 : 1;
29744 : 0;
29745 : 0;
29746 : 0;
29747 : 1;
29748 : 0;
29749 : 0;
29750 : 1;
29751 : 0;
29752 : 1;
29753 : 1;
29754 : 0;
29755 : 0;
29756 : 0;
29757 : 1;
29758 : 1;
29759 : 0;
29760 : 0;
29761 : 1;
29762 : 1;
29763 : 1;
29764 : 0;
29765 : 1;
29766 : 0;
29767 : 1;
29768 : 0;
29769 : 1;
29770 : 0;
29771 : 0;
29772 : 0;
29773 : 0;
29774 : 1;
29775 : 0;
29776 : 0;
29777 : 0;
29778 : 1;
29779 : 1;
29780 : 0;
29781 : 1;
29782 : 1;
29783 : 1;
29784 : 1;
29785 : 1;
29786 : 0;
29787 : 1;
29788 : 0;
29789 : 1;
29790 : 0;
29791 : 0;
29792 : 0;
29793 : 1;
29794 : 0;
29795 : 0;
29796 : 0;
29797 : 0;
29798 : 1;
29799 : 1;
29800 : 1;
29801 : 0;
29802 : 0;
29803 : 1;
29804 : 0;
29805 : 1;
29806 : 0;
29807 : 0;
29808 : 1;
29809 : 1;
29810 : 1;
29811 : 0;
29812 : 0;
29813 : 1;
29814 : 1;
29815 : 1;
29816 : 1;
29817 : 0;
29818 : 0;
29819 : 1;
29820 : 1;
29821 : 0;
29822 : 1;
29823 : 1;
29824 : 0;
29825 : 1;
29826 : 1;
29827 : 0;
29828 : 0;
29829 : 1;
29830 : 1;
29831 : 0;
29832 : 0;
29833 : 1;
29834 : 0;
29835 : 1;
29836 : 1;
29837 : 0;
29838 : 0;
29839 : 1;
29840 : 0;
29841 : 1;
29842 : 1;
29843 : 0;
29844 : 0;
29845 : 1;
29846 : 0;
29847 : 1;
29848 : 0;
29849 : 1;
29850 : 0;
29851 : 1;
29852 : 0;
29853 : 1;
29854 : 1;
29855 : 1;
29856 : 0;
29857 : 0;
29858 : 0;
29859 : 0;
29860 : 0;
29861 : 0;
29862 : 1;
29863 : 1;
29864 : 1;
29865 : 1;
29866 : 1;
29867 : 1;
29868 : 1;
29869 : 1;
29870 : 1;
29871 : 0;
29872 : 1;
29873 : 0;
29874 : 0;
29875 : 0;
29876 : 0;
29877 : 1;
29878 : 1;
29879 : 1;
29880 : 1;
29881 : 1;
29882 : 0;
29883 : 1;
29884 : 1;
29885 : 1;
29886 : 1;
29887 : 1;
29888 : 0;
29889 : 0;
29890 : 0;
29891 : 0;
29892 : 0;
29893 : 0;
29894 : 1;
29895 : 0;
29896 : 1;
29897 : 1;
29898 : 1;
29899 : 0;
29900 : 0;
29901 : 0;
29902 : 1;
29903 : 1;
29904 : 1;
29905 : 0;
29906 : 0;
29907 : 1;
29908 : 0;
29909 : 1;
29910 : 0;
29911 : 0;
29912 : 0;
29913 : 1;
29914 : 1;
29915 : 1;
29916 : 0;
29917 : 0;
29918 : 0;
29919 : 0;
29920 : 0;
29921 : 1;
29922 : 0;
29923 : 1;
29924 : 0;
29925 : 0;
29926 : 1;
29927 : 0;
29928 : 1;
29929 : 1;
29930 : 0;
29931 : 1;
29932 : 1;
29933 : 1;
29934 : 0;
29935 : 0;
29936 : 0;
29937 : 0;
29938 : 1;
29939 : 0;
29940 : 0;
29941 : 1;
29942 : 1;
29943 : 0;
29944 : 0;
29945 : 0;
29946 : 0;
29947 : 0;
29948 : 1;
29949 : 1;
29950 : 0;
29951 : 0;
29952 : 1;
29953 : 1;
29954 : 1;
29955 : 1;
29956 : 1;
29957 : 1;
29958 : 0;
29959 : 0;
29960 : 1;
29961 : 0;
29962 : 0;
29963 : 0;
29964 : 1;
29965 : 0;
29966 : 1;
29967 : 1;
29968 : 0;
29969 : 0;
29970 : 0;
29971 : 1;
29972 : 0;
29973 : 1;
29974 : 0;
29975 : 0;
29976 : 0;
29977 : 0;
29978 : 1;
29979 : 0;
29980 : 1;
29981 : 1;
29982 : 0;
29983 : 0;
29984 : 1;
29985 : 1;
29986 : 1;
29987 : 1;
29988 : 0;
29989 : 0;
29990 : 0;
29991 : 0;
29992 : 0;
29993 : 0;
29994 : 0;
29995 : 0;
29996 : 1;
29997 : 1;
29998 : 0;
29999 : 1;
30000 : 1;
30001 : 0;
30002 : 0;
30003 : 1;
30004 : 1;
30005 : 0;
30006 : 1;
30007 : 1;
30008 : 0;
30009 : 0;
30010 : 1;
30011 : 1;
30012 : 0;
30013 : 0;
30014 : 1;
30015 : 0;
30016 : 1;
30017 : 1;
30018 : 1;
30019 : 0;
30020 : 1;
30021 : 1;
30022 : 1;
30023 : 1;
30024 : 0;
30025 : 0;
30026 : 1;
30027 : 0;
30028 : 1;
30029 : 0;
30030 : 1;
30031 : 0;
30032 : 0;
30033 : 0;
30034 : 1;
30035 : 1;
30036 : 0;
30037 : 1;
30038 : 0;
30039 : 0;
30040 : 0;
30041 : 0;
30042 : 1;
30043 : 0;
30044 : 1;
30045 : 1;
30046 : 1;
30047 : 1;
30048 : 0;
30049 : 1;
30050 : 0;
30051 : 1;
30052 : 1;
30053 : 0;
30054 : 1;
30055 : 0;
30056 : 0;
30057 : 0;
30058 : 0;
30059 : 0;
30060 : 0;
30061 : 0;
30062 : 1;
30063 : 0;
30064 : 0;
30065 : 1;
30066 : 0;
30067 : 1;
30068 : 0;
30069 : 1;
30070 : 1;
30071 : 1;
30072 : 0;
30073 : 0;
30074 : 0;
30075 : 0;
30076 : 0;
30077 : 1;
30078 : 1;
30079 : 0;
30080 : 1;
30081 : 1;
30082 : 0;
30083 : 0;
30084 : 1;
30085 : 1;
30086 : 1;
30087 : 0;
30088 : 1;
30089 : 0;
30090 : 0;
30091 : 1;
30092 : 0;
30093 : 0;
30094 : 0;
30095 : 0;
30096 : 0;
30097 : 0;
30098 : 0;
30099 : 0;
30100 : 1;
30101 : 0;
30102 : 0;
30103 : 0;
30104 : 0;
30105 : 1;
30106 : 0;
30107 : 1;
30108 : 0;
30109 : 0;
30110 : 0;
30111 : 0;
30112 : 1;
30113 : 1;
30114 : 1;
30115 : 0;
30116 : 1;
30117 : 1;
30118 : 0;
30119 : 1;
30120 : 0;
30121 : 0;
30122 : 0;
30123 : 1;
30124 : 0;
30125 : 1;
30126 : 1;
30127 : 0;
30128 : 0;
30129 : 1;
30130 : 0;
30131 : 1;
30132 : 0;
30133 : 1;
30134 : 1;
30135 : 0;
30136 : 1;
30137 : 0;
30138 : 1;
30139 : 0;
30140 : 0;
30141 : 0;
30142 : 0;
30143 : 1;
30144 : 0;
30145 : 1;
30146 : 0;
30147 : 0;
30148 : 0;
30149 : 0;
30150 : 1;
30151 : 1;
30152 : 0;
30153 : 0;
30154 : 0;
30155 : 0;
30156 : 0;
30157 : 1;
30158 : 0;
30159 : 1;
30160 : 0;
30161 : 0;
30162 : 1;
30163 : 0;
30164 : 1;
30165 : 0;
30166 : 0;
30167 : 1;
30168 : 0;
30169 : 0;
30170 : 0;
30171 : 1;
30172 : 0;
30173 : 1;
30174 : 0;
30175 : 1;
30176 : 0;
30177 : 1;
30178 : 0;
30179 : 1;
30180 : 1;
30181 : 1;
30182 : 1;
30183 : 0;
30184 : 0;
30185 : 1;
30186 : 1;
30187 : 1;
30188 : 1;
30189 : 0;
30190 : 1;
30191 : 1;
30192 : 0;
30193 : 1;
30194 : 0;
30195 : 0;
30196 : 1;
30197 : 0;
30198 : 1;
30199 : 1;
30200 : 0;
30201 : 1;
30202 : 1;
30203 : 0;
30204 : 1;
30205 : 1;
30206 : 1;
30207 : 1;
30208 : 1;
30209 : 1;
30210 : 0;
30211 : 0;
30212 : 1;
30213 : 0;
30214 : 1;
30215 : 0;
30216 : 1;
30217 : 0;
30218 : 1;
30219 : 0;
30220 : 0;
30221 : 0;
30222 : 0;
30223 : 1;
30224 : 1;
30225 : 0;
30226 : 1;
30227 : 0;
30228 : 1;
30229 : 1;
30230 : 1;
30231 : 0;
30232 : 1;
30233 : 0;
30234 : 1;
30235 : 1;
30236 : 0;
30237 : 1;
30238 : 0;
30239 : 0;
30240 : 0;
30241 : 0;
30242 : 1;
30243 : 0;
30244 : 0;
30245 : 0;
30246 : 0;
30247 : 1;
30248 : 1;
30249 : 1;
30250 : 1;
30251 : 1;
30252 : 0;
30253 : 0;
30254 : 1;
30255 : 0;
30256 : 0;
30257 : 0;
30258 : 1;
30259 : 1;
30260 : 1;
30261 : 1;
30262 : 0;
30263 : 1;
30264 : 0;
30265 : 1;
30266 : 1;
30267 : 0;
30268 : 0;
30269 : 1;
30270 : 1;
30271 : 1;
30272 : 1;
30273 : 1;
30274 : 0;
30275 : 1;
30276 : 0;
30277 : 1;
30278 : 1;
30279 : 0;
30280 : 0;
30281 : 1;
30282 : 0;
30283 : 0;
30284 : 1;
30285 : 0;
30286 : 0;
30287 : 0;
30288 : 0;
30289 : 1;
30290 : 1;
30291 : 1;
30292 : 1;
30293 : 0;
30294 : 0;
30295 : 0;
30296 : 1;
30297 : 1;
30298 : 1;
30299 : 1;
30300 : 1;
30301 : 0;
30302 : 0;
30303 : 1;
30304 : 1;
30305 : 0;
30306 : 1;
30307 : 0;
30308 : 1;
30309 : 1;
30310 : 1;
30311 : 0;
30312 : 0;
30313 : 0;
30314 : 1;
30315 : 1;
30316 : 0;
30317 : 0;
30318 : 0;
30319 : 1;
30320 : 0;
30321 : 1;
30322 : 0;
30323 : 0;
30324 : 0;
30325 : 1;
30326 : 1;
30327 : 0;
30328 : 0;
30329 : 1;
30330 : 0;
30331 : 1;
30332 : 0;
30333 : 0;
30334 : 0;
30335 : 0;
30336 : 0;
30337 : 0;
30338 : 1;
30339 : 1;
30340 : 1;
30341 : 1;
30342 : 1;
30343 : 1;
30344 : 0;
30345 : 1;
30346 : 1;
30347 : 1;
30348 : 0;
30349 : 1;
30350 : 0;
30351 : 1;
30352 : 0;
30353 : 1;
30354 : 0;
30355 : 1;
30356 : 0;
30357 : 0;
30358 : 0;
30359 : 1;
30360 : 1;
30361 : 0;
30362 : 1;
30363 : 0;
30364 : 1;
30365 : 1;
30366 : 0;
30367 : 0;
30368 : 0;
30369 : 0;
30370 : 0;
30371 : 0;
30372 : 0;
30373 : 0;
30374 : 1;
30375 : 1;
30376 : 1;
30377 : 0;
30378 : 0;
30379 : 1;
30380 : 0;
30381 : 0;
30382 : 1;
30383 : 1;
30384 : 1;
30385 : 1;
30386 : 0;
30387 : 0;
30388 : 1;
30389 : 1;
30390 : 1;
30391 : 1;
30392 : 0;
30393 : 0;
30394 : 1;
30395 : 1;
30396 : 1;
30397 : 1;
30398 : 0;
30399 : 0;
30400 : 0;
30401 : 1;
30402 : 0;
30403 : 1;
30404 : 0;
30405 : 1;
30406 : 0;
30407 : 1;
30408 : 1;
30409 : 1;
30410 : 1;
30411 : 0;
30412 : 1;
30413 : 1;
30414 : 0;
30415 : 0;
30416 : 0;
30417 : 0;
30418 : 1;
30419 : 1;
30420 : 0;
30421 : 0;
30422 : 1;
30423 : 1;
30424 : 1;
30425 : 0;
30426 : 1;
30427 : 1;
30428 : 0;
30429 : 0;
30430 : 0;
30431 : 0;
30432 : 0;
30433 : 0;
30434 : 1;
30435 : 1;
30436 : 0;
30437 : 0;
30438 : 0;
30439 : 1;
30440 : 1;
30441 : 1;
30442 : 0;
30443 : 1;
30444 : 1;
30445 : 1;
30446 : 1;
30447 : 1;
30448 : 1;
30449 : 1;
30450 : 0;
30451 : 1;
30452 : 0;
30453 : 1;
30454 : 1;
30455 : 1;
30456 : 1;
30457 : 1;
30458 : 1;
30459 : 0;
30460 : 0;
30461 : 1;
30462 : 0;
30463 : 1;
30464 : 0;
30465 : 1;
30466 : 0;
30467 : 0;
30468 : 0;
30469 : 1;
30470 : 1;
30471 : 1;
30472 : 1;
30473 : 0;
30474 : 1;
30475 : 0;
30476 : 0;
30477 : 1;
30478 : 0;
30479 : 1;
30480 : 1;
30481 : 1;
30482 : 1;
30483 : 0;
30484 : 1;
30485 : 1;
30486 : 1;
30487 : 1;
30488 : 0;
30489 : 0;
30490 : 1;
30491 : 0;
30492 : 0;
30493 : 0;
30494 : 0;
30495 : 1;
30496 : 1;
30497 : 1;
30498 : 0;
30499 : 0;
30500 : 1;
30501 : 1;
30502 : 1;
30503 : 1;
30504 : 1;
30505 : 0;
30506 : 0;
30507 : 1;
30508 : 0;
30509 : 0;
30510 : 0;
30511 : 1;
30512 : 0;
30513 : 0;
30514 : 1;
30515 : 1;
30516 : 1;
30517 : 1;
30518 : 0;
30519 : 0;
30520 : 1;
30521 : 0;
30522 : 1;
30523 : 0;
30524 : 1;
30525 : 0;
30526 : 1;
30527 : 0;
30528 : 1;
30529 : 0;
30530 : 0;
30531 : 0;
30532 : 1;
30533 : 1;
30534 : 1;
30535 : 1;
30536 : 1;
30537 : 0;
30538 : 0;
30539 : 1;
30540 : 1;
30541 : 0;
30542 : 1;
30543 : 1;
30544 : 1;
30545 : 0;
30546 : 0;
30547 : 0;
30548 : 0;
30549 : 0;
30550 : 0;
30551 : 1;
30552 : 1;
30553 : 1;
30554 : 1;
30555 : 1;
30556 : 0;
30557 : 1;
30558 : 0;
30559 : 0;
30560 : 1;
30561 : 1;
30562 : 1;
30563 : 1;
30564 : 1;
30565 : 0;
30566 : 1;
30567 : 0;
30568 : 1;
30569 : 0;
30570 : 1;
30571 : 1;
30572 : 0;
30573 : 1;
30574 : 0;
30575 : 1;
30576 : 0;
30577 : 0;
30578 : 0;
30579 : 1;
30580 : 1;
30581 : 0;
30582 : 0;
30583 : 1;
30584 : 1;
30585 : 1;
30586 : 1;
30587 : 0;
30588 : 1;
30589 : 0;
30590 : 1;
30591 : 0;
30592 : 1;
30593 : 0;
30594 : 0;
30595 : 0;
30596 : 1;
30597 : 1;
30598 : 0;
30599 : 1;
30600 : 1;
30601 : 1;
30602 : 1;
30603 : 1;
30604 : 1;
30605 : 1;
30606 : 1;
30607 : 1;
30608 : 1;
30609 : 0;
30610 : 0;
30611 : 0;
30612 : 1;
30613 : 0;
30614 : 0;
30615 : 1;
30616 : 1;
30617 : 0;
30618 : 1;
30619 : 1;
30620 : 1;
30621 : 0;
30622 : 1;
30623 : 1;
30624 : 1;
30625 : 1;
30626 : 0;
30627 : 0;
30628 : 0;
30629 : 0;
30630 : 0;
30631 : 0;
30632 : 1;
30633 : 1;
30634 : 1;
30635 : 1;
30636 : 1;
30637 : 0;
30638 : 0;
30639 : 0;
30640 : 1;
30641 : 1;
30642 : 1;
30643 : 0;
30644 : 1;
30645 : 1;
30646 : 1;
30647 : 1;
30648 : 1;
30649 : 0;
30650 : 1;
30651 : 1;
30652 : 0;
30653 : 1;
30654 : 0;
30655 : 0;
30656 : 1;
30657 : 0;
30658 : 0;
30659 : 0;
30660 : 0;
30661 : 0;
30662 : 0;
30663 : 1;
30664 : 0;
30665 : 0;
30666 : 0;
30667 : 0;
30668 : 1;
30669 : 1;
30670 : 1;
30671 : 0;
30672 : 1;
30673 : 0;
30674 : 0;
30675 : 0;
30676 : 0;
30677 : 0;
30678 : 1;
30679 : 0;
30680 : 1;
30681 : 0;
30682 : 0;
30683 : 1;
30684 : 1;
30685 : 1;
30686 : 0;
30687 : 1;
30688 : 0;
30689 : 1;
30690 : 1;
30691 : 0;
30692 : 0;
30693 : 1;
30694 : 1;
30695 : 0;
30696 : 0;
30697 : 0;
30698 : 1;
30699 : 1;
30700 : 0;
30701 : 1;
30702 : 1;
30703 : 0;
30704 : 1;
30705 : 0;
30706 : 1;
30707 : 0;
30708 : 1;
30709 : 0;
30710 : 1;
30711 : 0;
30712 : 1;
30713 : 0;
30714 : 0;
30715 : 1;
30716 : 0;
30717 : 0;
30718 : 0;
30719 : 0;
30720 : 1;
30721 : 1;
30722 : 1;
30723 : 0;
30724 : 0;
30725 : 1;
30726 : 0;
30727 : 1;
30728 : 0;
30729 : 1;
30730 : 0;
30731 : 0;
30732 : 1;
30733 : 1;
30734 : 1;
30735 : 1;
30736 : 0;
30737 : 1;
30738 : 0;
30739 : 0;
30740 : 0;
30741 : 0;
30742 : 1;
30743 : 0;
30744 : 1;
30745 : 1;
30746 : 1;
30747 : 0;
30748 : 0;
30749 : 1;
30750 : 0;
30751 : 1;
30752 : 0;
30753 : 1;
30754 : 0;
30755 : 0;
30756 : 1;
30757 : 1;
30758 : 1;
30759 : 0;
30760 : 0;
30761 : 0;
30762 : 1;
30763 : 1;
30764 : 0;
30765 : 1;
30766 : 0;
30767 : 1;
30768 : 1;
30769 : 1;
30770 : 0;
30771 : 0;
30772 : 1;
30773 : 1;
30774 : 1;
30775 : 0;
30776 : 0;
30777 : 0;
30778 : 0;
30779 : 1;
30780 : 1;
30781 : 1;
30782 : 0;
30783 : 1;
30784 : 0;
30785 : 0;
30786 : 1;
30787 : 0;
30788 : 0;
30789 : 1;
30790 : 1;
30791 : 0;
30792 : 1;
30793 : 0;
30794 : 1;
30795 : 0;
30796 : 0;
30797 : 1;
30798 : 1;
30799 : 0;
30800 : 1;
30801 : 1;
30802 : 1;
30803 : 0;
30804 : 0;
30805 : 1;
30806 : 0;
30807 : 1;
30808 : 1;
30809 : 1;
30810 : 0;
30811 : 1;
30812 : 0;
30813 : 0;
30814 : 1;
30815 : 0;
30816 : 1;
30817 : 0;
30818 : 1;
30819 : 1;
30820 : 1;
30821 : 1;
30822 : 0;
30823 : 0;
30824 : 0;
30825 : 1;
30826 : 0;
30827 : 1;
30828 : 1;
30829 : 1;
30830 : 1;
30831 : 1;
30832 : 1;
30833 : 0;
30834 : 1;
30835 : 0;
30836 : 1;
30837 : 1;
30838 : 0;
30839 : 1;
30840 : 0;
30841 : 1;
30842 : 1;
30843 : 0;
30844 : 1;
30845 : 1;
30846 : 1;
30847 : 0;
30848 : 0;
30849 : 1;
30850 : 1;
30851 : 0;
30852 : 0;
30853 : 0;
30854 : 0;
30855 : 1;
30856 : 1;
30857 : 0;
30858 : 0;
30859 : 0;
30860 : 1;
30861 : 1;
30862 : 0;
30863 : 0;
30864 : 0;
30865 : 0;
30866 : 0;
30867 : 0;
30868 : 1;
30869 : 1;
30870 : 0;
30871 : 1;
30872 : 0;
30873 : 1;
30874 : 1;
30875 : 1;
30876 : 1;
30877 : 1;
30878 : 1;
30879 : 0;
30880 : 1;
30881 : 1;
30882 : 0;
30883 : 1;
30884 : 1;
30885 : 1;
30886 : 1;
30887 : 1;
30888 : 0;
30889 : 1;
30890 : 1;
30891 : 1;
30892 : 1;
30893 : 0;
30894 : 0;
30895 : 0;
30896 : 0;
30897 : 0;
30898 : 0;
30899 : 0;
30900 : 1;
30901 : 0;
30902 : 1;
30903 : 1;
30904 : 0;
30905 : 0;
30906 : 1;
30907 : 0;
30908 : 0;
30909 : 1;
30910 : 0;
30911 : 0;
30912 : 1;
30913 : 1;
30914 : 0;
30915 : 1;
30916 : 1;
30917 : 0;
30918 : 0;
30919 : 0;
30920 : 1;
30921 : 0;
30922 : 0;
30923 : 1;
30924 : 1;
30925 : 0;
30926 : 1;
30927 : 0;
30928 : 1;
30929 : 1;
30930 : 0;
30931 : 1;
30932 : 0;
30933 : 0;
30934 : 1;
30935 : 1;
30936 : 1;
30937 : 1;
30938 : 0;
30939 : 0;
30940 : 0;
30941 : 0;
30942 : 0;
30943 : 1;
30944 : 0;
30945 : 1;
30946 : 1;
30947 : 1;
30948 : 1;
30949 : 1;
30950 : 0;
30951 : 1;
30952 : 1;
30953 : 0;
30954 : 1;
30955 : 0;
30956 : 0;
30957 : 0;
30958 : 1;
30959 : 0;
30960 : 1;
30961 : 0;
30962 : 1;
30963 : 1;
30964 : 0;
30965 : 1;
30966 : 0;
30967 : 0;
30968 : 1;
30969 : 1;
30970 : 0;
30971 : 1;
30972 : 0;
30973 : 1;
30974 : 0;
30975 : 1;
30976 : 1;
30977 : 1;
30978 : 1;
30979 : 1;
30980 : 1;
30981 : 0;
30982 : 1;
30983 : 0;
30984 : 0;
30985 : 0;
30986 : 1;
30987 : 0;
30988 : 1;
30989 : 0;
30990 : 0;
30991 : 1;
30992 : 0;
30993 : 0;
30994 : 0;
30995 : 0;
30996 : 0;
30997 : 0;
30998 : 0;
30999 : 0;
31000 : 0;
31001 : 1;
31002 : 1;
31003 : 1;
31004 : 1;
31005 : 0;
31006 : 0;
31007 : 1;
31008 : 0;
31009 : 0;
31010 : 0;
31011 : 0;
31012 : 1;
31013 : 1;
31014 : 0;
31015 : 1;
31016 : 0;
31017 : 1;
31018 : 1;
31019 : 1;
31020 : 0;
31021 : 1;
31022 : 0;
31023 : 1;
31024 : 1;
31025 : 1;
31026 : 1;
31027 : 1;
31028 : 0;
31029 : 1;
31030 : 1;
31031 : 0;
31032 : 0;
31033 : 0;
31034 : 1;
31035 : 0;
31036 : 0;
31037 : 0;
31038 : 0;
31039 : 0;
31040 : 1;
31041 : 0;
31042 : 1;
31043 : 0;
31044 : 0;
31045 : 0;
31046 : 1;
31047 : 1;
31048 : 0;
31049 : 1;
31050 : 1;
31051 : 1;
31052 : 1;
31053 : 1;
31054 : 0;
31055 : 1;
31056 : 0;
31057 : 0;
31058 : 1;
31059 : 0;
31060 : 0;
31061 : 1;
31062 : 1;
31063 : 1;
31064 : 1;
31065 : 0;
31066 : 1;
31067 : 0;
31068 : 1;
31069 : 1;
31070 : 1;
31071 : 1;
31072 : 1;
31073 : 1;
31074 : 0;
31075 : 0;
31076 : 1;
31077 : 1;
31078 : 1;
31079 : 1;
31080 : 0;
31081 : 1;
31082 : 0;
31083 : 1;
31084 : 0;
31085 : 0;
31086 : 1;
31087 : 1;
31088 : 1;
31089 : 1;
31090 : 1;
31091 : 0;
31092 : 0;
31093 : 1;
31094 : 1;
31095 : 0;
31096 : 1;
31097 : 0;
31098 : 0;
31099 : 1;
31100 : 0;
31101 : 0;
31102 : 1;
31103 : 0;
31104 : 0;
31105 : 0;
31106 : 0;
31107 : 0;
31108 : 1;
31109 : 1;
31110 : 1;
31111 : 0;
31112 : 0;
31113 : 0;
31114 : 1;
31115 : 1;
31116 : 1;
31117 : 1;
31118 : 0;
31119 : 0;
31120 : 1;
31121 : 1;
31122 : 0;
31123 : 0;
31124 : 0;
31125 : 0;
31126 : 0;
31127 : 1;
31128 : 1;
31129 : 0;
31130 : 1;
31131 : 0;
31132 : 1;
31133 : 0;
31134 : 0;
31135 : 1;
31136 : 0;
31137 : 0;
31138 : 1;
31139 : 1;
31140 : 1;
31141 : 1;
31142 : 1;
31143 : 1;
31144 : 1;
31145 : 1;
31146 : 1;
31147 : 1;
31148 : 0;
31149 : 1;
31150 : 1;
31151 : 0;
31152 : 1;
31153 : 1;
31154 : 0;
31155 : 0;
31156 : 1;
31157 : 0;
31158 : 0;
31159 : 0;
31160 : 0;
31161 : 1;
31162 : 0;
31163 : 0;
31164 : 1;
31165 : 0;
31166 : 1;
31167 : 1;
31168 : 0;
31169 : 0;
31170 : 0;
31171 : 1;
31172 : 0;
31173 : 0;
31174 : 0;
31175 : 1;
31176 : 0;
31177 : 1;
31178 : 1;
31179 : 1;
31180 : 0;
31181 : 0;
31182 : 0;
31183 : 0;
31184 : 1;
31185 : 1;
31186 : 1;
31187 : 0;
31188 : 0;
31189 : 1;
31190 : 1;
31191 : 0;
31192 : 0;
31193 : 1;
31194 : 0;
31195 : 0;
31196 : 1;
31197 : 1;
31198 : 1;
31199 : 0;
31200 : 1;
31201 : 0;
31202 : 0;
31203 : 1;
31204 : 1;
31205 : 0;
31206 : 0;
31207 : 0;
31208 : 1;
31209 : 1;
31210 : 0;
31211 : 0;
31212 : 1;
31213 : 1;
31214 : 1;
31215 : 0;
31216 : 0;
31217 : 0;
31218 : 1;
31219 : 0;
31220 : 1;
31221 : 0;
31222 : 0;
31223 : 0;
31224 : 1;
31225 : 1;
31226 : 1;
31227 : 1;
31228 : 1;
31229 : 1;
31230 : 0;
31231 : 1;
31232 : 1;
31233 : 1;
31234 : 1;
31235 : 1;
31236 : 0;
31237 : 1;
31238 : 0;
31239 : 1;
31240 : 1;
31241 : 1;
31242 : 0;
31243 : 0;
31244 : 0;
31245 : 1;
31246 : 1;
31247 : 0;
31248 : 0;
31249 : 0;
31250 : 1;
31251 : 0;
31252 : 1;
31253 : 1;
31254 : 0;
31255 : 1;
31256 : 1;
31257 : 0;
31258 : 1;
31259 : 1;
31260 : 1;
31261 : 0;
31262 : 0;
31263 : 0;
31264 : 1;
31265 : 1;
31266 : 1;
31267 : 1;
31268 : 0;
31269 : 1;
31270 : 0;
31271 : 0;
31272 : 1;
31273 : 1;
31274 : 0;
31275 : 0;
31276 : 0;
31277 : 1;
31278 : 1;
31279 : 1;
31280 : 1;
31281 : 1;
31282 : 0;
31283 : 0;
31284 : 1;
31285 : 0;
31286 : 1;
31287 : 1;
31288 : 1;
31289 : 0;
31290 : 1;
31291 : 0;
31292 : 0;
31293 : 1;
31294 : 0;
31295 : 0;
31296 : 0;
31297 : 1;
31298 : 0;
31299 : 1;
31300 : 1;
31301 : 0;
31302 : 0;
31303 : 0;
31304 : 1;
31305 : 0;
31306 : 1;
31307 : 1;
31308 : 1;
31309 : 0;
31310 : 1;
31311 : 1;
31312 : 0;
31313 : 0;
31314 : 1;
31315 : 1;
31316 : 1;
31317 : 0;
31318 : 1;
31319 : 1;
31320 : 0;
31321 : 1;
31322 : 0;
31323 : 1;
31324 : 1;
31325 : 0;
31326 : 0;
31327 : 1;
31328 : 1;
31329 : 0;
31330 : 1;
31331 : 1;
31332 : 0;
31333 : 0;
31334 : 1;
31335 : 0;
31336 : 1;
31337 : 1;
31338 : 1;
31339 : 1;
31340 : 1;
31341 : 1;
31342 : 0;
31343 : 1;
31344 : 0;
31345 : 1;
31346 : 1;
31347 : 0;
31348 : 0;
31349 : 0;
31350 : 1;
31351 : 0;
31352 : 0;
31353 : 1;
31354 : 1;
31355 : 1;
31356 : 0;
31357 : 0;
31358 : 1;
31359 : 1;
31360 : 0;
31361 : 0;
31362 : 1;
31363 : 0;
31364 : 1;
31365 : 1;
31366 : 1;
31367 : 1;
31368 : 0;
31369 : 1;
31370 : 1;
31371 : 0;
31372 : 1;
31373 : 1;
31374 : 0;
31375 : 0;
31376 : 0;
31377 : 1;
31378 : 0;
31379 : 0;
31380 : 0;
31381 : 0;
31382 : 0;
31383 : 0;
31384 : 0;
31385 : 1;
31386 : 1;
31387 : 1;
31388 : 1;
31389 : 0;
31390 : 0;
31391 : 1;
31392 : 1;
31393 : 1;
31394 : 0;
31395 : 1;
31396 : 0;
31397 : 0;
31398 : 0;
31399 : 0;
31400 : 0;
31401 : 0;
31402 : 0;
31403 : 0;
31404 : 0;
31405 : 1;
31406 : 0;
31407 : 0;
31408 : 0;
31409 : 0;
31410 : 1;
31411 : 0;
31412 : 1;
31413 : 1;
31414 : 0;
31415 : 1;
31416 : 1;
31417 : 0;
31418 : 1;
31419 : 0;
31420 : 1;
31421 : 0;
31422 : 1;
31423 : 0;
31424 : 0;
31425 : 0;
31426 : 1;
31427 : 0;
31428 : 0;
31429 : 1;
31430 : 1;
31431 : 0;
31432 : 0;
31433 : 1;
31434 : 1;
31435 : 0;
31436 : 0;
31437 : 1;
31438 : 1;
31439 : 1;
31440 : 0;
31441 : 0;
31442 : 0;
31443 : 1;
31444 : 1;
31445 : 1;
31446 : 0;
31447 : 1;
31448 : 0;
31449 : 0;
31450 : 0;
31451 : 0;
31452 : 0;
31453 : 0;
31454 : 1;
31455 : 0;
31456 : 0;
31457 : 1;
31458 : 1;
31459 : 0;
31460 : 0;
31461 : 0;
31462 : 0;
31463 : 1;
31464 : 0;
31465 : 1;
31466 : 0;
31467 : 0;
31468 : 0;
31469 : 1;
31470 : 0;
31471 : 0;
31472 : 1;
31473 : 1;
31474 : 1;
31475 : 0;
31476 : 0;
31477 : 0;
31478 : 0;
31479 : 0;
31480 : 0;
31481 : 1;
31482 : 0;
31483 : 0;
31484 : 0;
31485 : 1;
31486 : 1;
31487 : 0;
31488 : 1;
31489 : 1;
31490 : 0;
31491 : 0;
31492 : 0;
31493 : 0;
31494 : 1;
31495 : 0;
31496 : 1;
31497 : 1;
31498 : 1;
31499 : 0;
31500 : 1;
31501 : 1;
31502 : 0;
31503 : 1;
31504 : 0;
31505 : 1;
31506 : 0;
31507 : 0;
31508 : 1;
31509 : 1;
31510 : 1;
31511 : 1;
31512 : 0;
31513 : 1;
31514 : 1;
31515 : 0;
31516 : 0;
31517 : 0;
31518 : 0;
31519 : 0;
31520 : 1;
31521 : 1;
31522 : 0;
31523 : 1;
31524 : 1;
31525 : 1;
31526 : 0;
31527 : 0;
31528 : 1;
31529 : 0;
31530 : 1;
31531 : 0;
31532 : 1;
31533 : 0;
31534 : 1;
31535 : 0;
31536 : 0;
31537 : 0;
31538 : 0;
31539 : 1;
31540 : 0;
31541 : 1;
31542 : 1;
31543 : 1;
31544 : 1;
31545 : 1;
31546 : 0;
31547 : 0;
31548 : 0;
31549 : 1;
31550 : 0;
31551 : 1;
31552 : 0;
31553 : 0;
31554 : 1;
31555 : 0;
31556 : 1;
31557 : 1;
31558 : 1;
31559 : 0;
31560 : 1;
31561 : 1;
31562 : 1;
31563 : 1;
31564 : 0;
31565 : 0;
31566 : 0;
31567 : 0;
31568 : 0;
31569 : 0;
31570 : 1;
31571 : 1;
31572 : 0;
31573 : 0;
31574 : 0;
31575 : 1;
31576 : 1;
31577 : 0;
31578 : 1;
31579 : 0;
31580 : 1;
31581 : 1;
31582 : 0;
31583 : 0;
31584 : 1;
31585 : 1;
31586 : 1;
31587 : 1;
31588 : 1;
31589 : 0;
31590 : 0;
31591 : 0;
31592 : 0;
31593 : 1;
31594 : 0;
31595 : 1;
31596 : 1;
31597 : 0;
31598 : 1;
31599 : 1;
31600 : 1;
31601 : 1;
31602 : 1;
31603 : 0;
31604 : 0;
31605 : 0;
31606 : 0;
31607 : 1;
31608 : 0;
31609 : 0;
31610 : 0;
31611 : 1;
31612 : 0;
31613 : 0;
31614 : 1;
31615 : 0;
31616 : 1;
31617 : 1;
31618 : 0;
31619 : 0;
31620 : 1;
31621 : 1;
31622 : 1;
31623 : 0;
31624 : 0;
31625 : 0;
31626 : 0;
31627 : 0;
31628 : 0;
31629 : 0;
31630 : 1;
31631 : 0;
31632 : 0;
31633 : 1;
31634 : 0;
31635 : 0;
31636 : 1;
31637 : 0;
31638 : 1;
31639 : 0;
31640 : 0;
31641 : 1;
31642 : 1;
31643 : 0;
31644 : 1;
31645 : 0;
31646 : 0;
31647 : 0;
31648 : 1;
31649 : 1;
31650 : 1;
31651 : 0;
31652 : 1;
31653 : 1;
31654 : 0;
31655 : 0;
31656 : 1;
31657 : 0;
31658 : 1;
31659 : 0;
31660 : 0;
31661 : 1;
31662 : 0;
31663 : 0;
31664 : 0;
31665 : 1;
31666 : 0;
31667 : 0;
31668 : 0;
31669 : 1;
31670 : 1;
31671 : 1;
31672 : 1;
31673 : 1;
31674 : 0;
31675 : 1;
31676 : 0;
31677 : 1;
31678 : 1;
31679 : 1;
31680 : 1;
31681 : 1;
31682 : 1;
31683 : 1;
31684 : 0;
31685 : 1;
31686 : 0;
31687 : 1;
31688 : 0;
31689 : 1;
31690 : 0;
31691 : 1;
31692 : 0;
31693 : 0;
31694 : 0;
31695 : 0;
31696 : 1;
31697 : 1;
31698 : 0;
31699 : 0;
31700 : 0;
31701 : 1;
31702 : 0;
31703 : 0;
31704 : 0;
31705 : 0;
31706 : 0;
31707 : 0;
31708 : 0;
31709 : 1;
31710 : 1;
31711 : 0;
31712 : 1;
31713 : 1;
31714 : 1;
31715 : 0;
31716 : 1;
31717 : 0;
31718 : 1;
31719 : 0;
31720 : 0;
31721 : 0;
31722 : 1;
31723 : 0;
31724 : 1;
31725 : 0;
31726 : 1;
31727 : 1;
31728 : 0;
31729 : 0;
31730 : 0;
31731 : 1;
31732 : 0;
31733 : 0;
31734 : 0;
31735 : 1;
31736 : 1;
31737 : 1;
31738 : 0;
31739 : 0;
31740 : 1;
31741 : 0;
31742 : 0;
31743 : 0;
31744 : 1;
31745 : 1;
31746 : 1;
31747 : 1;
31748 : 0;
31749 : 0;
31750 : 1;
31751 : 0;
31752 : 1;
31753 : 0;
31754 : 0;
31755 : 0;
31756 : 0;
31757 : 0;
31758 : 1;
31759 : 1;
31760 : 0;
31761 : 0;
31762 : 1;
31763 : 1;
31764 : 1;
31765 : 0;
31766 : 1;
31767 : 1;
31768 : 0;
31769 : 0;
31770 : 0;
31771 : 1;
31772 : 1;
31773 : 0;
31774 : 0;
31775 : 1;
31776 : 0;
31777 : 1;
31778 : 0;
31779 : 0;
31780 : 0;
31781 : 0;
31782 : 0;
31783 : 1;
31784 : 0;
31785 : 0;
31786 : 1;
31787 : 0;
31788 : 0;
31789 : 1;
31790 : 0;
31791 : 0;
31792 : 1;
31793 : 0;
31794 : 1;
31795 : 0;
31796 : 0;
31797 : 0;
31798 : 0;
31799 : 0;
31800 : 0;
31801 : 1;
31802 : 1;
31803 : 1;
31804 : 0;
31805 : 0;
31806 : 0;
31807 : 0;
31808 : 1;
31809 : 0;
31810 : 0;
31811 : 0;
31812 : 1;
31813 : 1;
31814 : 1;
31815 : 1;
31816 : 0;
31817 : 1;
31818 : 0;
31819 : 1;
31820 : 0;
31821 : 1;
31822 : 0;
31823 : 0;
31824 : 1;
31825 : 0;
31826 : 0;
31827 : 0;
31828 : 1;
31829 : 1;
31830 : 0;
31831 : 0;
31832 : 1;
31833 : 1;
31834 : 0;
31835 : 1;
31836 : 0;
31837 : 0;
31838 : 0;
31839 : 1;
31840 : 1;
31841 : 1;
31842 : 0;
31843 : 0;
31844 : 0;
31845 : 0;
31846 : 1;
31847 : 1;
31848 : 1;
31849 : 0;
31850 : 1;
31851 : 1;
31852 : 1;
31853 : 0;
31854 : 1;
31855 : 0;
31856 : 0;
31857 : 0;
31858 : 0;
31859 : 0;
31860 : 1;
31861 : 0;
31862 : 0;
31863 : 0;
31864 : 0;
31865 : 0;
31866 : 0;
31867 : 1;
31868 : 0;
31869 : 1;
31870 : 0;
31871 : 0;
31872 : 1;
31873 : 1;
31874 : 1;
31875 : 0;
31876 : 0;
31877 : 0;
31878 : 1;
31879 : 0;
31880 : 0;
31881 : 1;
31882 : 1;
31883 : 0;
31884 : 0;
31885 : 1;
31886 : 1;
31887 : 0;
31888 : 1;
31889 : 0;
31890 : 1;
31891 : 1;
31892 : 1;
31893 : 0;
31894 : 0;
31895 : 1;
31896 : 0;
31897 : 1;
31898 : 1;
31899 : 0;
31900 : 1;
31901 : 0;
31902 : 1;
31903 : 0;
31904 : 0;
31905 : 0;
31906 : 1;
31907 : 1;
31908 : 0;
31909 : 0;
31910 : 0;
31911 : 1;
31912 : 0;
31913 : 0;
31914 : 1;
31915 : 1;
31916 : 1;
31917 : 0;
31918 : 1;
31919 : 1;
31920 : 0;
31921 : 1;
31922 : 0;
31923 : 0;
31924 : 1;
31925 : 1;
31926 : 0;
31927 : 1;
31928 : 0;
31929 : 1;
31930 : 0;
31931 : 1;
31932 : 1;
31933 : 0;
31934 : 0;
31935 : 1;
31936 : 0;
31937 : 0;
31938 : 1;
31939 : 1;
31940 : 0;
31941 : 1;
31942 : 0;
31943 : 1;
31944 : 1;
31945 : 0;
31946 : 1;
31947 : 0;
31948 : 0;
31949 : 1;
31950 : 1;
31951 : 0;
31952 : 0;
31953 : 1;
31954 : 1;
31955 : 1;
31956 : 0;
31957 : 0;
31958 : 0;
31959 : 0;
31960 : 0;
31961 : 0;
31962 : 0;
31963 : 1;
31964 : 1;
31965 : 0;
31966 : 0;
31967 : 1;
31968 : 1;
31969 : 1;
31970 : 1;
31971 : 0;
31972 : 1;
31973 : 0;
31974 : 1;
31975 : 0;
31976 : 0;
31977 : 0;
31978 : 0;
31979 : 1;
31980 : 1;
31981 : 1;
31982 : 0;
31983 : 1;
31984 : 1;
31985 : 1;
31986 : 1;
31987 : 1;
31988 : 1;
31989 : 1;
31990 : 0;
31991 : 1;
31992 : 1;
31993 : 0;
31994 : 1;
31995 : 1;
31996 : 1;
31997 : 0;
31998 : 0;
31999 : 1;
32000 : 0;
32001 : 1;
32002 : 1;
32003 : 1;
32004 : 1;
32005 : 0;
32006 : 0;
32007 : 1;
32008 : 0;
32009 : 1;
32010 : 1;
32011 : 1;
32012 : 1;
32013 : 0;
32014 : 0;
32015 : 0;
32016 : 0;
32017 : 0;
32018 : 0;
32019 : 0;
32020 : 1;
32021 : 0;
32022 : 1;
32023 : 0;
32024 : 0;
32025 : 1;
32026 : 0;
32027 : 1;
32028 : 0;
32029 : 0;
32030 : 1;
32031 : 1;
32032 : 1;
32033 : 1;
32034 : 1;
32035 : 1;
32036 : 0;
32037 : 0;
32038 : 1;
32039 : 1;
32040 : 1;
32041 : 1;
32042 : 0;
32043 : 0;
32044 : 1;
32045 : 0;
32046 : 0;
32047 : 1;
32048 : 1;
32049 : 1;
32050 : 0;
32051 : 0;
32052 : 0;
32053 : 0;
32054 : 0;
32055 : 0;
32056 : 1;
32057 : 0;
32058 : 1;
32059 : 0;
32060 : 1;
32061 : 0;
32062 : 0;
32063 : 1;
32064 : 1;
32065 : 0;
32066 : 0;
32067 : 0;
32068 : 0;
32069 : 1;
32070 : 0;
32071 : 1;
32072 : 0;
32073 : 1;
32074 : 0;
32075 : 1;
32076 : 0;
32077 : 1;
32078 : 1;
32079 : 0;
32080 : 1;
32081 : 0;
32082 : 1;
32083 : 0;
32084 : 1;
32085 : 1;
32086 : 1;
32087 : 0;
32088 : 0;
32089 : 1;
32090 : 1;
32091 : 0;
32092 : 1;
32093 : 1;
32094 : 1;
32095 : 1;
32096 : 1;
32097 : 0;
32098 : 0;
32099 : 0;
32100 : 0;
32101 : 1;
32102 : 0;
32103 : 1;
32104 : 1;
32105 : 1;
32106 : 1;
32107 : 1;
32108 : 1;
32109 : 0;
32110 : 1;
32111 : 1;
32112 : 0;
32113 : 0;
32114 : 1;
32115 : 1;
32116 : 1;
32117 : 1;
32118 : 1;
32119 : 0;
32120 : 0;
32121 : 1;
32122 : 0;
32123 : 1;
32124 : 1;
32125 : 0;
32126 : 0;
32127 : 0;
32128 : 0;
32129 : 1;
32130 : 1;
32131 : 0;
32132 : 1;
32133 : 1;
32134 : 1;
32135 : 0;
32136 : 0;
32137 : 1;
32138 : 1;
32139 : 0;
32140 : 1;
32141 : 0;
32142 : 1;
32143 : 0;
32144 : 1;
32145 : 0;
32146 : 1;
32147 : 0;
32148 : 0;
32149 : 1;
32150 : 0;
32151 : 1;
32152 : 0;
32153 : 1;
32154 : 0;
32155 : 1;
32156 : 0;
32157 : 1;
32158 : 0;
32159 : 1;
32160 : 1;
32161 : 1;
32162 : 0;
32163 : 1;
32164 : 0;
32165 : 1;
32166 : 1;
32167 : 0;
32168 : 1;
32169 : 0;
32170 : 0;
32171 : 0;
32172 : 0;
32173 : 1;
32174 : 1;
32175 : 0;
32176 : 1;
32177 : 0;
32178 : 0;
32179 : 0;
32180 : 0;
32181 : 1;
32182 : 1;
32183 : 1;
32184 : 0;
32185 : 0;
32186 : 1;
32187 : 1;
32188 : 1;
32189 : 1;
32190 : 1;
32191 : 0;
32192 : 0;
32193 : 0;
32194 : 1;
32195 : 1;
32196 : 1;
32197 : 0;
32198 : 0;
32199 : 0;
32200 : 0;
32201 : 1;
32202 : 0;
32203 : 0;
32204 : 1;
32205 : 0;
32206 : 1;
32207 : 0;
32208 : 0;
32209 : 0;
32210 : 0;
32211 : 0;
32212 : 0;
32213 : 0;
32214 : 0;
32215 : 1;
32216 : 1;
32217 : 1;
32218 : 1;
32219 : 0;
32220 : 0;
32221 : 0;
32222 : 1;
32223 : 1;
32224 : 0;
32225 : 1;
32226 : 1;
32227 : 1;
32228 : 1;
32229 : 0;
32230 : 1;
32231 : 1;
32232 : 1;
32233 : 0;
32234 : 0;
32235 : 1;
32236 : 0;
32237 : 1;
32238 : 0;
32239 : 0;
32240 : 1;
32241 : 0;
32242 : 0;
32243 : 1;
32244 : 1;
32245 : 0;
32246 : 0;
32247 : 1;
32248 : 0;
32249 : 0;
32250 : 1;
32251 : 1;
32252 : 0;
32253 : 1;
32254 : 0;
32255 : 0;
32256 : 1;
32257 : 1;
32258 : 1;
32259 : 0;
32260 : 1;
32261 : 0;
32262 : 1;
32263 : 0;
32264 : 0;
32265 : 1;
32266 : 1;
32267 : 1;
32268 : 0;
32269 : 1;
32270 : 0;
32271 : 1;
32272 : 1;
32273 : 1;
32274 : 1;
32275 : 0;
32276 : 1;
32277 : 1;
32278 : 0;
32279 : 0;
32280 : 0;
32281 : 0;
32282 : 1;
32283 : 1;
32284 : 1;
32285 : 1;
32286 : 1;
32287 : 0;
32288 : 1;
32289 : 0;
32290 : 0;
32291 : 1;
32292 : 1;
32293 : 1;
32294 : 1;
32295 : 0;
32296 : 0;
32297 : 1;
32298 : 0;
32299 : 1;
32300 : 1;
32301 : 1;
32302 : 0;
32303 : 1;
32304 : 0;
32305 : 0;
32306 : 1;
32307 : 1;
32308 : 0;
32309 : 0;
32310 : 0;
32311 : 0;
32312 : 1;
32313 : 1;
32314 : 0;
32315 : 0;
32316 : 0;
32317 : 1;
32318 : 0;
32319 : 1;
32320 : 1;
32321 : 0;
32322 : 0;
32323 : 1;
32324 : 1;
32325 : 1;
32326 : 1;
32327 : 1;
32328 : 1;
32329 : 1;
32330 : 0;
32331 : 0;
32332 : 0;
32333 : 0;
32334 : 1;
32335 : 0;
32336 : 1;
32337 : 0;
32338 : 0;
32339 : 1;
32340 : 1;
32341 : 0;
32342 : 1;
32343 : 0;
32344 : 1;
32345 : 0;
32346 : 0;
32347 : 0;
32348 : 1;
32349 : 0;
32350 : 0;
32351 : 1;
32352 : 1;
32353 : 0;
32354 : 1;
32355 : 1;
32356 : 1;
32357 : 1;
32358 : 0;
32359 : 0;
32360 : 1;
32361 : 0;
32362 : 0;
32363 : 1;
32364 : 1;
32365 : 0;
32366 : 1;
32367 : 1;
32368 : 0;
32369 : 1;
32370 : 1;
32371 : 1;
32372 : 0;
32373 : 0;
32374 : 0;
32375 : 0;
32376 : 0;
32377 : 1;
32378 : 1;
32379 : 0;
32380 : 0;
32381 : 0;
32382 : 1;
32383 : 0;
32384 : 1;
32385 : 0;
32386 : 1;
32387 : 0;
32388 : 0;
32389 : 1;
32390 : 1;
32391 : 1;
32392 : 0;
32393 : 1;
32394 : 1;
32395 : 0;
32396 : 0;
32397 : 0;
32398 : 0;
32399 : 0;
32400 : 1;
32401 : 1;
32402 : 0;
32403 : 0;
32404 : 1;
32405 : 0;
32406 : 0;
32407 : 0;
32408 : 1;
32409 : 0;
32410 : 0;
32411 : 1;
32412 : 0;
32413 : 0;
32414 : 1;
32415 : 1;
32416 : 0;
32417 : 0;
32418 : 1;
32419 : 1;
32420 : 1;
32421 : 0;
32422 : 0;
32423 : 1;
32424 : 1;
32425 : 1;
32426 : 0;
32427 : 0;
32428 : 1;
32429 : 1;
32430 : 1;
32431 : 1;
32432 : 1;
32433 : 1;
32434 : 0;
32435 : 1;
32436 : 1;
32437 : 1;
32438 : 0;
32439 : 0;
32440 : 1;
32441 : 1;
32442 : 1;
32443 : 0;
32444 : 0;
32445 : 0;
32446 : 0;
32447 : 1;
32448 : 0;
32449 : 0;
32450 : 0;
32451 : 1;
32452 : 1;
32453 : 1;
32454 : 1;
32455 : 1;
32456 : 1;
32457 : 0;
32458 : 1;
32459 : 0;
32460 : 0;
32461 : 0;
32462 : 1;
32463 : 0;
32464 : 1;
32465 : 0;
32466 : 0;
32467 : 0;
32468 : 1;
32469 : 0;
32470 : 1;
32471 : 0;
32472 : 0;
32473 : 1;
32474 : 0;
32475 : 1;
32476 : 1;
32477 : 0;
32478 : 1;
32479 : 1;
32480 : 0;
32481 : 1;
32482 : 0;
32483 : 0;
32484 : 1;
32485 : 0;
32486 : 0;
32487 : 1;
32488 : 0;
32489 : 0;
32490 : 0;
32491 : 0;
32492 : 1;
32493 : 0;
32494 : 0;
32495 : 1;
32496 : 0;
32497 : 1;
32498 : 1;
32499 : 1;
32500 : 1;
32501 : 0;
32502 : 1;
32503 : 1;
32504 : 1;
32505 : 0;
32506 : 0;
32507 : 1;
32508 : 0;
32509 : 1;
32510 : 1;
32511 : 1;
32512 : 0;
32513 : 0;
32514 : 0;
32515 : 0;
32516 : 0;
32517 : 0;
32518 : 0;
32519 : 0;
32520 : 0;
32521 : 1;
32522 : 0;
32523 : 0;
32524 : 1;
32525 : 0;
32526 : 0;
32527 : 1;
32528 : 0;
32529 : 0;
32530 : 0;
32531 : 1;
32532 : 1;
32533 : 1;
32534 : 1;
32535 : 1;
32536 : 0;
32537 : 1;
32538 : 0;
32539 : 0;
32540 : 0;
32541 : 0;
32542 : 0;
32543 : 0;
32544 : 0;
32545 : 1;
32546 : 0;
32547 : 1;
32548 : 0;
32549 : 1;
32550 : 0;
32551 : 1;
32552 : 0;
32553 : 0;
32554 : 1;
32555 : 1;
32556 : 0;
32557 : 1;
32558 : 1;
32559 : 1;
32560 : 1;
32561 : 0;
32562 : 0;
32563 : 0;
32564 : 0;
32565 : 0;
32566 : 1;
32567 : 0;
32568 : 0;
32569 : 1;
32570 : 1;
32571 : 1;
32572 : 0;
32573 : 0;
32574 : 1;
32575 : 0;
32576 : 1;
32577 : 1;
32578 : 1;
32579 : 1;
32580 : 1;
32581 : 1;
32582 : 1;
32583 : 0;
32584 : 0;
32585 : 1;
32586 : 0;
32587 : 0;
32588 : 0;
32589 : 1;
32590 : 0;
32591 : 1;
32592 : 1;
32593 : 1;
32594 : 1;
32595 : 0;
32596 : 1;
32597 : 0;
32598 : 0;
32599 : 1;
32600 : 1;
32601 : 0;
32602 : 0;
32603 : 0;
32604 : 0;
32605 : 0;
32606 : 0;
32607 : 0;
32608 : 1;
32609 : 1;
32610 : 1;
32611 : 1;
32612 : 1;
32613 : 0;
32614 : 0;
32615 : 1;
32616 : 0;
32617 : 0;
32618 : 1;
32619 : 0;
32620 : 1;
32621 : 1;
32622 : 0;
32623 : 0;
32624 : 1;
32625 : 0;
32626 : 0;
32627 : 1;
32628 : 1;
32629 : 1;
32630 : 0;
32631 : 1;
32632 : 0;
32633 : 1;
32634 : 1;
32635 : 0;
32636 : 1;
32637 : 1;
32638 : 1;
32639 : 0;
32640 : 1;
32641 : 1;
32642 : 1;
32643 : 0;
32644 : 1;
32645 : 1;
32646 : 1;
32647 : 1;
32648 : 1;
32649 : 1;
32650 : 1;
32651 : 1;
32652 : 1;
32653 : 1;
32654 : 0;
32655 : 0;
32656 : 1;
32657 : 0;
32658 : 1;
32659 : 0;
32660 : 1;
32661 : 0;
32662 : 1;
32663 : 1;
32664 : 1;
32665 : 0;
32666 : 0;
32667 : 0;
32668 : 0;
32669 : 0;
32670 : 0;
32671 : 1;
32672 : 0;
32673 : 1;
32674 : 1;
32675 : 1;
32676 : 1;
32677 : 0;
32678 : 1;
32679 : 0;
32680 : 1;
32681 : 0;
32682 : 0;
32683 : 0;
32684 : 1;
32685 : 0;
32686 : 1;
32687 : 0;
32688 : 0;
32689 : 0;
32690 : 0;
32691 : 1;
32692 : 0;
32693 : 0;
32694 : 1;
32695 : 1;
32696 : 1;
32697 : 1;
32698 : 1;
32699 : 0;
32700 : 0;
32701 : 1;
32702 : 1;
32703 : 0;
32704 : 0;
32705 : 1;
32706 : 0;
32707 : 0;
32708 : 1;
32709 : 1;
32710 : 1;
32711 : 1;
32712 : 0;
32713 : 1;
32714 : 1;
32715 : 1;
32716 : 1;
32717 : 1;
32718 : 1;
32719 : 1;
32720 : 1;
32721 : 1;
32722 : 1;
32723 : 0;
32724 : 0;
32725 : 1;
32726 : 1;
32727 : 1;
32728 : 0;
32729 : 1;
32730 : 0;
32731 : 0;
32732 : 1;
32733 : 0;
32734 : 1;
32735 : 1;
32736 : 0;
32737 : 0;
32738 : 1;
32739 : 0;
32740 : 1;
32741 : 1;
32742 : 0;
32743 : 0;
32744 : 0;
32745 : 0;
32746 : 1;
32747 : 0;
32748 : 0;
32749 : 1;
32750 : 0;
32751 : 1;
32752 : 1;
32753 : 1;
32754 : 0;
32755 : 0;
32756 : 1;
32757 : 1;
32758 : 0;
32759 : 0;
32760 : 0;
32761 : 1;
32762 : 1;
32763 : 0;
32764 : 0;
32765 : 1;
32766 : 0;
32767 : 0;
END;
